customer_id,customer_name,customer_email,customer_join_date,product_id,product_name,product_category,product_price,order_id,order_date,order_quantity,order_total
00b4dd52-2e04-4d58-80bd-fdb8e0b63c6e,Jason Brown,daniellewilson@example.net,2020-07-08 04:57:44,42f5a305-f9ba-4daa-bf84-66ff487404f9,External Hard Drive,Peripherals,128,a92b0353-a064-491f-87a4-22fa5484f840,2024-08-27 16:51:18,3,384
6c437811-1a00-4207-a55a-cb6f93076323,David Sandoval,kgriffin@example.com,2020-03-19 09:37:53,5d925294-5b72-484e-a0d7-b2127ade8b60,Monitor,Audio,335,61eff311-c912-4a25-8d3d-bae32e0d9c09,2023-12-09 21:32:11,2,670
8b9e7b50-c3a4-4285-8d52-f02797be769f,Maria Galloway,annahamilton@example.org,2024-03-15 07:50:55,d8f4aee1-68a6-4f12-ace3-1ec207e9a530,USB Flash Drive,Wearables,499,76aeb577-2be6-417a-bffb-d3cedd60c41a,2025-02-18 10:47:50,3,1497
17cb0f89-361e-4997-b4ad-aa03e09db0ba,Brian Maxwell,christine35@example.org,2020-09-15 00:57:13,2f82bd7c-8404-4068-a940-6944ce8dd84c,Gaming Console,Photography,1418,5a5150a6-43ae-42ce-90aa-955be0198532,2024-07-23 02:40:07,3,4254
d100b560-7336-426c-964c-d5b6f0d1c3f0,Michele Mathis MD,gdudley@example.org,2022-10-13 12:07:12,7c576f32-db24-4586-825b-17e909a1b3b9,Smartphone,Electronics,434,e7bbdb5f-1314-40ae-8ce5-740b0a7ff59d,2023-12-03 16:13:27,1,434
b2669995-b0d0-471c-a47d-1a0a755aba92,Amy Dunn,allison33@example.net,2024-09-30 08:36:26,c1ebc413-3be4-43c9-8369-be7b4b8ec195,Fitness Tracker,Accessories,190,4c48bf20-b520-4a30-8ffd-29eba42a3902,2025-02-07 10:22:43,5,950
ab8454d2-63dc-405b-82b0-0a5fbf3bc2ed,Sheri Drake,lvalencia@example.net,2021-01-06 03:55:21,f9309ebe-ab43-4af6-92df-f3615d7a4b92,Scanner,Peripherals,1683,572f0dd1-1960-4122-8611-a7a7541acebf,2024-02-15 19:24:34,1,1683
ded35ff4-5f5f-4946-80df-52f3459d54cf,Todd Young,arianabennett@example.com,2022-12-16 03:26:47,a66b90cb-689d-42b0-85a6-9c273beb2494,Charger,Networking,702,e16967e4-e2c9-4b30-848e-f7085a9beece,2024-05-03 21:12:38,5,3510
7cc164f2-673a-4ee5-b38d-ecff4b703832,Alexander Poole,bmooney@example.net,2021-03-16 12:01:46,d103bbd0-3441-4132-91f0-b8441122df4a,Smartphone,Networking,488,61f19963-54e5-43b1-b5fc-939dc8a251fa,2022-01-31 04:05:02,3,1464
848d7437-788d-45e7-9c3d-03150b7ca4ca,Laura Goodwin,adam32@example.net,2021-02-12 23:27:20,0ebba55d-8a42-4d3e-bea6-0d08bad7a59e,USB Flash Drive,Accessories,331,82bcbcb4-c47a-46f9-8859-db4c738bdb83,2021-07-24 15:42:13,1,331
5a2df26a-c79b-46bf-8e5d-fa6d1400a78d,Edward Dennis,chad26@example.com,2021-06-10 05:03:19,519b895e-3750-47d6-a1cb-3c1a532f138d,Computer Case,Accessories,1890,9fd8211b-1ce2-48b3-810f-9d7746075cb3,2022-02-24 09:20:50,5,9450
b3efa486-7e84-4650-8985-c32470456e94,Meghan Yu,valdezkatie@example.net,2020-12-07 01:26:59,2d5d19f1-af40-4fc6-bde0-93d7648d8f27,VR Headset,Accessories,1514,e68bba54-c3f5-411c-9dc7-82ca6aeb2c5e,2024-09-16 01:04:46,5,7570
98b63428-c1d2-4944-ad50-58893484a781,Bradley Ayers,youngmichael@example.com,2023-04-12 23:29:04,fc56dc81-eda5-4ed7-a927-985d026fca2c,Tablet,Wearables,651,a3e3463f-2bd7-4fd0-8ae9-c970bb7b73e2,2023-06-13 21:09:33,3,1953
bdeba44e-0ca5-4917-93a6-164af89d8389,Antonio Burke,vyoung@example.com,2022-05-09 06:29:14,003e06b4-82d0-4392-899c-75e3caeb6ed8,Charger,Networking,67,9c650773-a2bd-4839-b83e-c7e81dc3114d,2022-11-18 22:34:32,3,201
095596f5-f522-4184-bfbb-11c9b587fe7c,Cassie Williams,xmartin@example.net,2021-10-27 06:53:27,17ea46f1-403e-4efc-b6dc-e02a7d612f79,Motherboard,Wearables,384,4d3b6bd9-beba-41ec-b754-2c87bcbe3af7,2023-11-01 04:58:39,2,768
3b19596a-6571-4fd1-8b0f-c18c68e795f7,Samuel Myers,garcianicole@example.net,2022-03-28 03:16:14,47da5015-3cad-44b1-921d-09b7a21f0708,External Hard Drive,Peripherals,70,57673b1a-4a86-4cac-9efd-dcc7187cf9b3,2024-11-03 07:27:46,5,350
ffbe6e62-35b1-42f7-9a88-42a4e2cc7df1,Anthony Merritt,ymartinez@example.org,2020-04-29 13:32:42,a843ade8-5dd0-4afe-9424-f564818b6f85,Bluetooth Speaker,Wearables,1078,db6ee6ef-4c9f-4f06-a045-68d79f281d6a,2020-08-15 04:24:11,1,1078
d02d9392-4709-4f3b-8d2b-1d891afdbd1b,Theresa Vasquez,eric94@example.org,2021-04-05 13:51:54,e3daabe1-2d6a-4921-9dae-5b1655dab8a3,Motherboard,Electronics,1270,f93dab7b-893b-49a9-99e7-236c0e42fbbf,2024-12-10 12:47:46,3,3810
11b214f5-2f3b-49ec-8577-3124dd54b92e,Anna Mejia,hayesjames@example.com,2024-04-14 09:21:06,f6ab139d-98bb-4e61-96a5-dd322b589315,Laptop,PC Components,1661,043a540f-d677-4ddc-94d0-ee1eaada3842,2024-04-15 10:36:48,2,3322
600576e9-2379-488b-a25d-ef28f7e42485,Dorothy Johnston,darrylbanks@example.com,2022-11-30 07:14:56,9b19bb0e-4dbe-4bca-a87d-cf343acb65be,Smartwatch,Audio,347,e6cd83e4-28b6-4f46-a7da-0b3135af1503,2024-04-28 03:29:54,5,1735
1ead0bad-a331-47a1-af08-587d244bf62d,James Spence,morenovalerie@example.net,2023-08-25 23:21:22,aa0ace24-2651-4608-b81a-7c0c001dd445,Tripod,Audio,1846,c61d40b7-09bf-43ea-866e-12907c0b5d21,2024-10-06 20:05:56,3,5538
611a62f3-8118-4ad6-ab48-2a37e88b4ef0,Jeffery Williams,jessicalee@example.com,2025-02-13 23:24:09,75ee40b5-6c50-45bc-8291-1da225cc7381,Headphones,Gaming,1222,ab9ae04b-98ca-4a21-a192-10fce0426afa,2025-02-21 20:17:12,1,1222
6dee9e36-b8e6-44cb-806b-52abc14ed953,Justin Garcia,ramirezcarrie@example.org,2024-11-11 01:17:07,8db2d0e4-6151-4dc4-834c-0ccc1905d85a,Motherboard,Photography,475,b9b67bc4-cb80-4649-a8ff-ab3a81e7282c,2024-12-01 19:53:26,3,1425
29f52379-135f-4a3f-8aff-97dd853acd7b,Jillian Rodgers,griffithgerald@example.org,2020-10-23 19:37:52,9fab9885-0494-49da-9955-d36623a43a79,Camera,Networking,71,dd52c9f8-fa25-4f97-91ae-599cadc65ddb,2021-01-21 01:53:27,3,213
9ff5f848-a3df-419a-a447-65341d1ee66d,Karen Williamson,craigjohn@example.com,2023-08-02 23:40:42,5acd42f5-3ae8-4576-9668-f1f3089e100a,Keyboard,Wearables,167,4844b4c9-7f5f-4ff9-9061-4b32e72cfa30,2023-11-27 22:15:05,1,167
4b74827e-4c6b-41dd-b248-541aac95cc54,Brandi Crawford,sarahbarnes@example.net,2021-01-05 15:19:49,1e5b24c5-78e7-4ddc-9af7-a60bd091b91b,Router,Networking,270,95354cc0-50dd-4174-8f7f-bcd6e597ab8f,2021-12-05 14:53:21,3,810
1aa1e580-e9de-4acd-be30-d72a02be226c,Linda Smith,hroberts@example.net,2021-04-06 06:21:47,095ca549-765e-4739-9890-7e3877a795b6,Printer,Peripherals,1884,8567625c-50da-48cd-a654-1d12f1f4372b,2024-06-06 04:06:11,5,9420
a817e19f-4f39-4c0f-9bc9-7b1c2d77b5be,Michelle Carter,andrewdavis@example.com,2020-11-16 12:14:46,7eb5012c-9ff2-4990-8cc3-7f842777872e,Microphone,Photography,971,81bc4d2c-bb10-4c68-bef0-997604df2c54,2022-02-11 10:29:32,5,4855
a4b50f0d-77d0-4024-a33f-cfc28ab11e8c,Amber Le,mquinn@example.com,2021-03-06 12:11:33,cdc136af-d8b3-4817-b47e-46f36fe645f8,Motherboard,PC Components,560,c7707f3e-77da-49d7-8d70-ba067e340875,2022-01-03 01:48:10,1,560
b57417cd-8773-4f94-a810-04c1f84c9c1d,Cathy Vega,anthonymyers@example.com,2023-03-18 00:25:00,5ed6eaba-4406-4ff3-ab08-ee4a08d7aa8c,Microphone,Computers,398,366a751f-6532-471d-bc3e-a538e595bbd2,2023-04-22 21:48:28,5,1990
60b55d90-bfb6-4bcd-a80e-dafe5d5ab952,Christina Fowler,jeff54@example.com,2024-11-25 22:25:59,643f1223-801a-41fa-a584-e38e89905221,Motherboard,Wearables,902,158a375f-138b-4bba-a04e-18845240164c,2024-12-11 14:23:52,2,1804
8acc90d7-23b2-4b35-96b1-18e25df8e557,Anthony Parker,williamssara@example.org,2020-07-19 23:05:21,12a3643f-a468-45f5-89bb-c7b5c62f3cf1,Keyboard,Electronics,206,588b36b3-92e8-4460-a01b-ed744491a8c6,2024-01-01 08:30:32,1,206
430f6f28-2004-4891-b3a4-84fb02ce85b5,Tonya Whitney,ramirezemma@example.com,2022-09-05 09:14:35,20cefb81-24f7-4f18-b2d9-5e7ddda8038e,External Hard Drive,Peripherals,306,9ea088c7-feab-4b57-9557-fb5addd1daa7,2023-11-05 02:53:14,2,612
88297dcf-7f45-4740-a489-40a8abbfe620,Joshua Bennett,rachel03@example.org,2020-05-19 12:16:33,64b84b1d-a2b0-4882-a60a-86f512dcc49f,Gaming Console,Peripherals,1441,5a9e64de-f2fa-4ed5-9bd7-c596fee52d10,2024-04-10 23:09:14,1,1441
d9c85f3c-7240-43fd-b3e6-2f17a23ce6b8,William Johnston,robertbrown@example.org,2020-05-21 17:57:18,07913f40-79c2-44b9-ab9a-ae5cd72de142,Motherboard,Wearables,1108,e23c8541-3bba-489d-b846-1ccc9bd30047,2022-05-19 04:59:03,3,3324
36815321-78f8-41bf-a15d-d0e3f9980b6e,Gerald Williams,helenlee@example.net,2021-12-11 10:07:56,c5979565-c4d7-47e4-84c0-f61069b8f4b6,Printer,PC Components,427,69014f20-a3ce-42ec-82ce-7fe1cac7cb6e,2024-08-10 17:45:59,3,1281
454d4391-d18f-4ba0-8bc7-63a301c19100,Andrew Nichols,stephaniewilson@example.net,2021-01-01 08:06:23,ea5360f5-789d-4bf7-b829-d161c796a91a,Router,Gaming,199,5d6d935c-a9a8-4a40-8ace-fb6fb03f4b77,2022-02-13 11:20:55,1,199
64140d7b-9294-40be-be91-89eb6082026d,Heather Jones,jodygonzales@example.org,2023-08-31 17:47:43,b113db39-ab21-434d-bcf0-5626e059014e,Drone,PC Components,900,a7ccc4f8-cfa6-405f-aaa2-e3761c91b141,2024-07-14 22:57:39,4,3600
d7a63b69-2a6b-4e49-90e6-b03901bee927,Courtney Gonzalez,ymitchell@example.net,2020-08-12 05:28:08,1203a33c-1a71-4354-acb4-71d4948f8f7a,Camera,Audio,254,f2bfbca7-0818-461f-b42d-2b39d6064984,2022-07-29 14:55:26,4,1016
d2fc4d55-4e0e-4c9b-96e2-41a66cfe6eb0,Ryan Miller,hickmanjesus@example.com,2021-02-06 18:00:54,d09aac31-3fb0-4ddf-8861-7a47ca65e93d,Graphics Card,Accessories,493,5df22e64-d384-4c30-9c59-9594eb53a2da,2022-08-01 11:27:39,5,2465
eb5026c3-5abc-447a-ae71-5d663c5386ac,Courtney Hicks,james45@example.com,2022-10-07 07:23:16,edd5360e-fcac-4c58-b00a-cf244b2cdcd9,Smartwatch,Electronics,1927,6014cd84-3700-4c01-8a98-2902c4f37269,2023-05-06 10:12:37,2,3854
8ad3b7bf-86ba-4f53-9caa-8625c4e5d993,Kathryn Boyle,johnsonglenn@example.org,2021-12-04 08:02:52,055c0a33-5168-4d8e-886c-d74e75afe312,Router,Wearables,1068,fb88598d-88d9-4960-acd9-fd20666b7ca4,2022-05-20 21:23:49,5,5340
f5b7bd09-b43b-40f6-913b-a03eff4032f9,Jill Gonzalez,cynthiahammond@example.net,2025-02-26 12:07:51,e9ce4d3a-af6c-49b1-aeb4-8ae98396071d,CPU,Accessories,1114,ff212b4c-9f99-495f-bcd7-1c6403ef6e1c,2025-02-26 12:17:53,2,2228
3a302fec-aed3-4d5a-8661-896c1e7bc57c,Yesenia Sheppard,ypham@example.com,2020-08-10 05:56:01,efad6159-7e15-4a1b-82b1-bcda43aa759d,Printer,PC Components,1473,a3398b04-6e04-4015-b760-f281d2f8b045,2024-11-24 18:03:57,4,5892
aa0285c1-169a-4719-bace-0e7e2be3c6d3,Lori Montgomery,carriepitts@example.org,2023-02-06 14:26:13,173bc916-df99-4b59-9b82-a87ccf4553bd,Keyboard,Photography,743,8b6811ad-ce63-458d-81d3-3b896d688de5,2023-07-05 21:06:47,3,2229
226ad5c6-7372-4d0d-9191-fcc655870977,Brianna Mitchell,brookskelly@example.org,2021-03-20 03:42:30,581b0cdf-0347-48df-a994-11357a03de30,Modem,Wearables,662,d7a1d42e-ead8-4dc6-b123-9f0acf3b8bc2,2021-09-11 10:38:15,5,3310
cab5f77c-3a63-4258-b7f3-34cad9a1cc82,Brenda Grant,jacquelinedean@example.com,2020-07-15 10:55:42,8a183a3d-0dbe-49b2-9753-55449f197068,Graphics Card,Computers,179,ba3ff112-8776-4ef8-9022-10530702264a,2024-09-01 01:23:31,2,358
c2ee8e3a-b760-436e-94c2-121f4d70fbc9,Patrick Martin,mullenjonathan@example.net,2020-07-04 09:24:00,202e5bd0-a295-4a0b-bab2-a591dda93f18,Gaming Console,Gaming,1329,16232c7a-4e95-493a-a18f-e5884ca424fc,2020-11-12 13:07:47,2,2658
731bf4c1-2cde-4cd4-b560-2c6308abdd45,Pam Watson,lnixon@example.org,2022-07-05 08:19:46,e9381ea6-d6c1-4d56-afb5-4f380bd88ebe,Headphones,Wearables,1648,7a029d82-e229-4f07-b95c-40786fcce398,2025-01-30 02:39:50,3,4944
ff882ae5-99fb-4343-9dcd-327312c1a72e,Jonathan Forbes,robinsonchelsea@example.com,2023-10-26 02:46:08,c5459ae4-8ce6-4dd8-a7d7-2b0f434a940a,Tripod,Audio,1620,50ca3269-ed87-4aac-9dc5-18f3ed44c95c,2025-01-17 07:06:24,4,6480
df6ac38c-6200-452c-ad28-4d96a2de5a08,Mallory Ellis,qhawkins@example.com,2024-12-14 20:12:50,26bf5e42-eae0-4313-8879-c70a3af02152,SSD,Electronics,1104,0817b8ba-3d88-4041-8247-e98a0169023b,2025-01-22 21:26:52,1,1104
5c4514ba-0d60-463c-b856-d720f46c4a27,Carrie Hubbard,kelly75@example.net,2023-02-13 14:24:35,9cb72bf0-6bee-4129-b1ea-01b6d9fab206,External Hard Drive,Electronics,1409,7d85bca4-2c97-43f3-b883-c4b9064967a9,2023-12-25 09:52:27,3,4227
0d075367-a0bc-4dd5-823f-2712694960de,Jesse Reed,ybennett@example.org,2023-09-04 03:40:04,bb2730a5-bbd9-400b-8196-d9694dadf2cb,VR Headset,Peripherals,23,ad8ea3b7-98b7-45c2-82a9-0b9ecbb68035,2024-12-09 21:55:15,1,23
5952f5f4-08ac-49bd-88fa-3d9482a57750,Jeremy Jones,tsharp@example.net,2024-09-27 16:29:01,f4bbf08a-8772-427f-b890-bdd7c7d3da8b,VR Headset,Photography,1957,4ef517cd-7d50-4344-9d08-9b507bbb068c,2025-01-14 17:49:33,5,9785
5fdb4bd5-be17-4b8e-95c5-422b3fda4c3b,Glen Webb,jared51@example.org,2022-11-17 11:50:07,4518fe8a-b21f-4515-99e4-2fd6a7d03600,Motherboard,Photography,332,bb73101c-d8d0-4d8d-9000-40761c32ae4f,2024-11-03 15:58:56,2,664
066aeacf-1200-402a-b567-a099340d3ce2,Karen Stephens,larsonchristopher@example.com,2024-08-03 21:09:15,dad9508b-b9e2-4af2-af2a-f525ecf2c3f4,Gaming Console,Photography,916,3480a718-f77a-442c-9119-55d131481f0d,2024-08-28 20:44:23,1,916
acd41e22-c3f3-4d56-b115-19249542b95f,Jake Ali,ralphsimmons@example.com,2022-12-08 16:53:14,f966b73f-8fb7-49ca-80ee-9a2ac1afaa9f,Keyboard,Gaming,725,42b5995b-f453-48e8-acea-2c93fdb6f342,2025-01-15 20:29:27,3,2175
4d44cb62-db53-4259-bc03-40dc8a1f12aa,Shannon Davis,chelseybauer@example.net,2024-09-11 02:08:38,ab24ad1c-397c-4911-b1e1-76197833b141,Computer Case,Peripherals,1469,15d75509-91d4-4209-9fe1-4cd217ca3012,2025-02-08 18:42:44,5,7345
b8e9407f-d161-489c-8f30-a8fd2e4a24e6,Connor Pineda,robinsonjulie@example.org,2023-02-28 15:07:32,fce9bccb-f2a6-4294-8462-89ac2aaee185,SSD,Electronics,777,cf179769-6039-4ee8-8551-65fa86ef94ec,2024-03-09 07:42:11,1,777
7effe8cf-8c79-4bcb-8e27-d87e0ce73b7d,Chelsea Huerta,bobbynelson@example.org,2020-03-20 00:07:35,7df471ed-88f7-4bf7-a112-904196b0d497,Router,Wearables,1395,550f1556-474c-4f9e-8526-3582b10ace14,2024-12-26 17:18:28,5,6975
37f7b9ad-e2b2-4690-8940-3b5c96529e7b,James Cordova,jhopkins@example.org,2021-07-31 22:45:49,6ffc485f-1de4-4b29-8983-e7469f5eb831,Drone,Computers,140,1d3b4367-f4c3-4508-9ce3-0f1edbbb8f4a,2022-10-30 15:54:55,4,560
d942fc78-6237-48ec-8ec8-1642e5f936b2,Leah Mcconnell,billy39@example.org,2024-10-12 12:39:21,1def5604-18b6-48fb-a900-74b92c94ec13,Graphics Card,PC Components,250,473447e0-bfcf-45fa-a647-2c97e9d6488a,2025-01-10 09:23:46,3,750
cda8fde2-e51c-4228-9848-2b91276fd841,Heather Robertson,steven66@example.com,2023-11-16 22:18:05,e5b3a55a-8107-4233-9f4a-6da00cd9c29e,Bluetooth Speaker,Computers,1319,5a733cf6-d5d7-4482-b8c2-36a5bbb2fdc3,2024-04-13 06:24:52,2,2638
69956e43-d211-41a7-8015-be35b00f2a38,Kelly Hendrix,morrisandrew@example.org,2020-10-26 16:53:18,705b90ef-79e4-4da0-bd6d-4fecb05c06e7,Network Switch,PC Components,1254,8fa533b1-d888-4036-9e1c-9a21baa3d395,2023-01-08 21:41:18,5,6270
eddc95be-173c-4452-a561-af4c7aa4d417,Emily Fitzgerald,stonestacey@example.com,2022-12-31 03:41:06,924fa0d8-1a76-4d86-b421-fd4bb8e39b95,Router,Peripherals,490,1d15e1bb-5b24-47ad-9424-a5a07272e8ac,2023-05-22 06:32:02,4,1960
14439f78-104c-4700-90af-d1ea4f06e375,Mark Sexton,jennifer03@example.com,2020-09-03 01:18:56,a2275b1d-c67a-43d9-b3e3-95411787a5f1,Power Supply,Wearables,993,3c8b8638-db0f-4086-b6d6-16717d9b1677,2022-08-13 03:21:08,3,2979
3ffa85f2-7b35-43ad-aec8-1128114175cf,Amber Walter,morganaustin@example.org,2022-11-20 04:29:51,eedb98a3-fbfd-40cf-a88b-552225d9b9a4,Gaming Console,Peripherals,1200,098c4e10-dbfb-4d55-91f4-0033bf47219c,2024-12-15 07:49:12,5,6000
d720a595-6026-4f49-916f-eef5cf6d8ffd,Jamie Garcia,meyerjoshua@example.com,2023-04-27 18:36:44,bbd223ea-9be5-43e6-934c-4dd45a7d69a4,Fitness Tracker,Computers,323,9260664c-638a-45c0-9065-4d55d9bfe84b,2024-06-05 22:03:15,5,1615
bc051cad-800c-4b68-bccc-c88595e87805,Erica Taylor,rfrench@example.org,2022-12-10 14:13:22,349857e3-5a70-4643-accc-a9988d6e981b,CPU,Photography,1324,00e75b03-d4a7-4fde-bd1c-f158c4d8d175,2023-02-27 01:59:37,5,6620
078059cc-4289-425f-a34d-b4577f8fc7ee,Christina Anderson,nicoleoconnor@example.com,2024-01-09 16:49:07,24ee0ec9-fe34-44cb-8bf2-62a6a663143b,Headphones,Wearables,441,bea7458e-50e0-45a6-b830-8b1effdf45e0,2024-04-30 12:37:24,3,1323
82c63c17-1060-495f-a023-25bf5e11ab40,Rhonda Jackson,millersteve@example.org,2020-04-18 23:41:28,3dbcbcac-41e6-4c39-b16d-cd0b1641f7cd,Router,Photography,457,e431c1ca-56d1-4ec8-bb84-d313c93a8db1,2024-09-12 21:59:38,2,914
49bdb691-d7f9-4449-bda4-3d9687c8783a,Cathy Meyer,melissarice@example.com,2023-04-29 10:46:58,ac3bdf5f-6d1f-427b-a31a-f0615bf023bb,VR Headset,Photography,1986,ae9bcff9-fdf4-4ec7-bf78-507f26cd6345,2024-12-04 09:34:10,1,1986
cf44f2b9-3aed-4368-9257-53ddf2f5cb90,Spencer Cooper,sharon02@example.com,2024-12-12 16:12:01,0ff3b683-295f-4d6c-8868-f10ddc32719b,Network Switch,Accessories,265,fa416481-7665-4d68-84d0-0951c406a7ba,2025-02-07 13:17:37,4,1060
33ff11a9-bfa2-4af7-b835-60ab29067865,Michael Hensley,lauren61@example.com,2024-05-09 01:13:03,72a0e6ff-8a2c-49b3-a53a-1b56a97894cf,Router,Computers,594,a571e94e-1655-4e15-9ca9-8fa8e4df233c,2025-02-17 03:11:59,2,1188
0589e94c-8fd4-4c4a-85fe-1a2145779830,Cody Braun,amyblack@example.org,2022-06-26 01:15:10,11d55dec-fa6a-4fd7-a22b-016fe48b8fd7,Network Switch,Audio,316,95183295-9b48-45f7-b00f-9a0bf733644e,2024-10-21 21:44:49,4,1264
1c155d0b-7a99-4bda-bfea-009ba5b8c189,Wesley Steele,jeffrey85@example.net,2023-07-25 14:35:24,0448309c-582d-4580-a0d2-d4b6bb0ba68f,Network Switch,Audio,343,8575c781-cd2b-42a2-a30c-cd5105f0b05a,2023-11-22 08:13:05,2,686
ff664a3b-dc1b-422c-8913-6f632676e913,Diane Ray,austinrodriguez@example.com,2022-07-10 13:53:17,dc258462-01ee-4621-864c-778b77a3129b,Router,Accessories,140,9168aaa4-3c0f-4b50-b171-c224d678de15,2023-05-25 03:20:13,3,420
f5f957f2-816b-4469-a7c9-3cab9669fe90,Sara Wells,matthewlang@example.com,2024-10-04 09:58:09,a5575868-3448-4ec0-96ea-c80d35c5ccaf,Graphics Card,Networking,1996,a1d9f2f9-646b-437d-911c-1cbe13b7b96a,2024-11-23 18:52:27,2,3992
745bdb62-d51f-4008-9d84-9084ca6c085a,Gary Harris,ortizbrandy@example.net,2021-02-06 11:02:21,618d8bd8-9292-4115-b8e3-08dccec9d789,Tablet,Wearables,1514,e92f60bf-700a-403e-b508-32d552f0eb92,2022-09-20 17:04:13,5,7570
4fd360e7-0400-4edb-ba56-8a77689543f3,Tracy Ortega,christopher01@example.org,2024-03-16 18:51:05,f6ecf244-8246-4d48-b5fc-80c456581f20,Bluetooth Speaker,Audio,376,6566b295-69f3-4c21-96b6-f21a2b644310,2024-10-21 21:30:38,1,376
95742ec2-549f-470d-b3fc-a3cc91e7e5d3,Kimberly Moyer,mlee@example.org,2025-01-19 14:36:22,0016138f-85bc-442f-8fb6-c51281c54550,Tripod,Photography,242,c5fe2231-b9e5-4f39-a962-e9782cdb5ccb,2025-01-27 10:34:53,1,242
07140b46-cf3a-4627-974e-bc8979c4a9d0,Olivia Hayden,josephsweeney@example.com,2021-07-05 11:40:46,fb7fae57-612d-4c9b-8d3e-b9baac38d596,Smartwatch,Accessories,769,6bbc3cf5-27a6-4ae5-a485-81426eebd3aa,2022-02-26 10:47:42,1,769
568f2474-fdc5-4834-99b2-2cf97070a825,Steven Eaton,alanjohnson@example.org,2023-07-09 20:06:54,f6a9bd6f-d37e-4d72-8568-809beba41ec9,Drone,PC Components,947,b5c8157b-94d9-4486-850e-ad07fe2b4e76,2024-05-18 13:22:04,1,947
317afbb2-2c2e-4c7d-9ba9-fb231d6c1dee,Shelly Cox,erin56@example.net,2022-04-25 10:17:25,a5943316-a0b7-4112-b36f-a3afeffec32e,Network Switch,Audio,1860,d2de2c21-76a9-4e5a-bd0d-3a0fe532417f,2025-02-11 01:04:39,2,3720
c447c1eb-5e88-4904-b51c-1d54844f3536,Jerry Carlson,natasha11@example.net,2020-07-31 06:02:34,33f9b1b6-bf90-41e3-8df3-6e12caf8a968,Monitor,Computers,188,36aa4a1f-a117-47a5-a411-f7e470e40d88,2022-05-28 22:11:21,1,188
242a6de1-662b-47cd-8526-42d0328242d1,Steven Young,kristacaldwell@example.net,2024-04-03 15:42:08,6b2fcf5e-739c-43dd-ba1d-7e4d647d0533,Keyboard,Photography,1135,346767b4-b587-411d-989e-226efdc73cd3,2024-05-14 11:32:21,2,2270
96b1335e-1bc5-4d42-8bae-4e6c8eab9382,Melissa Lopez,wattskeith@example.org,2020-04-08 17:20:26,c113b958-0df5-490b-8b92-88c5d7ca5e22,Microphone,Networking,1029,08d2549e-d4c0-4163-8f41-6f2775a5ace5,2023-04-24 08:19:12,3,3087
be53d232-9d10-470a-b298-b02e979579f8,Brianna Moon,gloria79@example.org,2020-03-24 08:11:55,020b5f86-fd54-45e1-81e1-f91532a810da,Gaming Console,PC Components,1069,4aef04fa-24b9-4cb8-9468-e274a0732f69,2024-01-01 11:12:39,3,3207
38a52590-91e4-474c-bce5-1569e2260f08,Keith Conley,taylordonald@example.com,2023-05-04 16:57:59,1ea3b8b6-3e7e-4c92-aae4-7cdda15f7de0,Gaming Console,Computers,468,c0a0bf0f-0e67-4b50-aa3f-764b25d618bc,2023-06-08 01:47:36,4,1872
774760b6-e0ef-4ad2-92d8-6aa76e5715f4,Kevin Fernandez,martinochoa@example.net,2023-10-27 23:39:04,7adbcd00-0af6-4ff8-b083-8424e44e3d25,Printer,Accessories,1445,b74d4918-19b3-4e6e-a9d1-e79b071787d8,2023-11-18 10:50:37,1,1445
7f5d599a-9ce7-4a50-a286-583383775ce5,Nathan Ramirez,ronald15@example.net,2024-10-28 06:37:03,e2259684-5de1-4b09-b80b-6e3a7e32b65a,Tablet,Wearables,329,2063fac5-53e7-49d5-9734-b6b69eeb6893,2025-01-24 06:57:24,3,987
683fa838-b9d7-4dc2-bcce-08fbba268b56,Donna Mitchell,spencercatherine@example.net,2022-09-09 23:25:02,6ac03715-c604-4028-a886-08d0829daa4c,VR Headset,Networking,396,59d97596-a7fa-45a8-8627-78ebbb9ccee3,2023-04-27 16:50:30,1,396
8ba2c69c-c1d3-404e-808d-0f6ec1446896,William Ewing,jonesalan@example.com,2022-04-19 00:01:11,81b389d6-eb56-410a-97ce-c76ba2b7efa4,Smartwatch,Peripherals,725,396b7cbc-29fc-4ac4-af09-5df1de29fd8f,2022-09-21 13:09:21,4,2900
b4108c11-38b5-483c-8fed-af28ef29c91d,Kenneth Reed,avilathomas@example.org,2020-08-05 06:00:03,06ebe0fb-5223-4e5d-9e7f-4f7d964a4ed5,Charger,Networking,1929,61286a15-d905-4b13-8df5-adfcb5a46e8e,2025-01-21 07:49:19,5,9645
9de8e1b4-8358-4ac7-b6a0-0b6717b710bd,Rhonda Anderson,sgarcia@example.com,2022-09-10 07:54:30,c1725625-430d-40e4-8b34-4d490991fb1d,External Hard Drive,Computers,1167,ea2195aa-7a8f-407c-b2a2-e9fbc3349df3,2024-08-01 09:33:49,2,2334
964ec6d0-229b-40eb-99f6-c3480064f06b,Adriana Lee,smithantonio@example.org,2024-01-31 21:01:18,43c9bda7-f1ce-45b5-97e6-03d56176681d,Gaming Console,Audio,1181,0678e685-328d-44d4-8713-8b381abca18c,2024-04-25 22:32:37,2,2362
44cafb17-4f1f-4731-91c2-b4009c4bf03e,Richard Morgan,stephen79@example.com,2023-08-18 08:13:06,2fdfccec-89e7-4e0c-8b09-5fb688c1d0dd,Modem,Electronics,319,6b17ae64-8c93-4b39-8b11-d89a1085d722,2024-04-24 19:08:51,3,957
6a4d3730-b774-4aee-8a46-1f44425aa548,Mary Myers,danieldunlap@example.net,2022-03-01 07:38:50,ec2fd4e2-0555-4f43-804b-5d57c363b114,Fitness Tracker,Peripherals,1658,d86942be-d29f-4727-a1e6-2e8a16c18c33,2024-10-23 11:24:38,3,4974
affd1f98-f423-4e42-919d-4e0bced38d72,John Ruiz,alexanderrobertson@example.net,2021-11-29 04:54:19,9484a7ae-501c-4890-ad49-c37d25b9cadb,USB Flash Drive,Peripherals,1779,8536d4b5-da86-4b36-8db6-0d35a4503fbf,2024-05-01 22:36:48,1,1779
6ff55207-8903-4f7f-a63f-208f233d005b,Linda Sanders,petergallagher@example.org,2021-07-06 04:16:01,b9d6c263-f171-4da4-adc1-1490ce9306da,Power Supply,Audio,1238,0a94e518-52d7-4bd1-a189-00ca87580522,2023-01-27 15:42:25,1,1238
25545161-b865-4d9d-8d8d-1159670a6bcd,Mallory Boyle,washingtontara@example.net,2022-01-22 14:22:27,8d5137ac-c600-4ddc-b58b-fac109b8e727,Microphone,Peripherals,818,01b1a65f-c146-497d-8ef5-8f7a1d303e00,2022-05-30 14:20:31,1,818
bfd6c937-018d-472a-a41a-a41cb729c766,Randy Norton,nmurray@example.org,2021-12-01 23:55:20,1493f73d-a0fb-49ec-b2c3-8b72aaa0c9ad,Camera,PC Components,577,831954c3-b2ce-4034-8ef7-0a8a73e2a722,2022-01-04 05:13:13,4,2308
863240fe-8b38-4014-9b00-9c6d142b3f68,Danielle Flores,sholmes@example.com,2023-10-08 21:49:36,9c7b800b-5fcd-4f26-bcf2-38e72108979d,Mouse,Peripherals,758,d619aca8-bb4d-43b0-ba94-f76e1f02f3b8,2025-01-11 18:12:09,1,758
bd50092f-0e42-4363-9bad-f163329af549,Heather Juarez,elizabeth73@example.org,2021-12-07 17:56:43,3ca3c47a-646d-4c69-9ccb-9cb1b0057035,Modem,Gaming,378,45fefc95-32c8-4558-a08c-2ee04d06a7d0,2022-10-25 02:37:01,1,378
b7f725ad-5ccf-4681-be3c-cca989fa2e08,Mr. Jerry Taylor,scottnelson@example.com,2023-01-01 03:03:53,b42469d3-4cd3-4f45-a5d7-244cd06f4543,Motherboard,Peripherals,188,ea623ef3-1224-45fe-86e2-a6598282af57,2024-01-22 13:41:45,5,940
91903c49-9e55-4878-8ec4-f0e49677442e,Denise Munoz,davismark@example.net,2024-06-27 04:47:59,64b5447b-6a60-4262-a13b-ecaf5e28614c,VR Headset,Photography,1629,1c6bb43b-19c0-4572-8a47-5a4dc45b5838,2024-11-12 20:46:27,5,8145
b4bb2b02-4dc1-4c37-9eec-0767c60367a8,Kenneth Todd,macktiffany@example.org,2021-09-30 07:27:27,4756aa33-35a3-4ab5-b623-bc5ed74cf553,Keyboard,PC Components,572,e131d445-8677-48ce-82e3-82dd8592a440,2023-04-19 10:28:00,5,2860
acf07f1b-d056-4db6-b5a6-201b4e59ca5b,Dana Rodgers,tracy52@example.com,2023-12-26 02:39:57,caea1d9a-9d97-4bcf-8282-552ae821d0b6,Smartwatch,PC Components,536,0b58bed8-460e-4dd0-8600-a1231e4c1929,2025-01-19 18:05:36,4,2144
61d3b1d4-1ed0-471f-aa12-c6d12144336e,Anthony Hines,kochlaurie@example.com,2023-02-21 22:25:19,f05360f4-9707-40c7-9bc9-f75b832980a2,Bluetooth Speaker,Wearables,478,9690a4a8-b247-498b-bcbf-b5b0106e4025,2024-06-03 13:30:23,3,1434
5e9b6e1c-fa7f-48c4-a2c4-9318bba6a665,Mary Garcia,robert70@example.org,2020-12-06 04:04:40,360cc46f-20a8-4bf1-b15d-e283c7b7d654,Headphones,PC Components,150,0f5c7a77-ea81-4487-8970-2a789d63ec5b,2023-03-12 14:37:53,3,450
472d4e27-5372-44ab-a310-5af50ebe6411,Mark Fitzgerald,mary78@example.org,2023-03-14 16:04:04,7c53ed19-efc3-442d-90ef-bbcb41218f7e,CPU,Gaming,1632,41b3b663-3771-4d3a-a594-818b63ebe446,2023-05-25 00:50:29,3,4896
01fe3273-4cb0-48fa-9f88-dec76fde1f10,Stephanie Jefferson,hernandezbeth@example.com,2024-01-21 18:58:01,16d8f97f-c995-4e03-860a-19ea20c0645f,Headphones,Computers,1917,d6333166-4fe2-4b1f-a8e1-196b14d8b286,2024-11-01 07:52:09,3,5751
89e69938-c318-490c-b4f4-39e0aded778e,Brian Clark,chelsea18@example.com,2021-08-29 02:13:54,5179b941-ddf0-42a2-b316-52f89b6f62eb,Graphics Card,Peripherals,583,4c99c7d8-f709-453e-a85a-570fa831c89b,2022-03-25 09:48:23,1,583
565e01b5-110b-4aa2-9f3d-e5571ec8a6ab,Amber Green,brittanygregory@example.com,2024-12-22 08:44:34,7451de5d-4b28-4cad-821f-ead5c9a2fdef,Charger,PC Components,1936,803a9f27-0da6-443f-b2b8-1e781432ef2d,2025-01-07 04:18:40,5,9680
45e59585-0bdd-4137-a545-035aff048482,Katie Dunn,christianwilliams@example.com,2021-04-11 17:43:58,b76a6c82-17d4-4088-98ce-c504b6df2fa8,USB Flash Drive,Computers,646,30519c48-2a9c-4b5b-82c0-8b4ba618ff3e,2022-05-06 16:18:22,1,646
a8a61e73-717b-4a6c-9bd1-10eee4cc5432,Jeffrey Bates,garrisonmackenzie@example.net,2025-02-25 09:29:33,a8459928-28e0-412f-8154-abc6b537194b,Tablet,Gaming,978,37ebd730-02a9-42de-8ce6-b4fa0d0a1501,2025-02-25 10:39:09,4,3912
27ca3154-49df-488d-bbbc-3298d76d0a7e,Cindy Horton MD,roger75@example.com,2024-10-26 00:19:54,253f32de-6642-499c-9881-5fe5f7f7a128,External Hard Drive,Gaming,896,8a23cf7e-69d0-4f19-89a6-cc32cc07fefe,2025-01-02 17:50:03,5,4480
33e1151a-f9c7-4275-a44c-86a16ea56838,Kent Crane,ybrooks@example.net,2022-11-04 00:07:36,ccc45e48-1c81-4e62-8b4f-ae79d6b74272,RAM,Peripherals,1577,d36ef0dd-ce2a-434e-8f6d-b178b7cc9cc3,2024-10-17 20:06:46,1,1577
e0146a73-a8b2-47fe-8b79-f4e6725baad5,Ann Montgomery,armstrongjennifer@example.org,2023-12-04 09:10:20,61919bdf-07f3-43e7-ac35-bbf52b43a8c4,Bluetooth Speaker,Gaming,991,c5072f75-17a1-433a-b6e2-634f5a80cab6,2024-11-24 17:18:27,2,1982
7b7c5af4-31b4-4973-9e3a-8f6e226dfb2a,Sarah Torres,deborah54@example.net,2020-10-30 22:50:03,a5f6c77c-057c-4f12-a064-0976ca8c8bfc,Microphone,Networking,641,aba58bce-73d2-4499-9433-0a564ef28118,2021-10-31 16:37:55,2,1282
6fc8db7c-9206-457e-8ff7-494ef7f4ac7b,Monique Paul,pmercado@example.com,2021-01-20 13:20:47,5302ee8c-6e16-4f29-a1a6-8f65a1e3b69c,Headphones,Wearables,1406,748b52be-a49e-4e47-8abf-8e508275de22,2022-11-22 17:22:05,5,7030
9b9c1aa5-c4bf-4a24-8164-901834776435,Brandon Allison,jennifer41@example.org,2022-04-19 08:42:34,6841823c-9c3e-487e-88b4-bc948a50f0f5,SSD,Audio,756,08ba523c-5cef-44e7-bfe2-fbd8ce262ee7,2024-02-17 19:05:17,2,1512
4136506e-1977-4415-b669-cb819b39b0b0,Joseph Cox,richardhall@example.com,2024-10-15 00:54:10,e7c836e5-fb48-46a7-9f0a-924bef829f0c,External Hard Drive,Audio,398,be145c3d-1ff0-4e7f-b067-ee48bc33eecf,2024-12-11 08:39:15,2,796
9e17925f-6591-4dbd-bf4c-d927b5c47af3,Joshua Clark,colton93@example.org,2024-06-24 22:58:30,dce4a697-9966-4562-86be-c41d542bcce4,Power Supply,Audio,123,eb849fc4-ab2e-490c-a2ee-dc6485c8421d,2024-08-05 03:20:43,4,492
b570cf8b-3ae0-47ba-a9b9-f119d75fa307,Christopher Bryant,nathanielgonzales@example.org,2020-09-10 06:50:47,281dba17-fcbd-4b80-84ec-29b68c74726a,Graphics Card,Photography,1840,2a09d523-f0e7-4545-a1cc-4d034e138061,2023-11-09 06:00:31,3,5520
d0b51330-0021-4225-8345-098edf54be89,Kayla Ayala,dlane@example.org,2020-10-02 13:32:23,7efd1a8a-5074-4f82-8cb9-554e5a181c8e,Motherboard,Gaming,1186,e14a7488-085c-409a-8a3f-f04a26fcc341,2021-01-12 19:23:34,2,2372
908620d4-5105-4d8e-ba0a-11d58823a454,Steven Lozano,danny96@example.net,2020-05-17 17:51:32,7c35dfad-1bba-4ceb-8462-6b14bbf1c161,Smartwatch,Computers,1062,805436c8-936b-4767-a1a5-8061aef63107,2023-03-23 06:08:25,4,4248
925b6f15-14cb-4028-85a1-4aaed6502cd3,Shelby Smith,william49@example.com,2021-02-07 23:10:10,8b5de363-5135-4ecf-9806-b93edfd8d9cc,Tripod,Peripherals,1828,9affbcc3-04c9-4ec3-ab8c-f8d4d582539d,2022-07-20 09:25:36,1,1828
6e7454ef-5317-4ed7-8066-572683e7f912,Brian Chambers,pedrohill@example.net,2022-10-22 22:58:29,d84cf05d-1e38-4ece-9d3d-9cdb2d8bee78,VR Headset,PC Components,1050,5023ae63-1e8e-43ec-93b4-30f3365d9447,2024-02-03 08:29:53,1,1050
b1f3395d-c0d6-4313-bd77-7f8fb0dbf22b,Carl Rodriguez,swheeler@example.org,2024-07-30 13:12:01,c59c5d51-65a5-488c-8c1a-f32572790ac4,Keyboard,PC Components,1100,47c1630a-5b3c-4618-934f-9fc5c89fc185,2025-02-03 19:25:38,2,2200
e9a8e1fb-aac1-49d4-b752-314264f1d01f,Jackson Wilson PhD,contrerascharles@example.com,2020-12-01 16:49:25,d9d04b9b-2b3e-41d2-9e0c-17e4beeadc48,Headphones,Gaming,85,0772f60b-bb80-465c-a297-3a79b261cb3f,2021-01-03 11:47:54,4,340
0501fdd0-9468-491a-918f-5aa040bd1e77,John Simmons,raymond22@example.net,2023-03-07 10:38:24,274895c6-388b-4c41-8de3-01773759836e,Camera,PC Components,1824,f9b78ca2-cba1-4d1c-b65c-54a59a8296cf,2024-05-04 17:46:21,3,5472
22014073-759a-4985-947f-c72d91530fc5,Edward Wood,joshuaphillips@example.org,2023-10-18 13:32:28,e31a6bf5-8e9a-4f9e-be20-3e1a1aeb6d70,Webcam,Accessories,1989,7a8ac79a-38fc-4fbc-b56f-133c4638fc27,2024-08-09 15:54:57,5,9945
47c1aa22-5296-4d5a-8f6d-0c6ad1d1c17c,Patricia White,edwardwells@example.com,2022-07-21 17:50:50,2be89631-d1a2-42a9-bfb5-0ef1b7469190,Mouse,Wearables,1355,b478620f-869b-4b29-87b6-746713fc12cc,2023-03-12 00:20:38,4,5420
4175d412-37eb-4105-8601-7cb29380a7a8,Taylor Clarke,brandonbrown@example.net,2024-07-14 07:15:55,73e51228-0626-4dc2-92dc-3b485223a660,Tablet,Wearables,1979,b3188f07-5dc2-4874-a79b-75e4e1198b0e,2024-11-16 11:37:48,1,1979
a6c62c09-15c1-4bf9-aa38-2bada503cfe3,Sergio Cummings,vadams@example.org,2025-02-12 01:46:51,868eb9f4-39e6-48e1-a5dc-af489f1623b2,Scanner,Peripherals,1109,e2fff7a0-bb0f-4595-ba05-a09548b746d6,2025-02-14 14:31:14,5,5545
538474b5-eb35-443d-aa59-73b323d84e43,Paige Burns,zscott@example.com,2022-03-05 00:55:02,ef2247ec-cc84-49e2-8d9b-568f3ace14c7,CPU,Peripherals,1330,58af17e6-a618-42d4-9b97-ab43d78c9a73,2023-10-08 10:34:17,3,3990
604ba8ef-0965-44a1-bdbc-685545a3c511,Nicholas Robbins,mrobinson@example.net,2021-05-25 13:09:04,33254d11-f186-4677-acf6-8f5e9884f8ff,External Hard Drive,PC Components,1981,0c747ff1-2632-4882-8810-e973f20b108c,2024-05-29 20:10:18,5,9905
63fe597d-1cc6-43dc-8c4e-b75d15e5dd4c,Jordan Goodman,scott82@example.com,2024-06-12 18:18:38,fbc1bfad-880b-48c2-ba70-3982540ef761,Router,Peripherals,803,8379fa79-305b-45cc-a87b-6a423014e3e8,2024-10-12 17:22:14,1,803
4d0de067-0591-4bcb-ae2e-2b3ea5a2b7e0,Pamela Larson,emoore@example.net,2020-11-13 07:27:41,2f73bfca-aacd-41bb-9cbe-bf33ebbd2273,Router,Audio,1683,aa1baf69-d9dd-4419-baee-8fb5adc72ff1,2022-04-10 18:17:10,1,1683
6a1c6fc6-62d8-4fde-b212-9992809bc346,Sara Smith,jeffrey24@example.com,2024-09-30 19:49:18,0baa167f-dae0-4c08-a9db-f2339cdd1ed5,Smartwatch,Photography,810,ec36600b-4d98-47e0-850e-c35e805d7549,2025-02-18 21:22:17,5,4050
0c8aa55b-22df-4f45-9bbf-6477d85e1d4d,Richard Brown,mcampbell@example.com,2024-04-05 07:08:36,dde57f4d-13b3-4074-bda8-2cac84658058,Webcam,PC Components,601,aa353eca-c38b-4426-bc42-a3430febaa40,2024-04-27 14:42:43,2,1202
294284d2-af23-4341-a169-cd408d5e1a8b,Mr. David Wilson,jcannon@example.org,2023-03-28 08:46:58,644f6afc-a7a8-4a92-9faf-714ec8162f8f,Motherboard,Peripherals,293,ccb7606f-69cb-40d7-955a-1ef73673d996,2023-08-18 16:01:24,5,1465
02b583e8-8579-41db-a49f-b9746e070002,Amber Chaney,patricia76@example.org,2021-12-19 11:27:36,8437c45f-ea8e-4ccf-a457-0fc02e2a168d,RAM,Accessories,1659,ee7cf911-0c89-4978-9274-04c4d675e94a,2023-03-28 05:56:42,2,3318
678ecfe3-aaa5-448b-a28a-50ae1e1c5570,Patrick Johnson,emitchell@example.com,2023-10-30 18:06:13,083ec467-70d0-4e80-ba9b-9b7176d5b547,USB Flash Drive,Wearables,580,1696a058-562e-4b3b-abeb-146f3ef6ddd1,2024-11-20 20:52:42,3,1740
42e09daf-190b-4d82-9b2e-98fef0b90e06,Michael Molina,aarnold@example.net,2021-04-13 16:02:15,60910853-f184-4dee-bc54-0afeab63b790,Printer,Gaming,1890,5972f984-34a1-4634-9129-a135e78d65ff,2022-05-07 12:38:10,1,1890
1e2e7a50-1c30-445c-bcae-f406536d9427,Kimberly Curry,raymond05@example.net,2024-03-05 13:55:02,2e1ba5cf-6fb1-4822-b231-fc87a43fac86,Mouse,PC Components,1289,b9c78bf6-33cb-4154-8cc1-a16e73a95866,2025-02-17 05:31:02,5,6445
2c0d8bfd-e42a-40ca-a293-bf30e1d81f20,Charles French,grantwilson@example.org,2021-06-02 22:27:39,6eec64fe-22ce-4dbc-8bfa-6378c90698b3,Tripod,Computers,491,39eaaad4-570f-4e61-8928-207e71cccdd9,2024-09-15 09:59:36,4,1964
7477fffa-1226-43cb-b075-ce3da26037b1,Morgan Gross,nnovak@example.net,2024-12-18 04:34:20,20cee057-e4b2-4c3b-aac9-dbde1a07f8f9,Webcam,Networking,1273,3d5e2fe4-5391-4d8e-8b17-139c6abd7abc,2025-01-31 01:44:44,5,6365
cdf351f4-4981-42cd-bde7-78f1c64f49fa,Melissa Cisneros,zmiller@example.net,2024-10-31 00:12:19,1bd4016a-3fa1-4d12-9f87-178cb77708c4,VR Headset,Networking,1673,94645820-091f-4c8f-a502-05d8fb517e08,2024-12-03 05:59:13,3,5019
f96bf3bd-4eff-444f-a98d-7be0bd5c130e,Jacqueline Roberts,tyler75@example.org,2023-11-19 02:27:23,cb2f9b30-a953-4a82-a4e3-88cc628379c4,Webcam,Gaming,316,592c8527-66f2-4aa1-9e7c-73f25b9f2722,2024-01-17 14:42:44,1,316
ac4e6355-064a-4288-8b0c-5363bc3b18b1,Regina Morris,mark67@example.org,2023-08-07 04:04:01,5a13aa2f-0460-4113-ae02-51f271c2fd86,Power Supply,Peripherals,1522,011b88d8-11db-46df-b219-9e7dc5a20303,2024-05-22 07:12:34,5,7610
834f9611-583d-4a98-ab5e-9c1ef2539097,Stephen Garcia,jennifermills@example.com,2024-03-09 04:27:30,979cf6c2-7ab5-44c1-9ab4-cf9d65a4ab96,USB Flash Drive,PC Components,825,be7afc91-93dc-444a-847e-ed98f94bd0bf,2025-01-26 09:07:39,2,1650
32e27e59-2821-4d25-8498-6fc5f831a967,Mrs. Jamie Shaffer DDS,davidbennett@example.org,2021-01-06 02:39:33,9739b840-51ac-4fc7-92b9-f73ced453cc3,Smartwatch,PC Components,1469,23f4dee6-66ec-4486-b4b9-16fbb22b99e5,2022-12-24 04:46:20,2,2938
a9a03e4e-21f3-41a3-8218-2e0e5fcac1e8,Richard Avery,nicolethompson@example.net,2021-04-07 23:02:58,cb682ed0-9c55-4ee1-9ba5-04220ff83796,Fitness Tracker,Computers,473,abd22c74-748e-42e1-8e5c-905697c810e5,2021-08-10 03:52:37,4,1892
57b57e45-8b7f-4f6a-a4d5-4be0c7a601a1,Luis Allen,mckenzieandrew@example.org,2024-02-12 22:20:52,cf7bcc3c-1968-45bd-be5f-c76b329e0eb6,Scanner,PC Components,777,0fe7fd24-e543-4e93-9b53-a3002052970a,2024-05-06 06:31:58,1,777
67468dfe-9d4c-48a9-b64a-bf24cbfc70dd,Joshua Ibarra,karl34@example.org,2023-06-17 21:18:31,d71b2e86-d80d-4134-82c8-263c90fa2d99,USB Flash Drive,Accessories,1892,3a0f05fb-7d90-4695-9178-88808517e332,2023-10-14 04:57:53,2,3784
1da8d345-bb53-4128-a4fa-fa853eebb76f,Tina Osborne,ecastillo@example.com,2022-01-12 14:56:48,5ed1c535-2fe1-49b8-be4f-b29d81f42b03,Power Supply,Peripherals,968,77547e21-8a71-4c4c-b1db-fa8048df95ab,2024-01-29 11:31:52,3,2904
33e8e9af-fa29-4adf-90e6-4f5a57cb91fe,Samuel Johnson,smithpatrick@example.net,2021-05-19 08:42:27,c60f4035-2556-4244-9be4-9abb8b5e265a,Charger,Gaming,1703,12c163ec-4898-44db-b9b9-00d5b1ff6a31,2024-12-06 17:42:16,3,5109
a8af1ae2-3b7a-466d-9dac-0ffc568451b3,Misty Johnson,mariah44@example.net,2024-12-09 02:45:48,b2fc11fd-d46a-4c99-8024-9a7039ef0f8b,CPU,Electronics,992,e5a1b941-8589-438c-94c5-e96063b1331a,2024-12-18 17:46:16,5,4960
71a6a915-2cdd-4411-8a90-2b24da87b9cc,Kevin Boyd,williamsadriana@example.com,2020-09-06 13:12:36,b6d0ce26-e686-41b0-8f0e-97ecc3eb6556,Microphone,Gaming,1438,e84e6714-2c9c-4d97-9fb1-75c67a65e3ab,2021-01-25 21:21:54,4,5752
5f4a7152-4d89-4b99-a5e6-06a026c004ef,Corey Lyons,danielevans@example.net,2024-11-18 07:09:51,91f69209-40d6-4363-aa77-276e712b800d,Drone,Audio,1945,6fb69e9a-e725-4751-a5ae-eab32dd76182,2025-02-15 06:20:47,5,9725
00f964be-0449-4fbb-b04c-010cdded776c,Amber Taylor,edwardscaleb@example.net,2022-09-02 10:56:12,29218019-9a41-4561-b5de-979acf854b07,Power Supply,Wearables,306,f742c363-b4c6-4be6-abd2-61d6fd9a347c,2024-11-21 17:02:12,1,306
cf6fe2f5-c445-42d4-a33d-5eeb7ce64be7,James Hutchinson,hunter36@example.net,2023-11-18 23:17:33,d473c765-63ac-42a0-b4b3-6b148ac21608,VR Headset,Audio,1482,5b4c0390-487a-444d-a8ef-bda5bbda48d4,2025-01-03 03:59:21,2,2964
8efb6ae2-c49b-44e6-940a-95bb76210309,John Booth,khale@example.net,2020-05-29 01:06:35,1f2ad8b5-79a4-4f50-ad86-736338ec6471,Computer Case,Accessories,859,96b99efe-34e7-4b04-ba98-eac3670b869c,2022-12-12 05:28:10,4,3436
d281f635-14fb-4823-ab7e-f9a114ca9bdc,Alison Cardenas,hicksrebekah@example.org,2022-11-21 12:20:45,82ea531f-b806-4a2a-a626-174e931bab37,Power Supply,Gaming,820,8c66757d-3911-4009-a88f-de93f5bcc375,2023-03-11 10:11:41,2,1640
30ac2d51-b268-430a-b11e-8d3cdb648125,Thomas Rodriguez,shanemckinney@example.net,2023-02-12 10:34:08,7f474eda-6ae5-4ef6-b37e-99733057861b,Webcam,Wearables,1904,7ad1eab5-1edd-4782-afbb-be1fa95486a8,2023-08-08 01:47:10,2,3808
5ba02e0f-608a-43b0-abd3-fb4eb911a3e1,Renee Bridges,bturner@example.net,2020-04-03 20:06:44,143fc71d-1b92-4968-af01-384efcd0168f,Drone,Computers,970,dbf141cb-a7e3-4a9e-a7dc-0169b0f771f8,2020-04-06 23:11:33,3,2910
6f2c32a1-673a-4c45-851b-5632cf497f13,George Glover,christiemills@example.com,2021-04-21 23:51:11,96e63fe1-545d-4e0c-911e-20943701743c,Camera,Peripherals,1729,9224f80b-8fc9-40bc-bf30-1ce8279f3864,2021-07-14 21:58:58,2,3458
356aba04-f846-4c93-a8b6-d5b352ead2b7,Jennifer Green,susan06@example.org,2023-04-21 12:59:34,fa051031-e822-4d43-aeb1-90ff7402c3dc,Monitor,Gaming,93,75e94824-8093-4e02-b606-3f233bae0d23,2024-08-20 15:16:03,4,372
c59a1ad8-79e6-4166-9785-473191ce2fd6,Christina Valenzuela,emily14@example.org,2021-12-11 07:31:08,38bc761b-429f-40d2-acc0-787a5e1a9152,Computer Case,Photography,1068,07acf21b-646e-47c2-8af1-8ead51caa159,2022-11-03 14:10:31,3,3204
5bebd035-cc5c-4479-9315-df579778922f,Raymond Gray,frobinson@example.net,2024-12-07 19:27:29,5609e210-a88d-45be-aba5-63fe0f535d4a,External Hard Drive,Gaming,1498,f877a54d-b76a-46f0-b6df-36d5f397648a,2025-02-10 19:56:53,2,2996
2d5bbb94-f48f-479c-ae9e-e2b6b4f118a7,Bryan Rich,denise20@example.com,2022-05-04 13:06:24,a9ee4e13-562f-4a34-a76a-bc55a9966f95,Microphone,PC Components,841,1499d908-7977-4022-9cdb-b51ac467f7a1,2023-07-18 14:22:32,4,3364
c2fd5896-4f8d-4ed3-a197-d64d14166f80,Jennifer Butler,floresnicholas@example.net,2022-05-05 07:19:08,b0c0ae84-c683-4d86-9c43-fb9768bb400b,Monitor,Gaming,1459,4649ab56-c783-485b-bcf5-e289425ba5c8,2023-05-04 10:20:20,3,4377
e3a72d43-3993-4faa-bfbf-1e0194aab8f6,Michelle Thompson,bryan18@example.net,2020-06-18 13:31:39,d8558ab3-b3eb-469d-b0eb-5c3641312995,Camera,Peripherals,1980,2584372a-1c5a-4a39-bb07-dd0c7c68b538,2021-07-23 02:59:07,2,3960
caba6c32-41dd-47c4-a4cb-a8f0539c7a56,Margaret Myers,vhall@example.com,2024-08-26 15:46:41,f3e49651-34c2-4666-81b2-d367015f08cf,Smartphone,Photography,1420,9b9439dd-93c6-47d6-acc5-04d8b258772c,2025-01-03 10:22:28,5,7100
45e2c252-f0e9-4df1-b484-54827482c6fe,Michele Peterson,thomas21@example.net,2024-08-10 09:25:55,c3e90548-beae-4c8d-bb2e-9319323f8b61,VR Headset,Peripherals,1420,31e2d843-3bd2-4ce6-b5c9-59180561b821,2025-01-23 05:14:50,1,1420
1f9173f3-4e18-4316-896d-ef79ef86812f,James Craig,patricia85@example.org,2024-02-06 05:47:31,fe4f8f2e-2786-4d59-b6ec-2d8b09b634a2,SSD,Gaming,687,efc0a82d-b994-4339-ba5a-fa83b3223d64,2024-10-22 22:28:48,2,1374
afb4c192-26c1-4359-8ea7-55ceef7565e0,Douglas Greene,rebeccaray@example.net,2025-01-18 03:06:40,99eb1cb2-dd24-4fb0-90a0-d70d4af90fb0,Gaming Console,Electronics,793,c29e590b-7145-4d9c-8af4-bbcba4373638,2025-02-22 17:36:26,3,2379
3e471224-6f0c-4aae-9b45-5996d4373b86,Kimberly Garrett,zwelch@example.net,2021-01-01 11:32:49,522fa9db-a43d-4120-ad9a-be8915403cda,Bluetooth Speaker,Audio,1685,01a0c510-5818-4dcd-b1e0-56ca8814ab09,2022-09-07 22:13:35,5,8425
02958d04-387b-4494-8c52-e4082ad9b013,Cynthia Hernandez,calvin16@example.org,2021-07-26 05:25:52,f9a16c4c-ff4b-4525-a4d2-4f532d722d88,Keyboard,Peripherals,943,a06bdc83-901f-43b6-8ec2-9e70bab58fb8,2022-07-09 13:05:50,1,943
e8357245-0f58-4940-bfd6-c5c05d397a82,Melissa Stevens,fpatel@example.net,2022-03-05 12:00:11,b04239d8-d3ac-495e-8eed-7797c10242f1,Headphones,Wearables,1412,2fa9d6d4-f2a9-4c3c-8d63-a6851db8d191,2024-05-26 04:20:30,3,4236
54a95984-5702-4262-915c-df5f9aeef892,Megan Winters,robertshea@example.com,2023-04-09 20:52:59,b758e7c0-c3a6-4b52-9903-8e7cbb39681e,Camera,Audio,1490,3947c66b-7edf-4873-a946-f6bb0d4eef55,2024-03-11 14:36:09,1,1490
09cd2ed2-2ee9-424a-98c1-ec7a04ecc79a,Denise Foster,stewartsandra@example.com,2020-10-03 17:50:23,0a26ba6d-3d7e-4282-aac8-c7adb1741e78,Power Supply,Computers,71,ea83a4c6-68f4-47b9-a313-9b4228bf19c6,2021-03-20 10:13:50,1,71
4261b703-0df4-4ba4-ac7f-9e085d090ae7,James Wolf,victoria44@example.com,2024-07-26 05:07:22,3a0d2edc-a55e-4348-95fb-c1cb3ea36dcf,Mouse,Electronics,758,bbcd2e7f-23e6-4c67-bd43-4358cea223d9,2024-11-04 19:20:10,2,1516
8524a7fb-19d0-4e9e-b6e2-b078639fb04e,Devon Smith,joneskatrina@example.net,2024-05-30 11:13:58,07ed68c9-0cf8-4934-980f-da3c33b2a0be,Monitor,Wearables,1693,0da48881-e1b9-430e-a3d4-12ab199c9f28,2024-12-21 18:29:32,2,3386
d9a3929d-3d86-4d54-b3c8-7dcf2d7d72d5,Dillon Moore,matthew44@example.com,2021-08-29 14:41:43,2ec561fd-4bed-4745-9dbc-3fc14d9deec8,Scanner,PC Components,696,afa13342-f50f-4de6-bc0b-69e0091a5673,2022-10-07 12:32:40,4,2784
1ff4c39f-ee88-4a84-aedb-f9332e8ffd34,Bryan Contreras,joshua29@example.com,2023-04-01 18:41:37,3c8e3b1d-0d60-4c71-b35a-b11fcbfd478b,Laptop,Peripherals,121,9e25e90c-f370-469d-8c54-5ecc8861d24e,2024-11-27 12:18:02,2,242
0e48d975-f776-4bf7-b658-d600e65e5a01,Holly White,leblancchris@example.com,2024-09-24 09:56:42,93f6bb7b-955e-4f3c-83b0-4366bbe88bec,RAM,Wearables,684,240d3612-ba0a-48ef-b14c-6386d16d6b02,2025-02-04 09:29:25,2,1368
3d2627e5-5d32-42db-b691-8a3f030df45e,Scott Anderson,murrayemily@example.net,2021-02-26 14:02:17,4fd87a10-258f-454a-acfc-0e44078c5b76,Laptop,Wearables,854,778a178b-4e7c-4d95-81d8-c6ca7e823f74,2021-10-02 08:00:38,2,1708
15437c55-5736-40c9-ba02-e729d139438b,Francisco Garcia,lisasoto@example.com,2021-09-07 03:10:49,022b7b6f-f4e1-4b26-9b83-c4630af71d3a,VR Headset,Wearables,1593,40b0c2d7-ee03-49dd-aa25-2c905fc4e996,2021-12-04 21:48:43,4,6372
d6108487-028d-490f-8e3b-ddbb7787e3bc,Megan Watson,zvelazquez@example.com,2022-09-09 17:27:02,6f09a032-14e5-43d8-ba2d-55ccb2d199a2,Tablet,Accessories,1188,196b9a11-5bb2-4873-8731-ec0cb2810ddc,2023-08-09 05:19:46,3,3564
4013bf04-fdab-4586-b397-9cfc7945944d,Elijah Fields,thompsonamber@example.net,2023-03-31 19:12:29,73cb2cd8-35f3-4e0f-8e61-e8339850f985,Smartwatch,Gaming,827,58572707-9e8f-4cc1-a66f-f482fd692278,2024-12-30 08:57:47,2,1654
3a0e8c15-2101-43ff-8f51-ffb712192beb,Erica Lopez,emcguire@example.net,2020-06-07 14:08:02,3e388c00-c017-4820-8f35-3a3a8fd472de,Charger,Audio,489,b8c2e503-9c44-4d75-af89-a911dc101851,2021-10-12 18:37:34,3,1467
09ec8f93-dd95-41c8-9b5f-a8283d92674c,Ronald Martinez,katherineroberts@example.org,2024-01-28 19:26:11,d1d0bfaa-dfc6-4a12-9348-886c738dad99,Modem,Computers,1558,2fe70c07-ab72-40a5-937c-a7baf3cab839,2024-11-22 18:58:20,4,6232
a61e8cd4-b809-4cac-9f99-57bc3302934c,Gary Gonzalez,hallcrystal@example.net,2024-03-28 09:36:27,af027e5e-748e-4d5e-8f59-78e5efa51c0e,SSD,PC Components,1799,03538b39-3a3f-4435-87c6-c04fdd57a26a,2024-12-23 16:56:18,2,3598
f04bc1b8-6876-4703-9d8b-7fad89a08546,Samantha Wright,john62@example.com,2020-12-11 00:03:01,01331bf0-ef27-4a67-8170-65e6a8900aa5,Power Supply,PC Components,1954,9fc0395e-cb94-4e45-9bcd-cb59e31935fc,2023-02-08 14:30:22,3,5862
a73576a6-be04-46b0-b468-d4d217b06511,Mary Zuniga,nicholsjames@example.org,2024-08-05 04:49:36,faa8b04a-7dd6-4902-94cc-cbfe28744827,Computer Case,Wearables,272,a277a4fc-f5d7-4f40-ba91-13f6b815aa34,2024-12-23 11:21:13,2,544
c3655dbe-0e8b-49b6-9f43-221d5e1fba85,Dylan Richardson,ellisonmichael@example.com,2023-11-09 03:47:33,1f362163-cbe3-4fc2-b209-ba80077a8ca6,Graphics Card,Audio,378,394a3957-d978-4f50-b1c0-24d0a730c9b2,2024-07-02 21:23:02,3,1134
7c0da2a3-42dd-41a2-be2a-215d034c530a,Deborah Carter,choijames@example.com,2022-07-09 14:37:39,d7f8d56c-d5ea-45d2-9cdb-bad62f08763f,Tripod,Photography,524,ef20503e-b500-4dac-9c0d-86527ed22d53,2023-06-14 08:06:43,3,1572
41e7748a-1dfb-4bc3-9338-981f12ef904c,Lisa Sanchez,patrick86@example.org,2021-11-30 04:09:29,6d80461c-25bd-41ad-9cee-1d379fd66fd0,Gaming Console,Electronics,1009,aeb5c88d-c08a-45e2-9c5b-2daf8391f48f,2022-03-09 15:11:47,3,3027
f84abe43-7258-4a36-a707-1fb695b69c8d,Michael Stafford,erikdavis@example.com,2021-01-14 06:55:05,00e907cf-59ac-4fb1-ba5c-af6bcbcaa360,VR Headset,Gaming,1180,1f2c562e-b07d-48ce-ac88-7ec6274996f2,2021-11-16 14:26:01,1,1180
cf128480-57b7-461c-a1ca-4eb4cb1e4c8f,Kyle Carter,wallsjohn@example.org,2021-02-05 05:00:39,8548a77d-301b-41ae-973c-1810db9daef7,Network Switch,Networking,1962,112747e0-cec7-41a1-89b7-b99e61575891,2024-01-17 21:24:19,3,5886
3adb9f86-e97a-4c28-89e5-98ff5e927037,Jamie Preston,danielleallen@example.com,2020-06-08 13:34:28,8d3e1303-e06d-473b-8a60-3f1e85f571c6,SSD,Gaming,107,abf6a0b7-eb46-4933-8fc0-c6b9af33d5d7,2024-10-26 12:54:30,3,321
d5eb4b06-37a5-4284-9b91-32c21591d08e,Caleb King,slee@example.org,2021-08-17 01:04:00,2cfd9900-30f2-438c-9e49-4e64233c12fd,Scanner,Gaming,973,6dbe0ef2-edf4-4e51-a238-8d98d5cb29c9,2021-08-21 16:58:45,4,3892
ae6cc06d-ed7e-4ae7-8480-3b00525fca2a,Michael Scott,hernandezjackie@example.org,2020-11-20 15:51:14,fcf66d06-1ae3-473f-b711-9aaa93a7c8d5,Camera,Audio,733,4059bddc-840b-4c75-bef1-f158ff3166fa,2023-09-21 10:00:56,5,3665
c57fc969-f645-49de-9202-1015a97344f1,Melissa Nguyen,ashley28@example.net,2020-03-07 03:27:42,f5043f86-709e-49f9-9559-26e3e15d2a4c,Microphone,Photography,1679,c3040d2e-89a9-428a-aff2-5918f11618f5,2022-10-12 08:23:08,2,3358
b2f23232-0024-4636-8075-3d70e6f7e4c8,Alexandra Sandoval,vincentlawrence@example.org,2021-06-09 17:28:15,1bb61b98-36b3-48bc-b9ad-524ab4a8957c,Webcam,PC Components,2000,1887de4a-38c6-4825-85be-06ad0671614b,2024-12-30 17:07:53,2,4000
b542c3b7-95cc-4908-8800-e6735b312d97,James Miller,dawnrandall@example.com,2023-09-29 13:31:18,009f90aa-e205-4f4e-ad49-019c9bf8c749,Keyboard,Networking,1136,1f0999dd-c0e2-482a-a49c-407dd545e0f1,2025-02-04 23:18:04,2,2272
afde469f-3cbb-4511-a197-2ada8dd666cc,Scott Walters,keith48@example.com,2024-02-09 03:24:40,106685ca-5505-4a23-bf89-2ef741bb1734,Tripod,PC Components,1022,5cbb231f-984d-4748-b07c-bb7be3d2d6f8,2025-01-11 17:27:51,2,2044
0f633bc7-96e1-4474-89f8-b5103fba178f,Kelsey Fox,lrivera@example.net,2020-07-19 08:21:44,60b73b53-ce28-44f2-84d8-31d36c341d9b,CPU,Peripherals,667,78256e4c-14d0-4a4f-aac3-ae39813b8ac8,2022-04-09 06:43:54,5,3335
5cc19fab-fcf7-4725-ae76-d7eb46dd36c7,Julia Ochoa,brenda84@example.com,2024-02-15 13:33:26,13d9e2f5-9d59-4b16-b81d-434a36b55f3e,Webcam,Peripherals,1055,0a372df5-87d7-409a-85f7-e337e9d73569,2024-10-30 07:19:54,5,5275
08edd218-8bad-4c80-a60d-45b2f5622c8c,Nicole Gonzales,yjones@example.com,2020-05-07 02:48:10,483444de-292e-45e6-99bd-979b27a78642,Fitness Tracker,Photography,1832,f495efdf-dd16-4dbc-9a2d-992a8b404e70,2022-12-22 13:26:20,2,3664
b0b4d436-0150-4674-8d50-c73d08eca539,Chad Moore,htran@example.com,2023-10-19 02:36:25,f6736294-0afd-4c52-a291-e22ee10a2778,Drone,Accessories,1464,f52e6ea0-c347-4ae5-a5c4-09a9ea882e98,2024-07-25 00:18:56,3,4392
e671602a-4f2b-4161-8538-596dc38ab674,Taylor Sparks,cassandra02@example.net,2024-08-14 01:46:43,4819edb6-e373-46a9-bec2-9c5b94dfe788,Tablet,Audio,500,de95c370-df81-47fa-a87b-011f3e74266b,2024-09-20 06:47:58,5,2500
d2c050c4-641c-4411-94ca-de11210bc657,Daniel Harper,osbornecarol@example.com,2021-03-24 04:53:19,65c05328-3c61-42f8-afcf-11f49e9eb58a,Drone,Wearables,233,4ef6582b-72c3-4ed2-9bfc-3d1b32ee9076,2023-05-20 05:08:27,2,466
f7ab75b8-b0a5-4d1b-aee8-c77b8137ee4a,Amy Delgado,david42@example.org,2023-04-03 00:46:26,8a07fa84-29b1-4820-ba7e-c28eb9ff5867,Keyboard,Peripherals,540,6f4a0fef-8960-4a57-b1a5-bc8a80b7b208,2023-09-13 10:12:05,1,540
9558bb4f-4dc6-461e-acee-0d4a14e9b92a,Mark White,cassiepena@example.com,2022-01-26 16:43:23,9901291a-a901-4cc4-85df-267bf29081bd,Bluetooth Speaker,Computers,1097,c031ea7c-f508-4dd5-bb23-02be4f1ccbb3,2023-03-15 12:45:35,2,2194
c42b87ea-0132-4e93-8f36-d6ed686c618e,Kelly Brown,laura12@example.net,2021-09-02 17:52:23,b2cc911b-6ef3-40de-aa71-e8e1f60e7468,External Hard Drive,Networking,1214,57387969-f931-4c08-9940-2865e32bf00a,2022-06-02 05:40:17,5,6070
ed9dff2f-e162-4cd2-8383-6cf30151f5af,Ashley Davis,sanchezsherry@example.com,2022-03-25 08:05:35,e16a6894-0726-4973-9b7b-94b51b8b4df2,Drone,Accessories,282,879e13da-7e15-4cb1-8c97-9344baab49b3,2024-01-31 20:06:43,2,564
dd841ebd-23f6-4f77-9fa2-64ff030140df,Jesus Gibson,hhill@example.org,2024-10-11 22:38:55,4c2e544d-294f-4df5-927f-69a3ec7d2094,Power Supply,Photography,720,cb0a1478-3151-4852-8ed3-4e8c7d765dfb,2024-12-27 14:03:26,2,1440
4a547923-8014-4ac3-83bd-352d0ee04975,April Martinez,michaelwalker@example.org,2022-08-24 09:27:34,abf7bf97-8996-41d6-98b4-d08cd61ac65a,Bluetooth Speaker,Gaming,942,380d21fc-b3c0-46bb-8507-ab1b85509bae,2023-03-01 00:44:52,5,4710
e7f2cd66-d01c-49bb-8df1-bd9799973d32,Amy Williams,smithbrett@example.org,2023-02-05 04:35:22,03f85f7c-90d3-4aea-b8ce-11465cb26834,Webcam,Networking,745,459170bd-4725-4bcf-b0b6-30011b90b295,2023-03-12 22:16:06,4,2980
192ea4ac-b068-4770-a198-b4200d4ce80d,Jennifer Lawrence,smithstephanie@example.com,2021-03-30 10:53:22,461461b8-cd5c-4c77-9e72-86dcdda03853,Smartphone,Wearables,1301,903c1862-fde2-48ec-be2e-eee43701d456,2021-08-04 23:01:55,2,2602
da9971d4-700e-49c3-b974-7c73add30f27,Michael Murphy,millerelizabeth@example.org,2021-10-24 02:22:58,fbb05a7e-eb36-4aef-b91e-fbcae2fef0f4,Fitness Tracker,Computers,1768,3f82f12a-2dbe-4000-9740-831bff4435bd,2022-11-12 04:06:12,4,7072
2797b287-af77-4518-9d8e-b07f35bf06ff,Robert Watts,joseph96@example.org,2024-09-28 23:03:23,1beb36eb-2a4e-4bb1-938d-9d5179fb04b5,Motherboard,Peripherals,1079,814c7451-4849-442b-b35f-7746db541d83,2024-10-14 22:53:59,4,4316
fccf82a1-8ed5-4df4-bb96-8c1e49c59464,Miss Ashley Martin,richardedward@example.org,2021-05-07 04:37:22,7b888a1c-131b-4aed-99c6-7e43c6deee98,Microphone,Computers,897,f8add58a-d03d-4ebd-8cb9-edf7f0d68b93,2023-11-10 21:03:56,5,4485
2190a6b8-fc7a-4a17-9edd-a34435582c06,Amanda Johnson,kristinmorales@example.com,2020-06-20 05:22:28,b9514ccb-9b3e-469d-b029-544212b3023b,Tripod,Computers,775,68c82e30-c8f6-43d8-8e2a-e5ea1ac0867a,2020-08-10 00:17:09,2,1550
0fc62302-308e-4ea8-84f9-5e6f12d09836,Sheila Davis,jasmine30@example.org,2024-07-28 18:08:45,1750f0e6-884f-4b65-b047-51f46d270edc,Charger,Electronics,1852,64b41f50-6dc7-41aa-bd20-d123d8a46136,2024-09-09 06:41:26,1,1852
ba21a1bd-ae08-48b5-bbf4-bdce5fb452d3,Casey Wolf,randyherman@example.org,2020-09-09 13:56:33,0df489a7-6eb2-4a7f-84ed-a7341f57b332,Drone,Gaming,1105,31b02e27-f722-4603-b20c-6379e86b92fa,2023-05-25 02:01:10,3,3315
354d40fd-81e3-4896-a731-dedb1727f9d9,Jennifer Cochran DDS,wendypetersen@example.org,2021-09-19 11:40:00,75e002dc-f23a-4d73-8610-bb89ec68086b,Drone,Computers,1969,8a4b43e5-3a7c-41e1-9edf-f76d828cedfa,2023-06-25 09:30:04,3,5907
a860ce72-8381-4da0-986f-98d6bc4475da,Christopher Owens,michaelharrison@example.org,2021-10-14 07:09:01,f0e38b1e-a158-424f-a998-44e6e2ca1bd0,Tablet,Computers,468,aeb87585-57e4-4cb5-8ef3-4b77edda161c,2022-01-20 17:06:27,4,1872
d38c41d8-4ad7-4593-81fe-d6fc6de1b631,Veronica Bautista,haneymadison@example.com,2022-09-05 00:04:34,a217acef-35de-4446-985f-bfe7722fe529,Smartwatch,Audio,511,e00a0d6d-10c7-4a11-8195-e05c6837b6ad,2024-05-22 07:08:41,3,1533
7f9a670b-1314-49f4-a41d-3110ebf8094b,Julie Cook,karen53@example.org,2023-02-27 15:30:07,6a6985db-90a2-4701-98f1-606870c4309a,Graphics Card,Electronics,1638,01dcb946-808a-437c-9086-faafbddcec31,2024-04-15 11:18:58,1,1638
d6740b38-2ebe-4374-8660-019a9b214ff6,Chad Newman,jared03@example.com,2024-10-20 20:30:13,54ad7268-c276-4cd6-9e73-5f001fb7b71a,Drone,Audio,1716,39f4a823-061a-4e57-98e1-8d17efa431b8,2025-02-06 08:18:53,1,1716
09ff77fb-085f-4bd1-aa68-82d7fd303f67,Barbara Castro,tandrade@example.org,2023-04-18 02:34:25,c9d2f67c-7141-4149-8fa2-fcbcc93ef348,Gaming Console,Peripherals,838,a73ec7dd-26af-41be-9fdf-a8a0bbef5217,2023-05-25 00:58:04,5,4190
209e2081-3b8c-4665-9bcc-bd03dbd1d106,Sierra Parks,stevenstyler@example.org,2023-03-21 13:55:57,8e06565f-3747-45d2-a0b5-8aea50981d50,Laptop,Audio,691,3ecd4229-1ee1-442f-813c-d49d1f079c15,2024-01-16 00:14:01,4,2764
7b4560a9-1dc9-453e-ae9c-d6d9182d8ab5,Sara Berry,vthompson@example.net,2024-10-28 17:30:40,11caf51e-6552-467d-b32b-5185b42c6def,Drone,Electronics,1284,cc876cb9-97e6-45cd-aefa-7fde4fb322c1,2024-11-04 00:21:18,4,5136
dd6bb174-5341-4ee9-acf4-ab2a444d2b0a,Hannah Foster,sullivanandrea@example.org,2024-09-18 02:52:17,4cd4d038-a3be-4362-a5c2-a1b8a1f62371,Router,Photography,770,38742d92-20e9-43a0-9015-7407c9ebb050,2024-09-29 05:05:35,4,3080
8c008701-d4b6-4112-acd0-60aee5f16610,Krystal Rosario,azimmerman@example.org,2023-08-29 14:35:08,26c27ba7-3388-42a3-bb11-16f1d4349dd6,Scanner,Peripherals,772,dc23bc25-766f-47c7-b9b8-969753d7ac91,2024-10-11 09:24:10,1,772
fb1551c4-b96e-429b-9e85-d5b1218af9b0,Brittany Huber,tonyjoyce@example.com,2021-03-16 07:10:27,c4e31bd4-eb39-41e4-89a6-fb782e167674,Graphics Card,Gaming,1529,581afef5-280a-4dc6-a0fb-f4b7e5b5189e,2025-01-16 02:51:46,1,1529
1c19dc4b-b36d-48ab-bc0d-8a2cad830771,Joshua Ortiz,sara73@example.net,2023-03-13 11:18:45,a07c8b7b-a34c-4e1b-bd38-a67885a1267c,Smartphone,Electronics,87,eb2b0136-9a31-4fe2-9924-b73fe2c5bc00,2025-02-23 18:11:10,1,87
226ed6d3-9e0a-45f2-a300-f4ca05acb3f2,Angela Dean,michael83@example.org,2024-04-08 09:13:07,ca1fb519-4998-496a-9891-326a58561cd9,Gaming Console,Accessories,1378,fc8542f5-07db-4d7f-97af-2672969c2217,2024-06-03 09:10:57,2,2756
0fd0aca5-047d-48f9-9979-950ef8fffca8,David Campbell,caseycalvin@example.org,2023-03-13 17:17:07,537352d2-99ab-4d6d-8392-deba9cc98b29,Graphics Card,Photography,743,082b2b63-fcbd-4a83-b8c6-0a95f1e41981,2023-10-06 09:18:44,5,3715
598b42e2-6815-4e0e-8c9f-5fe69d94381b,Donna Lopez,vcooper@example.net,2023-07-12 04:57:47,f9f6a2d6-abbc-46b4-834f-2d21b5c786bd,SSD,Accessories,1371,ea3654b8-b47a-4227-a10b-d0adb5c0989f,2024-04-22 20:28:08,2,2742
0776e773-9afa-4ae1-b6ce-52c79c5ba8c3,Robert Walter,amanda86@example.net,2024-02-02 22:55:08,abc0267c-5322-4485-bc42-85c023ee93be,USB Flash Drive,Accessories,559,7473e970-e81e-4700-a07e-d7c9bae9ee93,2024-08-09 06:09:26,2,1118
c5454acc-a760-453f-80ca-9f7730cec3e6,Christine Williams,morgankeith@example.net,2021-11-24 23:15:26,7f541ebd-64fd-4f7d-ac54-310a692785d6,Laptop,PC Components,1708,ce8f1f89-6bbc-4451-b3cf-87d44cf186d7,2025-02-05 07:26:50,2,3416
db65720a-ea09-4d10-a315-90a32b695e43,Christopher Novak,sullivanangela@example.net,2022-04-14 08:32:29,9a59b55a-7df9-4178-9341-73c298937a45,Tripod,Audio,709,592891ac-026b-462c-a521-b0d3ee79acb8,2024-10-30 05:28:37,1,709
75a86538-149c-4f33-9dfb-daeb3c327dfc,Regina Underwood,brownkristy@example.org,2022-11-13 01:40:29,29ab5371-7424-46f8-9a4e-347d3746707c,Monitor,Wearables,1203,9c3a7bdf-fd4e-4aed-8040-69cbf15e4c93,2024-10-22 17:16:04,1,1203
4c53ae52-26c4-423f-8cc3-04af9ad1e1f9,David Garcia,karenfigueroa@example.com,2022-10-23 20:44:52,08d94812-43ca-41fb-b5c0-7f57b9394efb,Monitor,Gaming,825,c3ad6f2b-5c4a-44d5-b42e-dbbcfb519bb7,2024-10-21 12:58:53,1,825
fc5d863f-d592-4fee-8e59-572429d2eefd,Denise Hampton,sylviameyer@example.net,2021-02-14 18:02:12,3454e66d-9cf7-4c70-a1b0-ddf06f60c41e,Microphone,Networking,898,073d45dd-8e55-4127-b100-ec15944d86d3,2022-09-02 19:00:32,1,898
69f0aa50-1ee4-4bd9-a7fe-34853fd15e5f,Kevin Brown,rileymercer@example.net,2024-11-28 15:00:28,892119eb-6ce3-4ee8-9b6f-e61a3898188c,Tripod,PC Components,864,07e0cd47-8fc1-46f7-bdcc-02ac7d9c02a5,2025-02-13 04:41:11,3,2592
6649cca6-b1e3-44e7-8bc3-cb1c48ab7b4b,Michele Hobbs,robert55@example.net,2024-04-03 20:20:06,cc827e61-f548-425d-abac-646ff98e6f82,SSD,Networking,1846,1f0f17d2-9313-43fc-9f5f-4efaf14fa70c,2024-10-28 08:32:00,5,9230
22b3d113-dc2e-431a-97e5-4cb9965033ae,Travis Cummings,jason61@example.net,2021-12-11 04:09:56,453d5342-aaeb-4a00-a8f6-9c05ad6025bc,USB Flash Drive,Gaming,1758,cca03351-5957-4315-9aac-c2c880e0edaa,2023-07-05 03:55:57,4,7032
d2e776c4-563c-4f98-a057-d5757fb54d8e,Jeffrey Ward,crystal65@example.net,2023-01-02 16:59:53,52ae8abd-8ca1-421c-bd0b-f0b15f9e6b4c,Smartphone,Peripherals,238,32d24a21-ab24-41f5-b9c8-62aeef69c856,2023-02-04 16:10:47,2,476
e160e554-7a2c-4ccd-bfaa-9ca0f518f3f5,Leah Hunt,dcastillo@example.org,2020-05-29 12:29:57,88ffff00-aeda-4223-bc0d-32368598cdc7,Mouse,Networking,313,e5abfcd5-4082-4d3c-9f85-67ac54b37d62,2023-09-27 19:09:45,1,313
7b5f0449-914c-48df-ab16-f95cda0aeaeb,Cory Edwards,ibradford@example.com,2024-11-30 06:52:11,82b42eb4-ce84-4714-9763-d27310049a95,Bluetooth Speaker,Computers,1595,b997f88d-ed71-45c5-bf79-4ffe23e25a99,2025-01-09 15:47:14,1,1595
5a269285-44e7-49ae-a441-5803122deddd,Ian Myers,rmoore@example.org,2022-03-10 09:24:19,b40ffb9d-b472-4d7a-adb5-edfba960c85b,Headphones,Networking,1311,6c2b4f9a-6b90-4394-9cdf-05e53a32619b,2024-02-10 21:21:42,3,3933
18b817cf-c32d-4493-a633-f65df175babf,Kayla Hatfield,gene56@example.net,2022-04-18 00:49:29,d6acd9df-a4d6-477b-ae25-3d7f4547fda0,Microphone,Audio,1212,fb5954ec-cf01-4103-8ceb-a4fc38f1aaea,2023-03-21 23:44:06,2,2424
996ea196-fcac-44e9-a49a-6aad7d2ccd41,Patricia Miller,jeffreyyoung@example.org,2025-01-25 04:25:47,ee0ba06d-c3b6-43fa-b42b-4b9c56a0cb75,Camera,Networking,136,1b4f4ce9-8a98-4d62-b668-37bc8c2c10e0,2025-02-13 01:32:14,2,272
ed2aefa2-559c-4e94-932d-a916e632e359,Justin Marshall,hillsylvia@example.org,2020-08-14 05:51:30,ae76984f-593f-4123-b2da-d42d2aac8ec1,Tablet,Gaming,380,0ea201cb-b8ec-45b6-9b79-0985b0eefbd1,2023-08-18 06:35:12,1,380
1574835a-49bf-4ed2-a925-0a17e4e02054,Alyssa Gonzales,hardingphilip@example.org,2024-07-14 07:53:03,9c40e191-87f9-4daf-a245-2fcd183cee7b,Mouse,Computers,1410,7eeb30ae-b8cf-46a3-8ff1-0d20b35cef12,2024-08-31 08:28:52,5,7050
4bcbbf8d-7e8c-4ec1-b897-8fb5d5c04aaa,Michael Combs,ramirezvictoria@example.org,2021-07-29 05:19:56,c316a6fa-65f1-4968-93e7-ed95e46f576d,Headphones,Networking,1803,fc73dd07-9284-4178-8d66-db11529cb999,2021-08-19 15:08:03,5,9015
c07d3f13-e96f-47ee-a4c5-9745609c4ec0,Nicholas Gross,danielgonzalez@example.net,2022-07-07 10:39:59,5280519c-7f00-41aa-8a36-0739cf1a7f45,Motherboard,Networking,313,2bcdce0e-afbc-46a8-b492-2c1bd92c72b8,2023-09-27 21:51:00,4,1252
a8d35586-38c4-4b4a-ab3d-6e3e6c16be28,Michael Patrick,james65@example.org,2023-07-30 07:29:03,fcbd870f-2e81-45d5-ade8-1f66f4d4c8b4,Router,Gaming,21,69d3fa90-968c-485d-8ff8-889e57142f1e,2023-12-21 00:17:02,5,105
0f65cb6e-a3c7-4bfd-b1b5-5899f5199800,Lauren Salazar,andrea27@example.org,2023-07-11 18:48:18,2ef02c70-bf67-483b-bf80-df926cbea2d6,Fitness Tracker,Photography,1527,35692d51-d879-4486-9f37-ae59ff4cfff4,2023-11-20 16:48:12,2,3054
0edd956b-62ef-4538-aea5-8060daabf4c2,Amanda Garrett,mlowe@example.net,2023-01-13 12:28:28,0740ecf5-8aaf-454e-93e5-198b74b69c2d,External Hard Drive,Photography,354,aa7f29f8-29a8-4233-b976-b90e226808f2,2024-02-13 01:08:24,5,1770
95c825f7-bbea-4b31-9d2d-47c2c0a4e813,Chris Kelly,savannahmccarthy@example.com,2023-12-06 12:06:12,f5618c06-6e23-41dc-b06a-e69aba27fa1d,Power Supply,PC Components,1336,eef2bfcb-e2ff-480e-9906-73664b867f5a,2024-02-21 21:08:27,4,5344
a3c2a6c0-5e03-455f-baf2-285e2c1ddd42,Russell Jones,karenthomas@example.com,2020-10-18 05:46:37,d3a92511-49b4-455d-a4d2-000c165f233d,RAM,Wearables,516,a88b0cfa-b54a-447b-adf8-228e1fa89368,2022-11-12 20:52:40,2,1032
9aa03ced-6666-47df-be45-f996540d15f2,Jody Perry,rebeccahamilton@example.org,2022-04-17 02:11:44,57f6defa-62fc-45d7-85f8-acfcdfd3e461,Scanner,Gaming,164,8c92409e-6e89-4be6-85b3-50dd6fda8124,2024-03-06 01:00:39,1,164
db7ab126-b997-415a-8b95-3cbfc20e01a4,Melissa Pratt,jallen@example.org,2021-12-04 15:02:11,cc568547-ee8a-4a64-b1ee-6aca6ca1ea72,Scanner,Gaming,141,07d5edb3-dd5d-46d0-86e5-e4e1b53ec05f,2023-01-10 04:58:11,5,705
de2c9bf2-76ed-436d-9ce8-88c5e7e20fdb,Eileen Kane,tiffanyjames@example.net,2022-05-24 07:42:18,d62842cf-a75f-4d71-b50b-eb7bfe4333f3,Mouse,Networking,855,597c1a85-f580-4010-b06f-02dc6a255d82,2024-12-25 03:46:04,5,4275
4e5bde6e-9e1f-4160-b1f1-f07b492cd0de,Larry Blanchard,candace74@example.net,2024-12-19 00:09:16,c4801484-8448-410a-8c7b-a437418173c2,VR Headset,Wearables,800,5e5db7da-4d04-472c-8b74-dab16809e0c0,2025-01-19 09:32:02,3,2400
64c222bc-942f-4c19-9370-3953bd11c72f,Joseph Hines,leeashley@example.net,2022-11-19 18:13:43,b501f58c-2b77-434c-b866-f94fb37e2acb,Bluetooth Speaker,Audio,373,ff99872f-1292-47de-a9db-937aa0721443,2023-01-15 21:44:54,4,1492
10733ba6-1a62-42f6-b8a1-ff622dd5496b,Becky Love,rileyashley@example.net,2020-12-25 06:27:42,2a9d7139-d942-4412-91be-63e1ea8fb1fe,Mouse,Peripherals,153,b24b03eb-2a10-4901-996f-8ce1bb66a541,2024-12-18 11:46:50,4,612
9d4c9438-c6a3-4824-b4e6-15122e7d4398,Stephanie Contreras,taylorrichard@example.net,2023-05-29 14:56:40,9a546138-977b-493e-8b4f-ffa3ff3765ce,Tablet,Wearables,900,1448afc7-ae81-4e37-9044-2705842d81a5,2024-11-08 21:00:48,5,4500
d782d8b5-528c-483f-95a6-f71cc4fe0884,Chad Elliott,rothaaron@example.org,2022-08-19 22:41:04,9de0ed17-2d58-4f7c-8245-c4736c607271,Printer,Accessories,206,9129e3fb-b935-41d9-aff8-3028a1b13201,2023-07-06 22:34:12,3,618
4b8465ad-161f-42a8-8a94-fc11a8967061,Nancy Mccann,leerichard@example.org,2023-07-22 09:55:43,a61ed297-918b-43b2-8883-2edc2e1dcb0a,Scanner,Computers,680,6f1fda9a-1965-4857-845f-5376369c3a88,2023-10-05 15:32:47,2,1360
ca31b0c5-8530-420c-91b4-286678ca40dd,Stephen Meyer,margaret44@example.com,2023-08-18 23:46:13,0515d32e-93a7-4c50-8202-1f376a1b2b07,Drone,Audio,1955,b708d638-83c1-4e20-9fb8-ae1064d490c7,2024-04-29 17:47:43,2,3910
81819af2-0b96-4e07-819e-e5995dc7bb72,Victor Freeman,kellyherrera@example.net,2020-10-24 21:41:43,d426ae27-f0c4-4311-8b4c-0ffcb7f4aa2a,Smartphone,Accessories,517,90131cde-0806-4e81-be1f-b17517a1cfec,2022-03-24 09:30:27,4,2068
0ab07073-27ba-43ee-ab2d-06e92f5fd65c,Timothy Hampton,sarahandrade@example.net,2022-09-15 09:42:47,bfdeddbf-40c7-4760-a76d-101ea5e3ade8,Computer Case,Audio,330,bdec69a3-f4bf-4b43-9d36-6f39db516776,2024-03-11 06:41:47,5,1650
ed449b0d-7d98-4306-8b21-8ddc59eaffdc,Sarah Rodriguez,scott56@example.com,2021-07-24 06:17:36,919944a6-e69f-46b7-9100-5eb888bbcdd4,Printer,PC Components,1898,1ec5fae7-a4ac-40a8-a3bd-d42a28686912,2023-01-10 02:46:23,2,3796
32ae56b2-5e8b-4fd8-957b-53c4ed6f442a,Lynn Hays,steven73@example.org,2022-07-06 17:00:37,e03ae4e0-5dca-4b64-ae71-bee644cefac0,Motherboard,Computers,1994,2d858a79-bb83-432c-86e0-d177f0ea67a3,2022-11-05 04:42:48,2,3988
7998d673-e0ed-46ba-bb8a-9e418e4f998e,Christina Webster,andrew28@example.net,2021-11-21 08:44:03,4255a169-7973-4bc6-bbd6-537c5c33c8e1,Charger,Photography,1756,010856d1-c173-4e6e-b7ee-52824d80c14c,2023-12-28 23:16:29,4,7024
37343d27-b47f-4650-9af8-d4eb7897f85b,Jessica Anderson,garciaangela@example.com,2024-09-13 14:11:55,f5220de8-f5c5-4502-bde5-a90587946f41,Motherboard,Audio,1036,afed8419-980b-4195-940f-36111bb3b597,2024-11-30 16:14:28,2,2072
bdae3376-ff59-45c1-a80a-e441c746356d,Steven Miller,jhoward@example.org,2023-05-19 08:01:55,5bfa0964-5360-465d-8eb1-b28422f0cd5a,Bluetooth Speaker,Photography,385,87ed3bee-87c9-4632-9ad1-e33c07e40674,2023-11-12 02:46:35,1,385
90fcb1a4-c9e4-4a4d-be2e-e974972d963e,Beverly Carter,allisonroberts@example.org,2022-01-18 20:13:12,24e15233-2640-4b9c-979f-a4e3516f8fe9,RAM,Photography,1385,a2dc5ec3-a1c3-4db4-b85a-0847f664a8cd,2024-12-20 07:34:09,2,2770
089b35f6-3944-4dd8-b99d-055edeae19b4,Ruben Lee,james55@example.com,2021-10-11 16:56:11,b36b6660-6bfe-4fad-87a8-23b1ee3ab4cd,Monitor,Photography,637,ccf5a11c-fd39-4d06-8145-91b0370e1884,2021-11-29 23:40:08,4,2548
71fd8ccf-2c15-4be3-b82c-eed320bf985f,Gary Ward,williamslauren@example.com,2020-08-02 03:46:43,68322865-cfda-4f4a-815b-20fd60cc1a09,VR Headset,Networking,171,1a468e4f-c5bb-404b-a226-0fbf9d2b85f6,2022-02-08 04:56:25,1,171
59bf38d5-f237-4be2-b892-c15f8aa3ec3b,Tammy Reed,qhinton@example.net,2022-09-01 05:19:50,0ca070ae-758a-43da-befd-cc80cd0c6fc4,Printer,PC Components,847,18d0d46a-71c6-4b6b-8acc-c047ad3e424a,2023-04-28 09:09:37,3,2541
6d456c69-ab6e-463f-98b1-51dabc25669d,Sarah Davis,hernandezadam@example.org,2023-01-08 05:55:10,71d7a9d6-08ae-4014-8a7a-0285ec7f0cb8,Power Supply,Gaming,1683,d995ac8d-3159-45d3-9ae9-68b35ef89343,2024-06-06 22:04:16,4,6732
f6528ad0-7090-4e7b-b6fe-d69acb9114e1,Tamara Andrews,dana94@example.net,2023-12-05 13:00:47,8cc4294c-c2cb-4e7c-b404-880b8768a36f,Fitness Tracker,Wearables,955,a37dc3f9-af2d-468f-bab0-d85b110ce2f0,2025-02-25 17:32:28,3,2865
a2c7244e-e4e7-472a-bd28-956435f8c40e,Kyle Johnson,austincarroll@example.net,2021-08-09 17:17:40,6e8ac41e-1990-4fb4-8b8b-271646f2c30b,Microphone,Electronics,1164,a1ba503d-c9a0-4769-9849-9d5f66e1c679,2024-01-26 19:18:06,1,1164
eceea582-4182-4e3e-b483-05f69922af4f,Tim Vasquez,garciacheryl@example.org,2021-11-16 16:14:26,cbf378f6-1774-41d9-9ebf-4e6006d1c179,Scanner,Accessories,1225,b7b2e3f9-53ad-4a9a-adef-900adeb3efe7,2022-07-31 09:57:39,5,6125
9c9fe6ac-e549-40df-9099-226c28700eec,Emily Adams,williamsmatthew@example.org,2023-08-20 11:46:45,5f37e086-ee12-4479-8d32-778ad82f4dac,SSD,Computers,344,ec48aa29-6982-4101-ac24-c2b95b721c96,2024-03-14 07:33:54,3,1032
bf52d331-e130-47f1-92be-86bcd2049aa0,Mark Nelson,glowery@example.com,2022-08-25 13:02:58,affa23b1-73c3-4403-871f-8ef51ea6b9d3,Charger,Electronics,1090,9acd8f19-10af-4ffb-9593-679252123027,2022-11-23 03:47:03,1,1090
002d6a2c-4276-49b7-a31f-cf1b9bdf2719,Olivia Jacobs,ebeasley@example.com,2023-03-06 13:50:26,a7c2d66a-7753-4258-b43d-623a9bede2da,Router,Computers,591,92a55211-50da-419e-9e1d-4954bc1a9fc2,2024-09-14 17:33:33,5,2955
083a66b8-1b65-4949-a9cf-9e07d4c5b1c2,Shawn Ayala,cynthia82@example.net,2022-07-15 00:09:10,686ce0a7-61b1-4bea-aa59-14b42cfea2e9,Printer,Gaming,442,422e081f-6de7-4f61-a9a6-729ca07424c0,2023-04-29 09:06:55,1,442
bc61227c-8ead-4561-aeed-3b47174178fd,Jonathan Walters,valerie83@example.com,2022-10-31 22:05:25,b893c51a-6beb-48e7-9646-f53ebb21c076,Router,Gaming,1346,6ee7d35b-d9ab-4cb1-bc37-4ba8777f1c44,2024-11-18 20:28:49,3,4038
78bf22f5-ef72-4961-85c2-51416a2a40e5,Brittany Crawford,jenniferfletcher@example.net,2024-07-29 04:17:31,5933de71-ed18-45a8-9c01-79f5218014d4,Fitness Tracker,Gaming,1646,6cfce775-9b1d-4c08-a286-bc188b3b9408,2024-09-22 22:40:34,5,8230
32cabc61-5575-46cf-b03e-98dd5ebd31eb,Rhonda Garcia,jonathancox@example.org,2020-08-15 06:52:28,9878f9f9-044e-4a6c-88fd-453c1c6f24d4,Smartwatch,Electronics,479,11170881-b9d4-4067-bebe-d26f5c6fa48b,2024-09-06 05:17:22,4,1916
c50e5ce4-f453-4f9b-8452-c331564d5106,Tonya Tanner,agreer@example.net,2023-05-04 17:52:02,aa8a488f-0538-49a1-bd56-adbc832301a7,Bluetooth Speaker,Photography,1443,1296c9b0-9b98-4e94-8c0f-f6ffaa6233dd,2023-12-14 05:08:39,2,2886
af8957f6-0416-44c7-be54-db252a9a3a57,Beth Jones,christine15@example.net,2022-02-03 09:07:38,b79ac6ad-9b2b-4bc1-8acb-6082074c5b5a,Laptop,Audio,1849,9e806256-c1b3-4638-9724-4dc514027558,2023-08-18 22:46:45,3,5547
47d8302e-d16c-4430-995b-651a89114acc,Nicholas Mccarty,cobrien@example.net,2020-09-16 23:45:09,f2089c54-9383-4a1e-bda6-caf645f0b1c1,Microphone,Networking,1318,2e90b380-367b-4c03-9b72-3d51b085a718,2024-11-20 07:20:34,5,6590
522a48fe-9656-4817-b85e-1804bab94ea2,Cassie Patel DVM,george57@example.org,2020-07-18 18:33:12,e3cd8f3a-e902-4890-9e0f-964827390201,VR Headset,Photography,1825,2f8dfd91-bfad-40c7-8b9a-3a23c80b30e7,2024-05-08 09:00:18,2,3650
5a78c9c9-1a70-4210-9366-b5dcbcfceea6,Rebecca Ramirez,gary32@example.org,2022-08-18 14:41:55,e7905055-f203-4f4c-b001-e6e5be215024,Microphone,Peripherals,414,7f2ad164-91f5-47ac-8883-9db0727b8ae0,2023-05-14 09:25:54,4,1656
3700c206-4f64-4d3e-a59a-41df63a4d44c,Michael Garza,whitneyjohn@example.net,2024-04-08 10:27:55,9d424a31-dd61-4a94-bd82-2f7c44f83589,Monitor,Audio,1647,e438b9b7-67f0-4323-8c18-f01fbc4799dc,2025-01-07 06:13:57,2,3294
cab44614-581c-4804-8808-b496f505e7e1,Steven Hernandez,bakeralexandria@example.org,2023-12-18 11:41:10,ef483903-21f8-41e8-81cc-f154b7cc5035,Laptop,Audio,476,83f19ac7-4c2a-4690-99fc-f422a4406610,2024-07-01 10:31:33,5,2380
10c3652e-9ea9-4a6b-b9e7-abc27acd85b2,Steven Odom,allentodd@example.com,2021-08-23 17:35:21,eca9cf42-4cf1-4908-b3ba-e86e12eed862,Motherboard,Networking,1794,67cc11e9-3ab7-4f09-8abb-cd3283c66552,2023-10-17 19:48:07,4,7176
6562b923-dbcc-44b3-8960-90531fbeb0dd,Tim Allen,pamelaschmidt@example.net,2024-07-27 05:58:46,b3220e82-5a2d-42ad-9fd5-ca56499b8497,Bluetooth Speaker,Accessories,1917,2498eb7a-ebf9-440c-8003-32d4e2c33798,2024-12-20 17:05:44,1,1917
0da5d67c-b48b-416a-9dd9-d2a03299e980,Miss Kim Smith,davidthomas@example.net,2024-05-23 21:43:34,ef1d3a46-4696-433d-94f5-bf82503e1ed0,Charger,Electronics,1281,4777e9b3-79cf-4f2f-9903-def27ed6d787,2024-08-24 00:42:24,5,6405
921e9b08-439b-467c-8408-f8db53d44a8d,Justin Turner,qwright@example.com,2023-12-08 21:23:31,db2b0973-16ab-42ab-848f-38d7ebb9b390,Mouse,Audio,412,fbe4a719-a024-43e4-8ef8-93d03ee615b7,2024-11-25 06:22:09,1,412
802fc7ff-2764-4639-9ebe-b1e26bf74e6f,Michael Mccarthy,katherinewagner@example.com,2021-03-04 11:33:28,f038158b-6293-4273-9407-9642c0b73ef2,Camera,PC Components,804,701120ff-1498-436b-a8c6-3646f26091d4,2021-12-17 19:33:54,2,1608
689339cd-e8a7-484a-b24b-d088e54af827,Stephanie Shannon,shelby18@example.org,2020-06-26 22:17:11,9781ae5f-62f2-4f16-8f68-79a0bd6c64be,Graphics Card,Gaming,524,0b25b4a2-f15e-460c-937e-217b0b477374,2023-12-10 00:03:46,2,1048
efb068a2-8c63-4f84-b1c7-efd83011e0ad,Katie Thomas,heatherthomas@example.net,2024-01-31 06:42:38,13babfb8-1029-45fe-b587-8cab0bb81619,Charger,Peripherals,871,44adecd9-49fc-42c5-b6b1-aac149441adf,2024-12-29 17:09:56,1,871
f66d8694-69d0-4d69-9ce0-97cd1cece1a2,Antonio Irwin,wmooney@example.net,2022-01-13 13:11:55,6684e464-c82b-41cc-97b2-b62e6abf29ab,SSD,Computers,1551,b97eefaf-d3bf-4df9-be19-1e9da05bda5e,2023-04-08 22:25:54,4,6204
d02653f9-f4e2-49cf-b6e6-1c8db0a86c12,Jonathan Nelson,rodriguezlaura@example.org,2020-11-17 05:28:05,acead163-4dd2-45b4-b7d9-339550513eb2,Smartwatch,Gaming,547,a190a84e-58ac-4aa9-8bd4-7822b9818d24,2022-09-07 13:10:43,3,1641
a1675c90-a037-4fb1-a7b2-af1ce159ad40,Antonio Nicholson,michael99@example.org,2025-02-07 07:02:59,c3873441-6a83-46c8-a728-35b369ff00a7,Computer Case,Peripherals,1174,4eefa01a-71df-4bd9-96f7-5a6934e4cb4b,2025-02-07 15:40:08,2,2348
4effbea1-4e51-4d53-9d5d-b4ca53126cf8,Kevin Perez,lambveronica@example.net,2023-03-16 17:18:24,1aa814b4-689d-4394-b83a-380fa55d9cd5,Motherboard,Networking,106,8307ae33-b99b-4228-8da7-780324e3ab91,2024-04-07 11:31:15,1,106
6a91397f-655e-4c0f-be51-c8c27eae8935,Andrew Paul,samuel66@example.net,2023-03-05 00:52:49,854d5c84-2749-45f7-af99-97c009405ace,Monitor,Gaming,1634,88fdc2e4-9f58-44f9-befc-ee9623cc4e58,2023-04-18 04:56:05,5,8170
1f5ec0ce-bf5b-487b-9625-a71112535e2c,Joseph Lewis,scross@example.org,2020-05-08 12:36:13,14a12f05-910f-451d-8abb-79596a69936d,External Hard Drive,Gaming,377,48ff8c77-a77c-4c80-9b6b-2402d8a334cf,2022-10-18 16:00:41,4,1508
afa1af36-474d-44c1-8619-9d0da5ee73b0,Rebecca Foster,clarkpamela@example.com,2021-12-17 05:55:11,532fa3e8-3afe-4fdd-aded-0b41a13d6eec,Fitness Tracker,Electronics,1160,4ac187a2-0055-498d-a1f6-ce66da6fd97e,2022-09-20 08:48:56,5,5800
c10198e3-e2b7-4bb3-b38f-56d735bac13f,Gregory Smith,brenda30@example.net,2022-10-27 20:53:48,f834a9e9-a884-40f0-9f23-21bd42161c18,Graphics Card,Audio,1894,94b64925-3e31-4605-9321-a29974394572,2023-10-12 08:44:25,3,5682
a9c5ab6a-849c-4529-b3a3-0ce8ee846d35,Jeffrey Smith,obowman@example.com,2023-03-13 04:50:12,544f0a60-1daa-4f6a-a9ed-5358f7987571,Smartphone,Gaming,111,c2beb171-c49b-4896-865e-90950669acb0,2024-07-12 21:56:29,4,444
16a93f6e-7575-4d8e-9dfa-861e3695f9d5,Jasmine Molina,blogan@example.net,2022-05-20 02:59:17,90356df0-760f-4efb-be2a-0f43266bf080,Network Switch,Audio,364,2695e580-54cd-457f-8f80-a03af68e0b8f,2022-08-08 09:44:33,1,364
e1b1ca1b-2560-4344-87b2-804bb8dc0177,Mark Young,colleen52@example.com,2024-11-07 04:00:33,0ddd63b9-a798-4654-a344-60de83672dde,Smartwatch,Peripherals,1844,5e03a62a-3483-4b2c-8bf2-22640fd8b6fd,2024-11-08 06:47:06,2,3688
cbda4da5-0882-459b-9745-9912d4d497f2,Maria Simmons,rwallace@example.com,2024-02-15 23:43:44,982b6185-9b64-41a4-9b82-1f6c95781502,Camera,Photography,1465,1c4afb2d-13bc-4ae4-bc23-7e48df3e1fb3,2024-09-06 10:17:06,5,7325
15dcb7ec-f0cf-48ee-9c4f-51eab22ff4e7,Charles Escobar,cookrichard@example.net,2023-10-02 20:59:27,bf01286e-6d4e-4a1f-b7b4-4256dad87457,Smartwatch,Photography,1565,f28a41ce-b3dd-41be-affb-09f18ae6a3d9,2024-04-28 19:09:04,5,7825
31ac0eab-fc4c-4db6-a1d0-4d2656859382,Anthony Reed,thomas44@example.net,2021-06-12 07:46:13,d598eaba-011d-4b1d-8ecb-1d8e6e0e9665,SSD,Electronics,1042,a191df0e-e154-4649-8584-447cef81484c,2025-01-13 06:47:32,2,2084
d0c59418-fb78-42c5-9840-14bc7ee6d955,Jonathan Conrad,hpaul@example.org,2024-10-17 19:21:17,be7d0e96-e81a-45ec-9e00-6fcc34dabe21,Smartwatch,PC Components,507,7e1b5d2e-893b-47c5-92d9-df497f7c36ca,2025-02-15 06:46:28,2,1014
7d933383-4af3-453a-96ec-64c2d976da99,Andrew Lawson,nathan94@example.net,2024-05-22 21:38:08,01ca92ae-3034-40f0-9e03-bfe06ff11e75,Keyboard,Networking,306,c11ce20e-7dec-4d22-863c-d01976a5637d,2024-07-28 01:33:34,4,1224
997da78f-e81f-4cf5-b1be-c7827d3c0095,Natasha Velasquez,danakramer@example.net,2022-11-28 15:29:35,b6dd6e58-ef68-4619-9f7b-79c0a58b3b16,Network Switch,Photography,1187,10fdf37f-c173-4c90-9089-491c99cb5884,2024-02-11 01:45:21,4,4748
fce3cf74-d9bf-4601-a9fb-14e93d7910db,Jonathan Hatfield,mwest@example.com,2020-04-15 00:22:43,88f835df-e0d6-4ba3-9a09-797905c56c1c,External Hard Drive,Photography,1390,7182aecd-f29b-406f-a1a1-ec72c64c51a3,2022-11-02 00:19:02,2,2780
862e062d-6dac-4083-934c-04017c0f1f59,Cassie Harvey,mark63@example.com,2020-07-13 13:43:07,f915939b-35c7-4e3c-bdfe-eedd84347a01,Mouse,Audio,796,561d44f3-ea1e-4957-b4d9-b99733245707,2020-07-31 09:51:47,5,3980
9fe11036-18be-4a06-a178-ac9fc9ff8724,Nicholas Houston,patriciagarcia@example.net,2020-06-11 05:47:49,abd5a7d3-f084-4760-95b6-65b551180b82,Printer,Networking,1119,3520a9d8-6db1-4ab0-9a76-6c12742024ea,2020-10-11 03:56:24,4,4476
5349210d-ed43-4810-b6d8-89b84415addd,Ms. Patricia Gardner,dbrooks@example.com,2022-12-22 11:57:37,c3a63df9-b8d4-4054-a421-3c7b725234ec,Tablet,Networking,1744,5182b673-3a4a-40aa-ba49-861fce1c3819,2023-01-15 12:22:39,4,6976
490ede8a-6dac-4522-904c-7f008cc527d9,Kristin Keith,lawrencetyler@example.net,2021-03-29 19:54:52,9c87469c-6d9d-4e2c-be8d-a9502053a9cb,Charger,Gaming,1532,b0711aed-fd05-41fd-b3bb-fdd83e840004,2023-03-01 06:46:42,1,1532
01578cd3-0e34-4d8d-862e-5ef3e2ca80c7,Todd Fletcher,sarah50@example.net,2020-05-02 11:03:28,26d3149f-abd0-4e33-92b8-e1daa3dba4a2,Camera,Networking,52,7248648d-6888-4d1a-ba0a-f53cc67b7de8,2021-02-25 06:41:48,2,104
81404bfe-2824-4af3-9415-46b6fa26805f,Amanda Clark,ztorres@example.org,2020-09-16 05:55:43,e6a83933-bf8e-4fa8-96d6-21bd31fea224,Bluetooth Speaker,Wearables,1685,4937109e-eaa0-4b43-8ac7-d737f5be9e29,2023-03-11 23:28:45,5,8425
3eea17b0-3682-4b38-9edb-557914fecb44,Shelly Ryan,daniel85@example.com,2023-10-07 07:35:05,f593e592-43b5-4319-86bb-63331f553a27,Scanner,Networking,1959,dcbd08de-fb93-4917-b87e-d2c089a51c85,2024-01-23 23:20:47,4,7836
936342ca-3c02-44ae-bef1-6e24dc5c12f6,Tammy Henry,vgaines@example.org,2022-07-30 02:27:23,ee004f83-004c-42dc-9ec6-f46e9d407afe,Power Supply,PC Components,517,1e878c85-b793-4567-ab0a-eb47ca60f450,2023-11-14 17:51:50,2,1034
2a4cc961-f666-49e9-8abb-ad0cc7a6c576,Dr. Margaret Ford,ganderson@example.org,2024-05-25 00:51:24,03bf8f72-0294-4ad1-ba4a-5ba8cd5ee7dd,Computer Case,Gaming,404,9adf5e21-f565-4a0c-8c96-f492ee8d19d4,2024-08-24 04:13:59,5,2020
0fb1a947-2f51-48b9-a564-f68052bf4aff,Dr. Christina Sanchez,davidortiz@example.net,2023-06-27 00:38:01,74751528-3452-402c-85d2-0ac8e7494c6b,Fitness Tracker,Wearables,648,4e3b343b-e7cb-4a58-8e2c-0a99359dacc1,2023-11-10 10:11:34,5,3240
66489dd3-d2d6-4c3d-b2a5-1bb97f9788a9,Michael Valencia,phillipcasey@example.net,2022-07-23 03:39:29,79260afd-017a-448d-9d94-0249889c5a1e,Tablet,Peripherals,1325,1bac6b55-f633-4e1e-bbc2-63a035d930d2,2023-07-09 15:21:21,2,2650
a1cd7e5b-c496-4e08-bf97-a920658e3663,Michelle King,jimenezmadison@example.net,2022-12-22 06:18:11,1c7d5c83-bbb9-4131-a027-bcd80bc60b11,Gaming Console,PC Components,1951,5fa505c9-b45d-42e1-b96a-ab1cd8032ee2,2023-04-01 14:05:10,3,5853
f05db216-21b5-44aa-9ea6-a6abf8711b93,Jesse Orozco,felicia45@example.org,2023-02-14 07:08:52,ebc145cd-4ee4-4b4c-8d54-3b9e70c4e7ac,CPU,Networking,1626,1fbfc658-dfd0-40e1-8ac5-0e7bc418642e,2023-06-22 07:06:38,5,8130
6270bb4d-0d8a-4fd9-8f66-20bc1cfed3a6,Gloria Smith,crystal95@example.net,2022-09-11 10:24:25,af55f291-a8c1-4e88-b61c-68a352b4fff1,Power Supply,PC Components,1968,3d6f9381-a6dc-401b-9b4c-ead9470850a4,2024-12-08 18:03:15,3,5904
3c29476c-d64c-4580-b7a8-db6fc8f07768,Kimberly Sims,vwagner@example.com,2020-10-30 04:36:58,42b04f22-f795-4544-9d97-d1b0595f6dc9,Fitness Tracker,Wearables,1717,e8fa7075-ab25-403a-8115-90872fd49674,2023-04-21 19:40:53,3,5151
431ff121-043c-4eea-8b7c-a840358a14f6,Barbara Oliver,hollyfaulkner@example.net,2022-09-10 04:03:01,b8679014-5cfe-46e5-ad93-b421c1b58026,Modem,Electronics,1442,16d2d02b-16de-42ab-a347-db36dc32782e,2024-02-13 15:33:42,1,1442
aa32e8a3-5906-4b5c-ad98-218055949865,Sandra Anderson,brian06@example.com,2024-12-04 14:37:30,b62fb57e-3bd2-4063-8454-e5d7d0727d85,Tripod,Audio,648,ff0ff105-cef0-45dd-b5ee-56a05a876203,2024-12-07 13:27:30,1,648
51fd7c05-6094-45db-aab8-4f948f24a22a,Daniel Ellis,veronicataylor@example.net,2021-12-28 03:35:33,6fc115c0-81f0-4eed-875d-057263f003f3,Graphics Card,Audio,172,37d7f1f3-d449-4958-a8d0-80d36a786bd3,2023-03-01 07:59:07,5,860
562c01e9-1607-40d4-bc8f-65f8ac692741,Amy Russell,patriciacarr@example.org,2022-12-30 12:18:35,11150191-0437-4291-be14-2de3693b36d1,Smartphone,Peripherals,1317,eb11db94-a5f7-48b1-8537-6e500913feab,2024-07-22 06:57:03,2,2634
26752555-2a4f-4342-be3f-32eb710e608a,Kim Jordan,jose88@example.org,2022-06-16 02:27:59,62fd2ec7-b087-4524-9d48-1e0edf51d5df,RAM,PC Components,265,b26d9dcd-ab7d-49d4-8eb4-1b195baa2feb,2022-07-29 12:57:59,1,265
17de0baa-e3f3-4f2b-82a7-580293275cca,Amanda Ward,nancyberg@example.net,2021-08-28 09:34:53,fb3997b1-0f44-4f06-9a1d-97e9ef25f042,USB Flash Drive,PC Components,1622,41caaf09-209e-492f-92ef-fd9039b9953f,2023-10-24 12:42:24,2,3244
103341fa-7af3-452f-96ea-272139f9ff55,Dawn Massey,ryansharp@example.com,2020-06-02 10:15:55,91183b81-3e66-49bc-bd7f-2580ec57e837,Webcam,Computers,358,3082df6b-4d0a-4061-8276-857b264c49ed,2022-03-23 01:36:44,3,1074
9586dfd2-c99d-471f-aa5b-598339def0bc,Cathy Cline,ktucker@example.com,2023-05-01 00:10:15,6e3b8ab8-b3fa-444f-94b8-7576ddade4b9,USB Flash Drive,Wearables,1312,03c66c1e-2cab-4dfe-bff0-12711e11747b,2023-08-30 13:20:10,3,3936
5962f2e0-a4e4-4858-af4f-5071c5b66d06,Kenneth Harrison,ortizelizabeth@example.net,2023-08-25 19:24:30,57535310-f4b3-4dd4-8c18-3dc18b1703e4,USB Flash Drive,Gaming,1437,c7d77c3f-8bdf-441e-a012-c90d19bef931,2023-12-23 17:37:54,4,5748
78a2a691-5152-47e5-ae17-b48e07708723,Thomas Tucker,pamelahill@example.com,2021-10-28 03:55:49,31e07b0b-bf62-42c4-8d96-9bfecac42de1,Bluetooth Speaker,Accessories,139,1b6bc2ab-5745-4565-8b24-b39f32e9df93,2023-03-02 14:12:37,2,278
0d90cf6f-ac3c-46f5-b78e-735be6071993,Steven Fischer,jolson@example.org,2021-08-15 05:38:16,ca2ae20b-7b8d-424f-b84e-266d6e53605c,Tripod,Electronics,1494,b0275844-a340-4d29-97e7-5c666bb16c12,2023-01-25 15:57:21,1,1494
79d951d4-8116-4fb9-8176-a0655168392e,Ruth Ramirez,howellryan@example.org,2024-12-07 23:23:39,dd6d111d-73b4-4a1d-81be-9db4c2de606e,VR Headset,Networking,1932,4858d7bb-c1b7-437b-a85e-f2e8e7ce259e,2024-12-23 03:39:50,5,9660
1a10630a-f126-4611-ba35-30634e4bce71,Rachael Rodriguez,jcortez@example.net,2020-03-02 00:18:57,39985483-8ff7-43d3-aa86-99bce770c7dd,Drone,Networking,1803,88f08e43-51bb-4d81-98e0-7ca6e29947a4,2025-01-23 04:16:45,5,9015
f1ac419a-cf5a-49c3-8139-4ca0754c9a01,Wayne Butler,aliciasmith@example.org,2022-09-29 03:56:31,942368a0-66f6-4204-904e-3dfb2c31b239,Motherboard,Audio,1950,44a581e1-974f-4bf9-8856-35043e8fcb46,2023-08-15 15:56:37,5,9750
86cefddd-0827-4eca-a836-7aa85cd29cd3,Rhonda Torres,erikmiller@example.org,2022-09-22 07:32:05,a95d7fd0-fe43-481a-a91e-54d3db64a85d,Fitness Tracker,Audio,1294,91d069fb-af3c-4dd1-a12b-5b9eec754d46,2024-09-05 08:03:05,2,2588
f2861214-d6c2-4ade-a4cb-bd9c9983b32c,Julie Perez,stephenmoore@example.com,2020-07-13 01:06:53,50b24546-ac07-4e2d-9754-2f45f9387d59,Graphics Card,Accessories,1437,1b6ed6a0-a61f-4994-8104-b4069ca067ab,2025-02-07 23:23:29,5,7185
d2a6cc2b-4e59-4cac-ba9f-78442bfba80c,Tiffany Chapman,charlesmelanie@example.net,2024-02-18 15:31:30,06b4fd4d-b1f1-45aa-a751-26c156eebce5,Camera,Computers,488,431b9a6b-625e-4f53-9390-76d07991e815,2024-11-21 18:50:21,2,976
8d240b71-729a-4712-abf1-c4314ae68712,Joseph Newman,tinajohnson@example.org,2022-08-14 07:01:45,3d510390-0d7f-4d3a-90c0-39bac4353deb,Bluetooth Speaker,Photography,1279,c197bc50-ea41-4fa4-be2b-d92851838571,2023-11-04 04:40:31,5,6395
1e752657-850f-47dc-83a0-e03223e85ec3,Danielle Huang,mitchelltina@example.com,2022-11-30 14:35:15,edf1a18b-da55-418c-a7f7-10330fa6f153,Router,Networking,1006,c66f54fb-a24e-4cb8-ad41-56f130ab5e41,2023-05-02 21:22:42,5,5030
5521420a-197d-4755-bd41-27058559fe40,Gregory Ward,aaron55@example.net,2022-09-15 07:59:03,ea952949-dc0d-466f-b556-02788b464fbb,USB Flash Drive,Accessories,690,55bf0f2e-52ab-4da5-873b-a26c4c900520,2024-10-23 09:39:20,2,1380
e4f2a437-1990-4f6d-8a95-167179465cb1,Mary Bailey,dianewright@example.com,2022-06-10 21:29:18,dc143bb7-230f-4bfc-8a20-c454351a2d24,Fitness Tracker,Gaming,399,e03ea817-3392-46fb-914a-508360451caf,2024-08-27 05:46:25,1,399
62c66915-2d41-4fc7-a571-85c10d182d3b,Cynthia Love,stevenanthony@example.net,2021-11-07 19:40:24,fe0497af-0c70-42b6-9440-1b74f2a56fbd,Laptop,PC Components,1168,dd9bd3a3-abee-4295-9571-a974c4d0e584,2022-12-25 09:18:11,1,1168
aa4d3f9d-48eb-46c8-ba53-9a97215a463b,Beth Hayden,karen23@example.net,2023-07-09 00:53:50,c6eecdba-738f-44d9-a9df-cbc00ae678e1,USB Flash Drive,Gaming,955,1205762f-1a80-4380-8393-c2abefcc5475,2024-01-23 06:04:11,2,1910
05da5fb0-e626-426c-be0c-a1801642de1e,Michael Lawson,allisoncindy@example.org,2022-01-06 00:58:45,091f418c-31d9-446d-8b89-ac2dd048adcb,USB Flash Drive,Wearables,1696,2a59a185-0d39-46f1-a2eb-73c3d7ef5d6d,2024-03-27 05:39:25,2,3392
b24cd0e2-f301-4a28-bfd6-5e108a3a5e0a,Stephanie Davis,powellzachary@example.com,2023-07-23 11:08:14,cb1df55e-ad8d-45ae-8188-a8993e838510,CPU,Electronics,1442,0aa46451-d5b1-4bd1-9195-a378e9733bab,2025-02-26 04:55:16,4,5768
161f3f41-e962-4d7d-9fb6-8f6fed76f53a,Heidi James,adrianwright@example.net,2021-04-01 02:46:12,70377500-577f-4127-bf2a-2ae8a1bb23b8,Monitor,Peripherals,915,ceb6522f-74bc-41cb-8045-2c5b365fbec4,2023-05-11 07:29:24,4,3660
62e8e61b-4935-4149-9c1d-4543e1d41072,Robert Anderson,batesshannon@example.org,2023-07-24 17:28:18,f44ea204-7244-48ca-a5ff-d092fbf2b6f7,Charger,Electronics,120,f2b17c29-9262-4794-8a1e-bc7e0c98eeb2,2023-11-09 03:54:16,3,360
24bdaa16-40ee-4633-9dfe-a357a7b0de4d,Jamie Phelps,juliacole@example.org,2021-04-21 21:37:47,03cc60f9-4dde-40ce-8c90-67889bb0aeb0,VR Headset,Gaming,1392,4455338b-a510-40ee-b88d-beedb3e18a07,2022-10-25 06:45:57,4,5568
5c0e3eaa-57e8-40b4-aabe-0e3d234279a2,Martha Larson,kathleengarner@example.net,2022-05-25 19:03:02,a845fa04-520f-4c6d-8770-7a6cfae4a10b,External Hard Drive,Computers,1460,2dbf982e-11f6-43ca-9764-44387d4d9c2a,2023-09-11 13:01:01,3,4380
f196a1aa-09b9-448c-9ac0-4975148056d8,Morgan Weber,heatherbradshaw@example.net,2021-10-29 23:29:58,80e8f054-1959-43f6-9ba5-590655263ddc,Laptop,Wearables,1914,581467fe-74a4-48b0-8138-9bb4452b680d,2023-07-18 12:56:37,5,9570
5142b363-7fb1-4ce2-8dcb-240b0396ebbd,Amber Reilly,kevingibbs@example.org,2024-12-02 13:56:45,e6bc0b93-09e2-464b-859a-cb7b7b2adfae,Webcam,Wearables,111,05e0b8d6-de68-466d-839f-e7ba52c6922e,2025-01-22 01:55:10,2,222
e4c9ac37-bdcf-4c8d-8978-6cd37cbab4d2,Jason Henderson,ycooper@example.com,2022-10-20 16:38:17,9aede35b-7819-4230-9213-eeb0d10b9d02,Monitor,Wearables,67,547b08c5-d9f9-4cb0-95b7-7047fb576e5b,2024-12-10 22:02:19,2,134
ba2702d7-2956-4cf2-ad04-9ef168ac9a39,Kent Garrett,joshuacalhoun@example.org,2020-05-30 20:03:04,5f53d353-3d15-4307-bbe3-3ae078edf2a8,Microphone,Photography,1103,3e214ce2-c080-4533-b67e-ac34cde9e142,2025-02-04 21:59:52,1,1103
0988246a-9233-465e-b3ef-17fe76c945d7,Sarah Escobar,andrew69@example.net,2022-09-17 14:40:04,65eb1148-26c2-47a3-bbcc-9120178caf53,Microphone,Accessories,1334,11b00ec2-07db-42cb-9005-4fd839db220b,2023-07-15 05:42:12,1,1334
7e5f43a8-5622-4451-846f-74ea083425ec,Timothy Nguyen,watersstephen@example.com,2021-09-30 22:11:30,fcaef3d4-1a32-4762-8453-23d580298ce5,Router,Wearables,512,9067a555-7a59-4e7f-81e5-689ad04e7462,2021-11-09 01:14:27,3,1536
a4a48d5e-95c0-4299-ba0b-08c81643ba4a,Stephanie Richardson,garciajesse@example.net,2024-04-05 09:07:48,b5bde299-4e3b-4e68-900c-e6352bb38951,Charger,Peripherals,500,14b7e902-b504-4080-ada0-16b730920ac7,2024-12-04 16:55:05,5,2500
14750c92-ce5d-47d1-8216-d194eb7b5328,Alexandra Hardin,parsonsbrandi@example.org,2022-01-29 13:47:34,c3f214d4-94f3-4585-94c8-5dc158330dc7,Fitness Tracker,Computers,401,e4c526bf-0070-4fd4-a588-740853f64eb3,2024-12-06 20:55:32,2,802
0cc46923-811a-4d2a-8fab-98b8cb17724d,James Martin,hubbardjeffrey@example.org,2021-10-14 16:17:07,84b9f556-017e-45a4-9bf2-767c031cc92f,Charger,Networking,362,b1b35dd9-b299-4b2e-a5de-928f9a2661f1,2023-09-22 13:00:22,3,1086
61d6b47a-9ffb-4042-8890-f8443e916ab1,Adriana Orozco,hernandezandrew@example.net,2024-11-24 10:14:47,415323cb-f69a-49f1-be82-3cb349d504b1,CPU,Computers,899,2c7417f9-bb77-4e8a-9fdc-2bc54b4e1cf8,2025-02-15 08:59:50,1,899
25986f6b-dd69-42f2-bfde-6ab54bd94e4b,Jamie Mcdowell,pereztony@example.com,2021-03-13 16:47:22,06b96a9c-ae37-4699-bceb-ac6674a538e2,Mouse,Computers,1398,62524fb6-ecfb-44e0-b2e5-2645e1e2e088,2022-05-13 02:27:17,4,5592
748e3828-858a-4a0d-9b4a-e33530128e80,Donna Martin,monicajones@example.com,2022-01-14 00:51:51,eab10fd2-e486-4770-9339-29d149f2aada,Modem,Accessories,1316,5dad31bd-669c-4bd6-aecd-0d62dc6c3576,2024-09-27 11:24:58,4,5264
f67f575b-0b24-4329-8292-868764d69f50,Dustin Joseph,garciatheodore@example.com,2021-08-06 15:59:34,87838ff3-1912-4ab5-b2e6-c61198efe468,Tablet,Computers,977,7a09784c-710e-4a94-93f0-cf209c6a2926,2021-12-01 23:47:49,2,1954
2d75ed68-e02b-43c4-8c44-e42c13d0f3f5,Dawn Anthony,dflores@example.org,2020-11-05 18:45:08,1327a00c-5532-4032-b619-dcfaa7e62433,Power Supply,Photography,1619,0b1f293b-059d-4e2f-8817-b29fd2610f72,2020-12-19 10:20:51,2,3238
2ad5a85f-0186-4fd1-8c28-cf92b81e8162,Timothy Lee,mnorris@example.net,2020-04-07 10:29:21,22fc64f1-2634-4368-a407-89549cbff99b,RAM,Wearables,794,0c7835ce-cc64-4a47-b0d5-e9cb19349bcc,2021-12-28 17:38:23,3,2382
0dc8ae46-142f-43f8-be3f-12465ff271d0,Danielle Benton,brownthomas@example.net,2023-11-11 07:36:49,7a4f2460-386a-4a3a-9d02-b6250b4bee3f,Bluetooth Speaker,PC Components,575,fca81e4a-2c66-4454-80ab-351173869ea9,2024-11-11 10:04:12,3,1725
81913753-0ccf-43ec-9a8d-bbaa1d65c580,Shawn Young,qrodriguez@example.net,2023-03-28 00:16:28,062e9ac4-669e-4c59-ad1c-ce9ff4c50e5e,Fitness Tracker,Photography,685,516b943d-2f76-4386-8a04-54cfc5579f4c,2025-02-25 21:27:03,4,2740
3f99b004-ff7a-4eb6-884d-0a224a9d83ad,Robert Bell,hflores@example.org,2023-08-22 18:28:47,c2ef67c7-a74a-4f34-b065-1c375be8ad1b,Power Supply,Networking,1721,7311123b-ea9d-4f03-92a4-1682da35b253,2024-06-18 13:42:39,3,5163
7497b130-8056-4936-a9b9-f7fb648106d2,Kristen Lewis,nunezchristina@example.net,2021-01-15 16:25:38,d484a5c7-bb16-4f60-8e8b-b07c47edd29a,CPU,Networking,1609,b3e656f7-eb4b-4837-8e9b-bb6d028385ff,2023-05-30 23:15:09,2,3218
78e12f59-c1ee-45e8-8e31-af2aef7502cb,Jessica Williams,fwerner@example.com,2022-09-24 02:29:11,49b90b11-a70d-4975-89ed-dd2821fc1cf6,USB Flash Drive,Peripherals,1804,4dd5a8a4-3277-4efd-82f9-7b682f24a631,2024-05-19 12:13:24,2,3608
fee979e5-248a-44dc-be1e-ada486f84c86,Joseph Collier,michaelferguson@example.org,2024-12-30 21:37:01,9d7e3ee8-28b1-4969-a4ed-569269f616e6,Router,Gaming,1199,81739d22-8fda-4ae7-955b-094e23930c52,2025-02-01 08:43:53,4,4796
397a6adc-5313-4e83-8a1d-c24e2ca6e8e7,Jason Long,william54@example.net,2020-12-22 21:34:19,aade8f7d-2abb-466d-ad5b-f97773ed8fd2,Tablet,PC Components,1863,fe1c3b47-f732-4fa9-98b6-936ef553d817,2022-07-16 22:43:10,3,5589
c4e688f1-3dee-43af-bef2-e2ee0bbd5c2f,Samuel Smith,barretterica@example.org,2024-12-31 06:28:14,d0f8be5d-e795-422e-a5cf-e3acff9f32b7,Router,PC Components,53,826efae4-e6ca-4708-86de-b67a55c283a1,2025-02-06 22:58:03,5,265
2ec08dd1-ea52-4b7f-850e-2729b287115b,Calvin Knapp,shannon88@example.net,2021-10-10 08:24:16,ef4b04a5-d8e3-4cc1-bc06-6aa0d96d3747,Keyboard,Accessories,1790,4a5be792-d991-432b-a185-cf213593fb0f,2021-10-26 00:36:13,1,1790
bda2552d-ca54-40a4-86fa-5bc3b466716f,Jamie Woods,smithjillian@example.net,2023-12-24 18:17:59,d6a4da57-96c2-472f-a688-be90ace80f21,Printer,Photography,1508,cde5d164-1386-4229-aade-4ec8842467a6,2024-04-10 06:19:06,2,3016
4f3ab582-df71-4d4b-8da7-dbfc932fa662,William Wheeler MD,sandra32@example.org,2021-12-14 03:37:52,64deb925-6958-412a-82a9-e9adab98b16b,Mouse,Gaming,341,06a4e779-9c41-4e6b-875e-5c26cac8bb16,2022-08-16 17:34:48,5,1705
e2acd9c3-b9c8-4346-abf1-dfd808835348,Kelsey Hall,sherrigray@example.com,2024-11-13 10:14:42,da6949ca-40b8-4c14-9cb2-16ce5bc8f55d,Smartwatch,Accessories,620,7b726dad-75f6-4748-825c-bbd8abbe94af,2024-11-16 02:15:43,1,620
cce390d6-1556-4d8b-8c58-a579c5b9fd35,Kelly Rogers,gmcfarland@example.com,2023-10-17 03:02:35,371a15f7-30ff-4e95-8ffe-8fc5f70f78ad,Motherboard,Wearables,1768,9219b06d-5714-4031-92c8-3d30c251af38,2023-12-28 09:03:49,3,5304
26f48b75-5b54-415f-8dd0-87f33ded713a,Brandon Brock,jordancourtney@example.com,2021-06-09 02:58:10,d2fe30c7-b7fd-4cb5-94aa-71c0a1fd8af2,Printer,Computers,618,1cc14bb0-8212-4105-8c26-152461c9a585,2023-04-14 20:28:40,2,1236
60a8d3f9-8f0f-46d3-9be5-5650bab33470,Kevin Lara,daniel39@example.net,2020-12-01 00:33:17,7becce41-9975-4b7c-8618-489b025a99ee,Drone,Gaming,1927,82ec3ac6-ef3e-4d90-86eb-530b12256a65,2022-01-29 18:32:06,2,3854
8fc47fa1-b69c-495e-95cc-b0fb999d6b22,Richard Case,john24@example.net,2023-08-29 17:30:56,ed845667-d3d0-4c13-9e6e-b1692df2284c,Drone,Gaming,1817,3c739639-621d-4762-9072-a6da0c3c0408,2024-08-09 17:55:09,2,3634
c4a0292f-940b-48b3-be1c-8f630e93cdbd,Robert Gonzales,oortiz@example.com,2021-10-20 09:33:56,a56a720c-e973-4e93-a6f0-d317aed6d4b6,Network Switch,Computers,1274,3c47f170-b1d6-4611-802f-37ef0e2bb3cb,2024-05-15 07:01:46,5,6370
81572159-6240-4b2f-af8b-a592c76f18e4,Jessica Palmer,ahuang@example.org,2021-05-28 15:25:46,33b82526-bf6b-4a22-b42a-f5a5d589e0d9,Headphones,Computers,1449,0617ae9d-5a61-40a4-acbe-3acc261114d7,2024-04-23 11:06:46,1,1449
8a3ee2a0-5253-4f60-a34b-f681c1470179,Scott Ryan,nbennett@example.org,2021-11-14 16:23:27,004c2a14-1369-4b57-a711-1cca0dd132e5,VR Headset,Photography,450,0784380e-af57-4c46-90aa-cc7a0d14a3bc,2025-02-09 09:56:58,2,900
a89b92a5-4bf8-404f-ac52-9c7bb1e1013d,Dr. Jeffrey Jacobson,christinacampbell@example.org,2022-07-03 06:12:21,a0dd0f71-f7e9-4109-966b-d909c3fc27b8,Printer,PC Components,1823,d0430004-40e2-4cbc-8408-42dcb380c48f,2023-12-12 15:58:26,3,5469
b4037a2e-ef40-4a60-9e11-f7b643d221f3,Amy Jones,glenn87@example.net,2020-05-27 12:51:40,cbfed6ec-2180-4103-ab30-c4228b449c88,USB Flash Drive,Gaming,554,4d90174c-fa80-4b20-bbb7-82fbf9a7a6ce,2021-03-31 18:39:30,2,1108
2aea6c32-6fd9-4c78-b793-ec1f7099e9bc,Mrs. Valerie Lara,mariaball@example.com,2023-02-07 19:52:40,6c7dcc24-bf83-4962-a6ba-91fe41eb90de,SSD,Networking,1761,a35b322b-8ad0-4147-b574-1b7054ad7dec,2024-12-04 07:45:45,1,1761
cec23e33-8c1e-4511-a20e-0bf92440790d,Mario Berger,cisnerosryan@example.com,2020-09-17 19:28:20,8f7d8350-14e3-488e-9711-5d3710c91655,Fitness Tracker,Electronics,625,e9f85c39-cc6f-44a0-83a3-0c8c818906e9,2024-11-23 06:11:34,3,1875
49090ede-7088-433f-bda2-20e3f4c63b04,Heather Salinas,jeremiahterry@example.com,2024-06-09 02:10:01,57924b33-8453-4530-b1de-4de62ffc5d56,Keyboard,Photography,1457,e3973f3a-9772-450f-b89d-cf54bcc1e09c,2025-01-29 12:57:48,3,4371
83011189-5a1c-4eaf-a69b-df69323844e0,Gary White,jaguilar@example.org,2024-01-29 11:07:25,d06d242c-ba0a-41e2-a1ff-4cb6f1a0114d,Tablet,Computers,670,58356b19-860b-4fec-9c48-26bab1ea5980,2024-12-27 00:10:13,5,3350
5c0f994d-2a06-4c09-9f4e-160deb922bca,Jose Trujillo,dward@example.com,2023-10-19 07:59:27,a712af38-6b93-4900-932d-d859cd7955eb,Monitor,Photography,1040,95b23f9d-27a4-4b1b-b370-b93b0290d32e,2024-06-09 23:16:58,1,1040
1546a291-37f8-43db-9b12-e4da0bd39ae0,Gina Flowers,randolphchristian@example.org,2021-02-13 07:33:43,be9fa9bd-85ee-4812-8854-9c0452e83ffb,Keyboard,Accessories,1616,a0c548fb-f723-483b-b309-845a960c9fc7,2023-10-10 21:55:10,5,8080
9262f930-a30d-4c96-bee8-a52db98ad969,Timothy Johnson,emiller@example.com,2023-03-04 00:20:59,780e8fdb-0abd-49fc-9a0d-31388e65a827,Charger,Audio,1863,3a87a116-9d01-4219-a63c-9efc054a69c5,2024-03-28 11:34:05,3,5589
1b6dcb3e-a9a8-40a0-b9f0-596b24befbb4,Dominic Hansen,fryeroger@example.net,2021-12-30 05:47:57,3622a61e-96d0-4f0c-8319-e1d0406b0dfa,Drone,Peripherals,1773,9c156ae8-90ff-4cf3-b0d0-89dd7f487a0e,2022-08-27 22:35:06,4,7092
d85cb291-5a09-40d0-963e-64a66b8646b2,Evan Scott,johnsonhannah@example.org,2022-10-26 15:53:09,6aeef2d2-fa65-46c9-8d56-da5a57dd0660,Monitor,Peripherals,985,4c76b935-775b-4aed-8a34-c3fcdc1980d2,2024-10-14 05:13:05,3,2955
be49f0de-5b8a-42a1-829b-df63e70e56ea,Stephanie Graham,phyllis79@example.org,2022-01-26 01:45:22,7dbce2d3-db44-4440-b7f8-05a649375241,Camera,Photography,632,ff32ddd2-17dc-494a-9a5d-17f907c04c14,2022-06-21 09:02:47,5,3160
ee32fc70-5697-4d89-b982-6b3d2374b760,Ashley Cooley,iharris@example.net,2024-10-10 18:28:47,207118dd-6a87-4aef-be71-1c93b4511a3d,Modem,Gaming,429,09c1145c-ac26-47ef-805e-6bdf10cffc71,2024-10-20 16:51:13,4,1716
08516b53-5762-4fc8-9aba-5d536d315308,Richard Hendricks,jacob59@example.net,2022-07-20 02:45:57,734aacb1-a9a5-4d6d-b957-43a71ddd1062,Gaming Console,Networking,1768,af481892-4b8a-4682-862f-b066df123e51,2022-11-13 05:39:50,5,8840
194f482e-8ac5-4cea-9bc4-e9c674d3249e,Jessica Hunt,amy56@example.com,2022-12-06 21:05:15,a6ef6b5e-9b54-4bb2-a21e-43fc6a7400ce,Smartwatch,PC Components,802,0c3103df-a86e-4fd5-8be2-2e3609ab8005,2024-01-08 16:17:33,1,802
9a1e23a7-8f4a-4de7-ac0b-8c38fa116ddb,Jennifer Mitchell,sabrinajohnson@example.org,2024-08-19 13:14:57,619421da-2805-4be8-9982-fb6b07e0beaa,Gaming Console,Accessories,783,fd47afae-9e0c-450d-bf89-d65b62920c13,2024-12-09 00:57:50,4,3132
050a60d6-8c16-44fe-9c01-8779b3c49bee,Patrick Harris,ularson@example.org,2025-02-18 04:14:19,b98f6e46-f826-4e1e-bdca-484a54cb82ca,CPU,Accessories,1074,464adf85-6cd3-4beb-8eeb-b8c84999fab9,2025-02-25 06:46:07,2,2148
7457bef3-8b4d-4d7b-be86-2b4f28fd1eb2,Zachary Holland,bkemp@example.com,2024-07-05 05:15:43,92ae220d-f96f-4d89-95f3-27cc2ee467c0,Scanner,Electronics,1063,e1f67694-21d3-4d20-b64d-05a9add486d1,2024-11-09 22:45:01,5,5315
11c8f71c-c489-4e10-a611-c9b2478c858b,Sarah Guerrero,brenda39@example.com,2020-08-28 01:14:37,5da045b2-428a-42de-a99b-0d5943009e97,Camera,Electronics,1560,ccca172e-bcd7-4a9d-9270-27eed6430c08,2020-09-06 02:29:38,4,6240
ead89a7e-3785-46cf-b724-b75e89735cc9,Katie Brown,melissa11@example.org,2020-09-08 05:08:13,9e57a566-0f5b-4b1f-9970-4ff0d94746ab,CPU,Wearables,774,96de4f9d-fa4a-4f08-a971-bebef2f7cd16,2021-02-02 17:03:49,3,2322
2c30f592-233e-4ae6-9cef-4661207a65b7,Timothy Powers,elizabethanderson@example.net,2023-07-07 03:47:51,2f0302c6-094b-4f66-9ff7-16a4eeae05c1,Tablet,Computers,1638,f4b051d7-b5c9-400d-860d-ae771a475e16,2024-06-10 16:02:50,3,4914
44a33b82-454f-4d60-8335-d50dc081b4d5,Scott Price,wwhite@example.org,2023-01-21 19:46:00,2fe92ec0-cba0-468c-889c-04fed06f949b,Camera,Gaming,1718,2fac85df-0b02-401a-91c3-52b45655aa8d,2025-02-10 19:37:24,5,8590
9c81d936-d460-40b6-871e-24dbcc5c0e8e,John Williams,wburgess@example.org,2020-05-23 04:08:18,00a8b954-7820-4d73-8c28-7cd1bd79f403,USB Flash Drive,Accessories,143,4d5cdb1a-4344-4e24-ad18-a8fe0c80e0a6,2024-05-25 21:56:00,3,429
2873a071-a2c8-4745-86ba-ddc3f18dbfb8,Rebecca Smith,norma01@example.net,2024-12-01 04:14:50,706cf449-62de-4241-a41d-c1114c487c81,Graphics Card,Accessories,250,479d32a9-0f6b-425d-b3df-7b78636d6217,2024-12-30 20:34:14,5,1250
4ba69152-e62d-41b6-907e-f20ab8964a6f,Teresa Byrd,janicewarren@example.org,2021-12-13 11:51:15,19ff3bda-42f3-4149-9c02-377652662dc8,Drone,Computers,197,eea41d2f-d85f-4915-9bef-a163fb9481d7,2024-04-11 06:43:09,4,788
54e4a481-7c7a-4f62-83bd-e4d831dae8d7,Ronald Grant,emilyjames@example.com,2022-06-30 00:28:40,b4c22e5a-2514-4f75-b098-e3749fca72b1,VR Headset,Accessories,571,13422b7a-ec71-4043-a06a-878aac7fbc8a,2024-05-02 18:22:05,2,1142
a47cf6c1-825d-400b-bfdd-61abf0865b1c,Donald Durham,jeffreygreen@example.net,2023-12-06 21:04:56,f8c08939-bfef-4ddf-9700-eae4a1488f4f,Motherboard,PC Components,833,b2f9e1aa-cd89-490e-8e3f-e23d12fac064,2024-01-01 04:36:35,3,2499
86e627f5-e5a3-4fda-a1ba-7970d064dfe8,Kelli Mcpherson,justinvega@example.org,2021-03-17 09:37:20,683cb46f-70d6-4841-a252-d1ab677bed60,Motherboard,PC Components,1757,e70f19d0-ab9d-44f6-a369-942338e59ec7,2021-04-20 21:56:40,4,7028
215b7166-550f-4dff-b009-f15372ece1f4,Ivan Johnson,michael65@example.org,2021-12-11 04:14:17,b26b81cd-c179-4da5-a0c5-3a99ca28d1e2,Keyboard,Peripherals,1225,0e7042ad-4bfa-4123-8744-10ee02bc26cf,2022-03-28 22:13:06,1,1225
aad4ed50-a36a-40e2-a290-4ddf0159059d,Kyle Rivera,stephenrios@example.org,2022-08-30 15:54:13,d786a767-3d84-4039-9866-f166bbf61b49,Laptop,Audio,593,3773b2ab-405b-4238-a691-6bfa7f3fa8de,2024-06-08 18:17:44,4,2372
dac0a1ca-3242-4a02-9b32-adafdf97381b,Nicholas Davis,mcarter@example.com,2021-02-21 19:43:54,5e044f7e-856a-4d57-8721-2a97fb6ba7dd,External Hard Drive,Audio,201,412b4c05-559d-46f4-8615-855cee66a911,2021-05-31 00:12:05,5,1005
538cc9a9-299e-4a7a-9629-88fc15428610,Zachary White,sellersroger@example.net,2023-09-23 13:34:47,60bb05d0-06da-4284-b7b8-3aadd01fe6d8,Webcam,PC Components,1166,f2b1e968-4f04-4831-8e1e-04e0e8b8463a,2024-09-16 09:28:14,3,3498
84c843e9-0486-4a0a-9cf9-4905b06223b9,Amber Wiley,david76@example.org,2020-03-17 04:05:11,ae36e072-ad91-413e-9066-9e612cee4c4a,USB Flash Drive,Computers,1232,6ddf40ff-a86a-47ba-98d9-37e0027716a8,2023-09-01 19:15:22,2,2464
a119fef9-441d-4da3-8483-dd419ef76304,Kenneth Campos,gregory89@example.net,2024-04-03 03:05:13,01451f26-3cd2-49b0-9466-bcf3a1da9882,Laptop,Gaming,1009,d81c3286-e612-456c-8880-2374f5b90154,2025-01-29 18:10:26,3,3027
3807523a-68aa-4814-a6b5-f1f252a2810c,Aimee Rios,austin48@example.com,2023-08-17 19:15:17,0f7df11a-9aaa-43a4-863d-c74a5282bced,Keyboard,Electronics,452,0e218388-bd1d-4f5b-9372-4193f67d8833,2024-03-07 01:02:44,5,2260
e60da2a9-2607-4718-aa88-cf8e140b9149,Emily Johnson,rileymichelle@example.org,2020-09-17 15:39:17,05599fd2-cf5e-4519-b0ca-d16eb752365a,Fitness Tracker,Audio,1343,7a09c4c3-7e0d-4c66-83fc-2dbb8cab1c17,2023-08-25 07:29:13,5,6715
b2022400-70a8-4e70-ba68-19432b839c22,Lawrence Williams,espinozajuan@example.org,2020-09-22 08:30:32,9712691c-4297-4451-a97f-2226aa58d84a,Tablet,Audio,810,1b2680f8-2ca9-49ab-bb13-7828023a0fa9,2021-10-31 01:11:50,2,1620
90f90583-ef98-4717-aad4-8b4faab8928a,Emily Hamilton,johnsoncheryl@example.com,2021-08-26 02:20:48,5100c9f3-eb29-4b5e-a2b5-b4e3e429a065,SSD,Gaming,1664,f7ff962c-effa-4063-93fa-457d091afde1,2023-03-06 09:17:25,4,6656
cdda1d85-e1d3-4ae7-bc0d-af13a1e3e1d8,Eric Anderson,vanessa80@example.net,2024-10-31 14:48:45,ccdc4cca-4e5a-4b96-a227-1f7fc19d99be,Network Switch,PC Components,1173,8d49718e-d315-47c3-93b7-51a0fd22d9f3,2024-11-25 17:34:52,5,5865
c4336117-2a5d-4ad5-afe9-fa21b52de0b5,Jessica Hansen,jeffrey55@example.org,2023-04-11 09:28:37,5009a66c-a830-4dc7-8b0b-d04a4351ecf6,Monitor,Peripherals,935,60432b54-2989-40e9-a353-025b74aaaf0c,2023-11-29 10:22:28,2,1870
a17853d3-b80b-4350-84e8-d6d77d957be6,Ricardo Powell,wrightjames@example.org,2022-07-30 20:39:03,122b009e-a3f6-49ab-aa8b-471e93fd3b0d,USB Flash Drive,Gaming,164,5be18d62-5d5f-405e-9cd9-285986610887,2023-11-20 15:36:39,4,656
ca9202be-9a69-4cb7-b78b-100afe1dcb15,Cassandra Jennings,wallen@example.com,2022-12-24 21:58:33,49d45948-e96d-4d7f-9a39-2a0b4061321d,Fitness Tracker,Gaming,1766,482012a3-d667-4e39-8297-19c0214dc7ab,2024-08-16 17:46:21,3,5298
8e3bd281-80d8-498a-92a2-d7d73c5138a7,Lacey Nguyen,mholmes@example.net,2023-08-09 02:39:16,fef50560-8cf4-4c63-81db-231d68288b7e,Smartwatch,Accessories,216,c064c1d3-c2b2-46bb-b7a6-2694a7c9a228,2024-10-22 23:14:41,5,1080
3e90c883-1a45-49a8-b58e-393c43144c9a,Tracy Alexander,andrewwilliams@example.org,2022-11-03 10:59:01,51e99e1e-1daa-4b33-839e-f6c4514a0bfd,Microphone,Networking,958,7cdfa6a0-e4d1-43a0-9099-4b8ec160a515,2022-12-13 04:01:19,3,2874
d5b56cf7-df5e-4832-b342-dfe245f95152,Brent Anderson,wardlucas@example.net,2022-12-18 18:29:45,7f3c3b83-05fa-44d9-8d9a-3a007d6b7df4,Webcam,Audio,122,136d2a9d-d1fe-470d-94af-6cda442e1200,2023-11-25 10:11:22,1,122
422e7dc6-4a3d-457e-8625-efa43d1832c7,Ralph Gaines,stacy95@example.org,2022-02-09 04:56:04,c7f6dd25-4f7c-4e19-8bbc-c51d4c046598,Graphics Card,Accessories,613,e1bca4b7-5a0d-456f-99dc-3c7d6ad2e6f5,2024-12-31 19:53:45,4,2452
d58bb7ce-76bf-41b6-9650-3c757ecca86e,David Berg,garrisonrichard@example.net,2021-03-25 00:11:17,bd052a0a-038f-4c6a-806e-a9ecc61ca4d3,Laptop,Gaming,519,bf44dc80-6ab0-4833-8374-6beb14018e98,2023-07-28 14:24:53,1,519
7d6a285e-8448-4e94-98b3-235f0b64b485,Brian Buck,amanda03@example.net,2020-05-19 20:55:08,98a495b0-bffa-4e65-96ec-b2443589abfd,RAM,Accessories,394,cf2b9e9b-92df-4b94-a2e0-1b450b8fe764,2024-10-09 03:16:40,2,788
e0cbb880-1e6c-484b-94f5-81189778349e,Patricia Gonzalez DVM,jodikane@example.org,2022-10-19 08:51:34,0e767350-f01f-483b-9ace-7b8d6ce34a9c,SSD,Peripherals,1666,e51fcf4f-0d60-4901-b3bf-c18d0b5659ff,2023-03-24 12:58:56,1,1666
9a88bc94-e321-487e-a1ca-c18158b53b4d,Michelle Levy,jacksonshannon@example.org,2020-10-17 04:18:10,eb292416-0442-4ca8-919a-7e0d4a73e7f0,Fitness Tracker,Wearables,773,4b898f14-105b-4b3b-b255-5dc14b5f643e,2021-11-26 01:10:36,1,773
f41ab60c-4a62-43de-bcda-7971234a16d8,Heather Grant,paul12@example.org,2022-10-21 23:15:22,589be420-9b4d-41bb-aa2b-d0b757397ca7,Camera,PC Components,497,3f58958c-a79e-4e50-a5d9-846ddbae2c50,2023-08-29 19:04:29,5,2485
8e45fe35-b83e-4a56-95b1-c36192d6ed99,Sylvia Blake,otate@example.com,2023-06-22 10:09:34,9a927eca-48d7-4733-a238-3d605c7e23b8,Fitness Tracker,Electronics,113,8e719878-aca3-4910-a16d-73308f24f5d0,2023-12-08 08:29:45,1,113
cfd0b142-06e2-4922-bb50-26e5ec8065d0,Megan Roberts,tinanunez@example.net,2024-09-22 08:35:47,bf200186-2c9c-4023-86bf-a6358b0d2fda,Gaming Console,Networking,249,16077da5-f32e-4e46-80d6-2da70c72b2c0,2025-02-10 12:25:01,5,1245
710259cd-0552-40f6-92b1-e9eb1ef8a4dc,Nicholas Dunn,hbarton@example.com,2020-10-29 11:42:47,e300bba9-f115-4e06-bcf2-22417b8f8fe5,Webcam,Computers,1772,e0e393c7-7cd5-4fe9-ad28-2dd30f6d38f8,2021-07-02 04:44:17,1,1772
60b9f62b-f7d1-46ca-8b86-0dff6be46a21,Sabrina Gallagher,larrygonzalez@example.org,2020-04-08 05:50:09,15157163-be71-4d2b-a7c3-539612d703b9,Laptop,Wearables,1923,b762b032-fd1a-4c5d-ad12-22313915576e,2021-06-19 03:54:41,4,7692
0d1d0c23-e89c-45ff-9b98-73e0e9862f46,Jose Eaton,harrisonbrittany@example.com,2024-06-25 05:42:44,9047940b-fe83-4351-8fc0-63a069f16276,CPU,Wearables,867,3c3beec6-fa70-4bab-b4f2-eace47040dde,2024-07-17 13:11:25,5,4335
9951706c-dc51-412d-98fd-92c87e39109e,Lisa Romero,thomas19@example.org,2023-05-29 10:27:46,1f8640e3-5b05-4e24-8f6b-cfdd08232c5c,Scanner,Gaming,1449,82d4f672-4afa-4dfd-981c-0f49f1463371,2024-07-30 10:34:24,2,2898
1f650806-a91c-407b-844c-b614e404b889,Shelley Branch,antonio82@example.org,2023-02-13 13:23:55,112dcc03-1330-4146-9816-2a476ab5881e,Network Switch,Gaming,1400,2c9e1fde-4880-4be3-90c4-da0e1dda5464,2024-02-10 11:24:26,3,4200
2f236695-8719-40b4-a5ed-065a7a202c47,Jessica Williams,hollandalexander@example.com,2023-09-07 17:27:14,77115013-9cf7-4251-a582-1cfeef65829b,Router,Electronics,543,2c9fc5a4-d41a-4934-bcf9-6cc4acfb4771,2024-12-27 19:44:42,3,1629
25a66efe-6f37-4d40-a491-0c34b7c6d654,Jennifer Miller,stephaniewilson@example.org,2020-07-19 15:19:24,e1e72b8d-f73f-41dc-b09b-ea255da1169e,Motherboard,Peripherals,1611,7de45e48-25ca-478d-8a44-9432486a2f93,2022-09-09 16:53:19,2,3222
e33da1fb-a858-41d8-8560-d843d91589c2,Kelly Wiggins,marshalljames@example.com,2022-04-07 19:53:35,b625c785-caad-46ad-841a-7273c37ad353,Monitor,Peripherals,458,86d5497c-f05b-455a-ae33-1001f436e00c,2022-12-18 00:22:12,5,2290
f4affa35-5f48-4de8-bfba-f84bee82db70,Bruce Whitehead,gavintownsend@example.net,2021-04-09 00:49:20,6f53e876-2899-48a2-b560-0ff3fefb5990,RAM,Electronics,1932,19219fea-a906-4b2f-b8dd-e7b114ecca7e,2024-09-08 13:53:49,2,3864
77d6a0b0-1f11-42dc-8dc4-e1f2de5f8b59,Scott Garrison,tonywashington@example.com,2024-05-28 14:54:54,4548740c-6f18-44e6-a6eb-a5fc45dca717,SSD,Accessories,1442,f274dbaf-78ae-4560-a45e-31659a9e76d7,2024-12-08 07:56:51,5,7210
dfaed740-fd6f-46b5-848a-32e6daf2980d,Gary Townsend,cheryl79@example.net,2024-02-16 19:26:00,ed6f0f40-d980-42b0-b0ab-bff4fec712d0,Webcam,Networking,1154,bacf86b5-59f4-412a-b558-7d61b0c438db,2024-07-12 07:57:16,5,5770
e2ba8d42-5fa5-4929-bca0-c6488bdcde13,Jasmine Simpson,kingalexander@example.net,2024-08-15 20:26:24,d286aefe-d459-4e6f-bda4-deed8600cd9f,Fitness Tracker,Gaming,1634,501941bc-65c4-443f-8a74-7ec113dcdbca,2024-11-09 17:48:06,4,6536
6b9cf6e7-aa57-4ad9-93e4-63e7dfbc2a31,Andrew Bryant,brownwendy@example.org,2021-04-07 06:36:49,e96c08d1-8d70-4813-9166-3311568e2bbf,Network Switch,PC Components,45,0d53e137-b2ad-4e34-934d-e58cb5a37ab9,2021-11-02 10:30:44,4,180
bfa70e0c-714e-4297-96c6-1729e92c8834,Katelyn Holden,kwilliams@example.org,2023-05-11 00:26:48,3162fc27-8c52-4ed8-9451-6c9020dba1b6,Tablet,Audio,1425,b11f2a22-48e0-45d7-9221-6701fbf38fce,2024-11-25 19:18:37,3,4275
7cbc619f-0e4a-44c0-900d-d3214953ee51,Kristen Moore,gutierrezkristine@example.org,2024-05-16 16:51:44,b42d7109-969d-4324-950e-bdc5680d1936,Keyboard,Networking,1937,7d54d176-aed2-4b19-9c56-3a838286e75e,2024-09-29 04:22:50,1,1937
5f2483a0-72b4-4449-bbc5-cff3e3c3f3fd,Jesus Shields,qferguson@example.net,2021-06-23 16:49:34,77dd6a63-6433-45a5-99c4-0328b2d5d39a,Keyboard,Accessories,798,cf81384b-bbb8-4cd0-8b78-9e0ec56ef97f,2024-07-13 10:17:38,4,3192
dc5b8620-3e2b-48b2-b4d0-229510449644,Lisa Bradley,johnhall@example.net,2022-11-12 20:45:09,a31eb848-024c-4008-9774-c06b9f5bb39f,Mouse,Wearables,887,46d92182-8122-4048-9221-6ae4bfaa7606,2023-12-12 13:31:13,5,4435
13448ac2-04f7-4592-9bfb-47a56623e0a7,Terry Hicks,zacharyalexander@example.net,2022-12-17 17:31:36,be2a9ff5-d7b5-43a9-a56d-9c9281f3f9d2,Mouse,Computers,22,7243bca6-dee0-4d94-b14e-8f66f63f0d63,2023-10-12 11:58:29,2,44
2fe59fab-1038-4c8f-b463-1210a1fb3b67,Richard Navarro,clarkpeter@example.net,2024-09-17 09:38:37,af132750-4c2a-434c-9528-94017f30203c,Modem,Wearables,154,5e4cb854-537d-4984-bdd9-7d25cfc00195,2024-11-24 10:57:14,1,154
3ccb9087-b5ef-4533-84cd-83b542f7f0ed,Ashley Smith,dave67@example.com,2021-10-23 11:12:11,db6ba728-c0e8-4e15-95b3-20670fa371b6,Tablet,Accessories,385,22dd5ea7-8f6e-4a8a-a348-5c7c4946b59e,2025-01-06 17:35:20,4,1540
aebda84d-5190-4b99-99fa-95ebaa092ab8,Candace Castro,freemanchristopher@example.org,2020-08-08 03:13:27,276ef5d3-ecb9-4983-aad9-0766b7b8986f,Bluetooth Speaker,Gaming,282,b4effb5c-b69f-46ee-8dd4-a4fa824f7b9e,2024-05-28 11:37:12,4,1128
e32a57df-aec7-4d1d-920e-912404dad803,Michael Mitchell,kyle71@example.net,2024-10-13 12:31:21,41978a88-941e-48c1-a5b9-076ac55f4887,Keyboard,Networking,654,3848d4ef-e3cc-4c8e-8a95-a322475d4434,2025-01-22 06:49:35,1,654
65b09878-cad9-4d88-a6e2-1fc6c1c87d48,John Le,regina57@example.org,2024-10-17 09:03:45,3c6459de-bb18-46c9-a711-0de719b0d551,Tablet,Electronics,378,0252b80e-57dd-4c47-bf5b-93232f62f0e2,2024-10-17 15:48:46,1,378
61cf7012-d1ae-4e13-a604-36884bffb3cd,April Bryant,crystalwinters@example.org,2022-11-10 04:20:02,6a0bd2dc-e670-4c1c-a26d-887f9cd00a6b,Keyboard,Gaming,1858,eb2de318-f90b-480c-ab11-96af9684046a,2023-02-07 19:00:02,3,5574
29ff0a15-7f89-4df0-aa25-35b50e5991ec,Kevin Jordan,danielle40@example.org,2021-07-07 15:01:13,be8eaa90-a229-4466-bf88-345d980a616b,VR Headset,Computers,1464,da1f6b0b-09ac-4dbb-96c9-c42d2a81176a,2021-07-26 04:36:14,3,4392
4809df0d-aba4-4058-8b00-24b4d7837340,Rebecca Young,leesara@example.org,2024-10-25 04:13:34,48a03f2d-b42c-4174-833f-ee7a75ff5418,Fitness Tracker,Photography,870,e6113858-a0c7-4bee-8554-39df575f6bcf,2024-11-30 21:00:40,4,3480
c9c5dce5-2463-42ea-9f1d-c81370162d9d,Joel Bates,davenportrachel@example.com,2022-10-15 01:06:02,7e2f51ae-f7c3-4e09-99b7-5cb4cb1f4fa1,Camera,Audio,1961,09e32246-c64b-4e02-a485-fd1114d43111,2023-07-28 13:18:21,4,7844
eb9153d1-2d73-4fff-a4d2-79db5db23915,Kristie Willis,jack97@example.net,2023-08-24 11:59:31,9fc240db-13da-43a2-a3c4-9c10d84c51a0,Power Supply,Accessories,1535,56ba4823-6ab9-4b39-936f-22fc71c257d6,2024-02-15 16:43:00,5,7675
63a94438-9630-4c3c-b2af-3e4ba1191098,Joe Ward,tmitchell@example.net,2021-05-20 19:00:16,2e9af5b5-8a64-4959-9679-a4575a096062,Network Switch,Gaming,817,7c9204f4-8b5c-496d-a6a2-652281d2d60c,2022-05-28 21:00:29,1,817
ecf00378-bd5a-4b16-9576-b56cfbd5e8e7,Kathy Doyle,rebeccastone@example.org,2022-04-18 10:04:20,df1c08dc-6ebc-44f5-9040-d9759e226d08,Fitness Tracker,Photography,84,22c93fda-104d-4cca-91b0-426b2686e604,2022-05-09 05:27:37,3,252
2c0fda3c-8ae5-40b8-a1c6-5985b3ea768b,Samuel Flowers,dcoleman@example.org,2021-05-16 17:58:42,cd842600-3761-4185-bf5c-096156dfbb35,Headphones,Photography,130,7ea5c074-0181-4cc8-8d5b-987b69269842,2022-06-24 16:04:09,5,650
9b42013e-f6d4-4346-942b-fdfdfba74e43,Javier Nguyen,dpitts@example.com,2021-07-24 23:56:23,58a80d85-755c-4e10-bb07-81e491709e41,USB Flash Drive,Wearables,195,fd5f87af-5c52-472f-90d8-8622c14cb51a,2021-07-28 22:54:22,4,780
f6a28744-5b4d-4d08-9c70-8139f796f3d0,Gary Holmes,norman45@example.com,2020-11-21 02:38:43,1486c108-c160-4b9c-a2fb-1ee5bb7cc840,Motherboard,Peripherals,31,a162e168-6164-416d-a122-6a57676830f6,2024-06-23 05:45:05,2,62
2e27ce74-b77d-495d-812f-decadf9cf11d,Jordan Jackson,kleinbrittany@example.net,2024-10-14 07:22:09,a9ed4272-fa55-4211-aba3-f82440374148,RAM,PC Components,1836,1b2ed48b-7850-4376-a098-214597e29942,2024-11-13 01:52:04,4,7344
6c7f59b9-2e28-4431-82f9-e8b05853d88a,Michele Wong,nbrown@example.org,2022-07-16 19:42:52,0b532629-d598-45e5-972d-6967f9399d12,Printer,Wearables,189,8701a9e3-6a81-4947-aca6-d890dd827bba,2022-10-24 05:47:52,2,378
dd1a9c86-1ec1-4f51-97d9-90eaa3e4a41b,Rachel Stone,fwheeler@example.org,2020-12-27 23:30:36,52ef0796-32bd-464d-96b4-066c5fe72802,CPU,PC Components,1095,83965242-5968-457a-b387-0a8e27401460,2023-06-18 00:36:57,1,1095
626351e8-d16d-43da-abce-47a675244896,Traci Carlson,blevinspatrick@example.org,2022-07-08 10:27:23,a8e5e174-7cb2-464a-adf9-4a8014e02e03,Printer,Electronics,1206,12736162-1e5d-4d18-b84d-00846d1a089b,2023-07-24 08:06:31,2,2412
0e5ba8dd-36fe-4b61-99b6-55760ae75822,Benjamin Dunn,adamschad@example.org,2024-10-31 10:39:58,43854b94-bc7e-48cf-b20d-1b273c0a7a2e,Laptop,Gaming,1765,668e1e8d-4455-48e3-a4bf-48ee94598f98,2025-02-08 14:01:48,4,7060
b3bba575-7a4d-4e6d-975c-9d6ee4862c59,John Owens,tholt@example.net,2022-09-26 14:24:36,c92c0a96-cb01-462d-a66e-62c6922a2c9e,Microphone,Audio,56,df9295d7-8abb-4fdf-ae4c-f062dc662a5d,2024-01-13 07:07:26,2,112
78b39f1f-82ee-4e11-b967-01f8c7d5ff37,Nancy Knapp,fcox@example.org,2024-07-22 06:13:45,627ea033-8468-4052-adf6-5f7f06c2ef74,Computer Case,Photography,274,d4e39567-0930-4b1c-a31b-a6d10bfc6de4,2024-11-20 17:24:48,2,548
326e12de-7c2b-4549-a2c2-eb149fcd5e60,Jennifer Hurst,brewerlori@example.com,2023-10-24 22:03:58,3b43773a-1aac-4547-95c2-6048318c0a9c,Webcam,Networking,777,99fe41dd-92bf-46d2-974c-9e2c76357e3f,2024-10-12 04:44:44,1,777
801602b6-8440-42c4-9c36-712ad8ec5f7e,Michael Maynard,theresasilva@example.com,2024-12-27 18:38:10,089a90ff-67f9-4e91-85e8-fe2b5856c2a5,Smartwatch,Computers,914,f3afdc8b-6683-4a81-a7b4-69f55510d513,2025-02-09 07:23:13,1,914
4d23796a-3228-4172-9fc3-db31678f52a2,Christopher Scott,alanmorrow@example.com,2022-09-28 01:40:35,5c71bb70-0939-48d1-b546-648b84a6d2c8,SSD,Gaming,242,047096b2-7859-40fc-8a0b-0cbf71c9eae8,2024-06-19 20:15:04,5,1210
d9044e70-065a-4e02-9af6-28a56ee92aaf,Patricia Strong,jasonrichardson@example.com,2022-12-18 21:53:55,af921846-df33-4c59-9cc2-5940a3f3e46f,Computer Case,Electronics,1832,2d829c68-054c-4d70-9117-15e2ebb55652,2025-01-23 04:27:24,2,3664
71b517fa-f118-43a1-91c9-d640504caad0,Lynn Johnson,kallen@example.org,2024-06-22 23:37:32,212fc4ca-750c-4b06-9d8d-1cc9e2a345a5,VR Headset,Wearables,498,34f4f30c-912f-423a-af6f-1d26890f976b,2024-12-16 18:07:53,5,2490
7b98c65b-f404-4979-a874-bd5e8d0e78fa,Mr. Richard Zhang,hicksalan@example.net,2020-03-12 14:16:27,f0c149b9-ef3b-41c0-ab78-48ecf64b39c6,Scanner,PC Components,1075,a2b44b74-1de4-4ad2-ad6e-8521e95d6c29,2020-05-02 13:58:17,5,5375
6e181974-0190-4aac-8b3d-58402a4f9d8e,Michael Stephenson,danielleclarke@example.org,2021-09-28 12:25:18,6eaad7b7-3807-48ba-aa7b-17665a01a4ab,Smartwatch,PC Components,1098,28a33824-126b-43b4-b39f-42ad885d47b1,2023-02-21 12:53:20,3,3294
6e306178-0cc7-4722-82b9-290d35773feb,Leslie Freeman,ygomez@example.org,2022-08-12 18:21:54,dae7d55c-d426-46f1-a443-6425a3f7a8b3,USB Flash Drive,Photography,1391,aed92150-aea3-4789-8bea-c6c5be323a6a,2023-04-20 03:56:06,4,5564
c1b1ad24-ab11-45c9-9b8e-2e258ccb7bb0,Allison Thomas,zavalaricardo@example.org,2022-04-05 15:17:48,a67286d3-c3f2-4138-903c-634693694a10,Scanner,Electronics,717,7af195fc-2f87-4f9a-b139-3ef29b2f4fe1,2023-11-24 17:54:05,3,2151
6f2c1283-9b62-4578-8d95-cd748275b344,Sharon Allison,glopez@example.net,2022-12-23 13:19:23,7e41e163-cd0c-47eb-9041-a4b6d90d6a11,Network Switch,Computers,628,14ae3150-3fcd-4d92-a58f-e3fd49e00793,2023-02-25 12:12:19,2,1256
ae88f5cb-a91c-44ff-b161-033e36f2d736,Jacqueline Watkins,theresatrevino@example.net,2023-09-16 02:59:35,4882bf31-4706-4897-b5c7-7c6f7ae10271,RAM,Wearables,1890,a8525056-426a-46f2-8998-829f2a5f4979,2024-11-22 11:36:39,5,9450
217a81b3-eb79-4d99-9eb1-1ed2a0c3b2d2,Laura Weber,johnjones@example.org,2020-07-16 01:45:47,8177439f-26f6-4dd6-9912-532a74666639,Smartwatch,PC Components,655,c2af7dd0-22dd-4220-bc10-1dd7974d58e9,2021-04-06 08:38:24,4,2620
221fa006-7074-451c-b2d3-f36191ac1569,Mitchell Gonzalez,freid@example.net,2023-02-16 16:28:29,1d01359d-d2aa-49e6-911e-8c3ad2a911b9,Smartphone,Peripherals,1003,ac1b6f47-ad53-48cc-ad58-59410a15e3e2,2023-08-10 03:02:38,3,3009
24359cda-0e74-44a6-b2b7-3143dc658c2e,Christy Carter,hillpaul@example.org,2024-01-07 16:50:38,2ac509ef-015d-42b8-86ff-33b92b4a0355,Router,Gaming,1099,6516bb62-3647-48e2-b9f5-00e71778a401,2024-01-15 22:15:02,1,1099
efb8e712-af5f-4ce8-9d35-b715d47def93,Christine Elliott,sarah47@example.com,2024-03-09 19:48:53,21bfa5e8-44ae-4af4-a5c7-3ba1ef360699,Power Supply,Gaming,614,af57277e-13c9-4abf-9121-10b41be86ff3,2024-03-15 15:47:00,4,2456
a7625a0c-b6af-477a-8bfe-2e5fdb27ba83,Jeffrey Hughes,lunacollin@example.net,2024-12-05 13:21:23,79cdee80-fc38-4d85-954a-f87050c64ba4,Gaming Console,Wearables,1252,34dcd8e0-178e-40d9-99bb-f2a0c40a786e,2025-01-26 05:13:59,4,5008
ecbc2bd7-409c-4431-b8f2-376ff6064957,Christopher Price,jessica85@example.com,2023-01-12 13:16:19,f1797f11-1bca-444f-bc23-4cf041dd05ab,Network Switch,PC Components,1765,b7ed48d3-158b-4cb8-8dd1-5c8da1e752e6,2023-05-14 20:26:35,2,3530
fff6c779-b974-437d-8f6c-86766f53eef5,Joseph Waters,waterssandra@example.com,2020-12-16 16:55:50,c76db273-de48-4f2f-a05e-172d7074c274,Graphics Card,Accessories,1510,2ba0e339-2bb2-4b39-ba9e-424321903b12,2023-01-17 14:24:18,5,7550
e089c549-48e6-465c-9485-d558b7381c53,Jennifer Todd,chendonna@example.org,2021-09-12 21:15:49,63015986-adf3-4fa5-9029-c17f1fcbd155,Keyboard,Wearables,405,3645cd5b-4df8-41ec-a253-21f8824e476a,2023-08-03 03:31:23,3,1215
2e01c80c-84c1-4bb2-8281-cf44c902273e,Ian Moore,stantonkevin@example.org,2022-11-29 10:14:58,147acdbf-89c1-45bc-92de-154289895691,Headphones,Gaming,402,c9324df7-e473-4908-97ac-2cab16b7589c,2024-11-12 07:37:05,2,804
8577818f-6ba6-431d-a4fa-5bf45b083535,Riley Anderson,alisonbrewer@example.com,2021-03-27 20:17:55,45ae449a-fc2d-49b5-aec6-a6aa3b67f6b2,Webcam,Networking,1414,ccaab3b8-a18f-4829-9032-4298e8d8c909,2021-11-05 10:10:22,2,2828
66599690-a9ad-4cee-9a37-33d56860f80f,Patricia Shelton,burkealan@example.org,2021-08-26 05:46:51,2bd78d52-d5e8-4aca-9e73-650c7812b194,Computer Case,Electronics,555,bd221447-5eb1-4f09-aebc-47bb2738aba7,2022-12-17 20:43:57,1,555
5c7bd53a-a117-47da-acd6-2d364d022109,Sarah Rodriguez,laurendaniels@example.net,2020-07-28 02:41:50,6cb05d3d-889e-4494-976d-4e29bfe695bd,SSD,Computers,62,f4135417-7112-448a-b2e0-48e46398fce9,2023-02-03 00:12:52,3,186
b042250b-bf4c-4617-8132-fc8be50f96e3,Jorge Newman,kari18@example.net,2024-05-15 21:44:46,8632b408-9719-46f8-8a17-3fc42498812e,Gaming Console,Audio,95,0e545f90-9e8f-4801-bd60-39987fdabba6,2024-07-22 20:53:13,1,95
e3a1f711-c672-4b48-9fb4-4c8052a9ac10,David Christian,beasleyhunter@example.org,2020-05-01 13:05:27,bf18330e-3207-43b9-9992-b40a864343ac,Modem,Peripherals,899,07f3a4f3-e59e-4bbe-aaa3-a623b1937258,2024-04-11 16:11:40,3,2697
a59beeee-e6a7-453b-b897-516207046944,Nicholas Walters,zwright@example.org,2025-02-22 03:40:43,c9c2dc6c-769d-4002-b857-aa61a3986adc,Smartphone,Photography,1763,531aba6a-a3dd-45f0-8afc-859d93aa84a8,2025-02-26 14:03:02,3,5289
10d59021-d2fd-48df-9ffe-1d92f0fb7665,Harry Ellis,hjohnson@example.net,2024-12-30 17:10:32,c0af8317-243d-4bbc-b7aa-f01bd16d5773,Microphone,Gaming,307,d5176142-aa3c-4943-b8be-87cfc1cffe93,2025-01-30 23:11:47,4,1228
54b7e7b5-53a2-4823-871c-23c9a1f7e7b8,Dr. Curtis Erickson,xschwartz@example.net,2020-03-10 15:35:54,99e88534-f9d6-4605-9203-4764a7ffa31e,Webcam,Peripherals,1109,bafe96b6-a420-4bde-85b7-07ad5379f24c,2023-07-09 10:39:34,2,2218
75d3d2f4-2924-4d25-b7c6-525d58d4b05b,Sarah Hardy,joelhodges@example.com,2021-04-28 14:58:11,96c718c6-8035-4583-b466-9056c466b87a,External Hard Drive,Audio,716,f8f3025c-5430-45ff-8d7c-2dc89490c119,2023-08-29 18:48:58,5,3580
497fcb56-1792-4d3b-89d3-5a2ffbcee962,Cynthia Castro,stewartjavier@example.com,2024-10-04 19:04:23,8fb48b48-127d-4237-bb3a-b5520028cdb9,Network Switch,Photography,926,556fee03-2b4f-40c5-869a-92336d751f28,2024-11-16 07:03:26,5,4630
765bdebc-80f3-401b-bede-422a8787f8aa,Nathaniel Lopez,uwhitehead@example.org,2021-07-28 00:49:23,f387172c-be6b-40d9-bd24-b931454fbeb9,Graphics Card,Peripherals,441,df0a0610-5a12-4c50-82b6-a68157425858,2024-12-05 07:56:59,3,1323
4ca57e9a-fbfd-4a6b-b0f3-ed88521ae803,Ryan Underwood,kellymiranda@example.org,2021-01-09 11:19:08,8e978a06-1c87-40a0-ab40-3e5df236159d,Smartwatch,Peripherals,1537,f8cc20c8-d8f7-4279-bb65-66a869807796,2024-12-08 06:45:04,2,3074
5ea4bc93-3de3-4ffd-aeb2-2b693f5cc3d6,Melissa Reed,williammelendez@example.org,2023-06-09 00:39:01,77dc2b86-8e7a-4c55-afbc-d0b217ba0f9d,Fitness Tracker,PC Components,1155,5f883b26-22f2-48f5-ac45-df82cbaee399,2024-05-27 14:51:45,4,4620
64208ea8-a215-4131-9857-1aac3070228b,Larry Williams,tmack@example.net,2020-05-12 06:53:26,d0d3ead4-0f08-4bd9-a0fb-0bfe00055dbc,Printer,PC Components,589,e2b1b7eb-5bfa-4001-8e83-71de0a5dd054,2024-06-01 18:55:53,4,2356
65b80567-4552-4875-a667-d831876e88da,Sandra Bell DDS,jacobmiller@example.net,2020-04-08 01:20:44,5a51f08c-65db-4c56-a4e2-d2bca123b2a8,Tripod,Wearables,1763,1e2fc4c1-26cf-499b-93f9-637b1fe87f11,2022-07-03 12:50:42,5,8815
c599c0c7-2b85-4363-bd5e-4e3bc505a503,Bryan Baker,wesley74@example.org,2020-02-27 22:51:44,931a74ec-6bb2-4f0a-813a-07a61ea0f7b1,Modem,PC Components,921,b01e451e-56bc-429f-b4cc-c6da3dbb7f11,2020-05-13 17:14:00,4,3684
07073e22-f853-4fef-93f0-6823d564aa29,Michael Clark,jennifer16@example.net,2024-12-09 08:26:41,ef548d4d-e4a3-4a76-bdcf-eeb917aa549c,Tablet,Networking,1621,9b1842e3-2ad1-4713-b987-5e02543376f7,2024-12-18 22:07:58,4,6484
341be3f6-39bb-450b-a481-39c43a50a8ef,Dr. Debra Leonard,bethanyharrell@example.net,2020-05-28 07:27:28,4a8c026c-73bb-4204-97df-b859eb6e0255,Computer Case,PC Components,321,73b8a1b2-3e28-43c7-a9de-f7595a9eb556,2021-01-03 15:46:07,5,1605
8470028d-7867-4a71-8241-3dce5dcfcba8,Amanda Cook,amyburnett@example.net,2021-07-20 10:38:53,f9e9d96c-f191-4c15-956e-fead58aa963f,Computer Case,Wearables,1768,5529f265-8196-4809-bc93-6291316c4b4d,2024-04-12 04:43:33,1,1768
1d6a1acc-67da-419f-97c4-504528006b08,Ryan Newman,erik90@example.net,2025-01-14 01:28:02,427d657b-a89a-4850-b255-c8044034a16d,Drone,Networking,1143,94a754d9-8acd-4f95-a747-b71004cf463c,2025-02-22 17:22:08,4,4572
5a0c8369-7a5e-4094-b6c5-5b7c13daf418,Nathan Watson,johnathan89@example.org,2023-08-27 11:08:07,890065aa-e7ae-410d-b96f-3dbdea883b3c,CPU,Audio,994,080fb5d1-5e47-4b03-9f8f-526f342cdc76,2024-10-19 02:03:37,2,1988
8d484f5a-7c5c-4153-92b5-c978e4f8e6df,Danny Mcclure,shannonholder@example.org,2022-09-13 10:43:32,1daa5935-af55-431d-ae4f-a32be0295f3e,Gaming Console,Electronics,1557,13531557-10b2-4c46-a6d0-763516b87ab0,2025-01-25 05:11:23,1,1557
68a7c4c7-618b-47ea-9906-9201db025461,Alyssa Kennedy,yshah@example.com,2024-10-05 23:10:29,5d1d6403-667c-4350-9e3c-c0190f8eca29,Keyboard,Computers,917,50d5129c-a5e4-4f1b-9046-4efaaeb1e1e9,2024-12-24 11:59:54,5,4585
23f69622-12f2-4734-885a-976b0f5eb8e4,Jacqueline Hunter,kingfernando@example.org,2024-02-05 12:31:32,47f008e6-a738-42a1-b112-cfe17fc14e9e,Camera,Gaming,1364,54334e2b-5942-417c-8b37-4fc445140aaf,2024-12-17 07:40:20,4,5456
a53ec0df-d43c-4295-b979-31c09263e2db,Felicia Ryan,ryandavid@example.net,2022-12-23 08:58:46,84325f08-d3fc-4ec3-bf3d-0879a96deb00,Mouse,Electronics,1149,c0b7d99d-9f75-49a8-88ce-9c2171f1a8a1,2024-03-15 19:09:19,4,4596
34d842f8-e98e-4e67-99f0-43227537233b,Felicia Hall,brendakemp@example.org,2024-09-24 13:55:06,7512bfd6-76d7-4de5-a94e-12391a1ffb57,Camera,Audio,616,cde0fa26-f9b0-403d-8ef8-2cae3a4fe940,2024-10-05 00:12:38,4,2464
f83a8e76-8686-445d-86da-8c0b88141fe2,Megan Jones,jonathan25@example.org,2023-01-04 09:55:06,6b226aac-89a1-4d6e-9c3e-580320f1a6d6,Router,Audio,1522,b08b923f-437b-47b6-a1ec-afce4f73c401,2023-05-23 15:07:54,3,4566
2fd50310-f380-40e6-a6ad-ffb825761c8b,Dakota Barry,johnmiller@example.com,2020-09-08 14:23:07,cbbe38c7-8654-44c4-8d9a-43b385e3a7a8,Modem,Networking,281,59b0b35d-60e1-46b8-93a0-838b064127cc,2023-02-18 19:25:08,5,1405
df690151-2180-4e06-8909-aa538a2e81a6,Larry Acosta,patriciasmith@example.org,2021-06-20 03:37:06,10df492b-b60b-4bb1-a588-38a9e435c088,Drone,Audio,1872,41bd7656-27b6-4a7c-8316-7a681888f01f,2024-08-22 11:20:34,4,7488
9b7ebd6e-0b65-475f-aada-29a0c3bfdd24,Michael Long,rwright@example.org,2023-02-20 23:28:55,bef05a2e-c410-4e50-95c6-19449b5a798b,External Hard Drive,Computers,814,d49acc3e-34a9-4f18-abc8-87341a1898ff,2023-04-10 03:34:11,4,3256
815cbcb8-6303-4fc8-bc0d-f0209ddab956,Sheila Aguirre,lperez@example.org,2024-10-16 06:17:25,d9e1d2d8-16fa-4d17-891a-4395202e7adf,Bluetooth Speaker,Photography,1939,6610aa5c-2fd0-4a51-86ad-42a458d3f735,2024-11-01 12:53:38,2,3878
50e080a5-c7f3-48f1-a92e-5d068469cea8,Terry Sullivan,qgarcia@example.org,2023-11-16 14:26:34,98044ec8-a198-4e59-b9d1-89083cf7dcb6,Mouse,Peripherals,1283,9faf6cdd-5cea-4b60-b04c-48325f673a24,2024-04-08 13:45:31,2,2566
a216ff71-f356-4c87-96a3-76b2f17bf2ca,William Jones,aroman@example.org,2021-12-20 22:38:06,cc66cbc4-77a6-4961-9eb0-4bce3396ea0a,Bluetooth Speaker,Computers,1561,c3c4263c-2984-4f96-8e17-249afc8aa47c,2024-07-31 08:24:19,5,7805
5ebf47a3-d565-4d72-9ea8-dbb65eb99515,Katie Campbell,gregory02@example.com,2021-09-02 01:12:58,94f26dc5-b18b-4e60-aa40-13812995df65,Fitness Tracker,Electronics,1818,829feeb1-df80-4885-9684-c680565ba7db,2024-10-02 03:29:47,1,1818
eb329000-0fd8-4e05-928f-e595ac765243,Jacqueline Greene,morrismegan@example.com,2023-08-11 12:55:10,e83c0244-be82-4830-affe-9bd098f879ac,External Hard Drive,Accessories,879,a1e9fd59-a0c4-4e0d-a15a-b6e62eb35209,2024-04-24 05:45:17,5,4395
17127bfd-63af-41ef-a7ed-731c7ebeb1d7,Daniel Dominguez,froberts@example.net,2022-01-30 09:00:04,dd45e9ba-b950-4416-b621-31f04b0478c9,Camera,Accessories,1918,1131150d-1466-41c8-a435-35f6e9da1bab,2024-08-22 17:09:45,3,5754
f82126f7-6ad3-4cbb-8f42-2fc620ea52a6,Katherine Cruz,randyking@example.net,2021-08-13 06:53:45,b8382ccd-d3b7-4107-8365-ea7503eb3f0c,Tablet,PC Components,1892,4bcc42aa-7a7f-44fb-a31c-140652638c66,2022-03-23 07:10:16,3,5676
e174ae7f-1869-43e7-80cb-e89daa3bb97c,Scott Martinez,dalexander@example.org,2020-07-06 14:22:00,ea8e8078-4bf8-449b-8b73-62fca07a632a,USB Flash Drive,PC Components,1004,048fd3ee-ea8b-49a2-b43b-b7d434a3c4de,2021-02-06 11:13:36,3,3012
18d99986-0f95-4ddc-bad6-e2a2abec28ed,Xavier Reeves,jesse89@example.net,2022-04-12 16:09:54,d7eec65a-f3e5-4c9a-83bf-5895bfa72c5c,Camera,Accessories,1383,f7d2e15f-b6ed-4d5f-ac67-08dd10e3a8c2,2024-01-30 23:55:41,4,5532
0df96de2-59be-46d4-b85d-e79801b14fb5,David Hanson,mcknightedward@example.com,2021-07-27 07:53:06,d532567b-f10e-4b70-92b7-5339cb596a15,Computer Case,Accessories,1073,a0418ff4-500a-4e38-b682-e864a53027c8,2021-11-08 23:23:18,5,5365
403a9c5e-6386-4890-acb2-b5fce05c0f46,Steven Fry,ghanson@example.com,2020-11-23 17:59:12,95e37b93-79ef-4086-86b1-b3568cca8b00,Webcam,Electronics,1365,40b3222b-b790-46cf-90ef-f8c1f6416978,2023-02-24 06:15:43,4,5460
e48ffdb2-0c5c-4da0-8c4a-6f14d64fa379,Kimberly Todd,mccarthygarrett@example.org,2023-03-02 01:48:34,dca6c9c2-5e6e-4e36-99a0-9147ac883759,CPU,Photography,1444,790196cf-ffb6-4bf5-b117-4fd835573237,2024-04-13 00:17:58,5,7220
52840d2b-b3eb-4ac5-a975-060681c09429,Emily Wood,maureenwarren@example.org,2024-08-11 13:56:57,a71f2dce-4113-42df-a5dd-85c6cd5c8a09,Tablet,Gaming,651,1a71260d-9c25-425d-ae00-21bb6ff28a28,2024-08-15 20:01:37,4,2604
74ab19ec-fb3a-4af3-96f4-c464a5616620,Christian Robertson,crystal33@example.net,2023-02-28 22:22:09,fb45f633-f8c6-46e9-bbf1-fb4daa8e3f74,VR Headset,Computers,198,6be48824-a8e7-4004-bb9e-7e4bf23a1163,2023-08-18 08:57:15,3,594
d6a39bbe-9dd1-4e0c-8051-6eb755879d06,Cathy Martin,crystalburton@example.org,2024-01-18 03:27:44,f3418b3d-f4a7-4e38-9ef1-ebac3e3ec6f8,Monitor,Peripherals,397,afef48f6-651f-4222-b307-624a60da75a8,2024-02-10 00:51:48,2,794
f1434f71-9fcf-4aeb-9708-f9d4a86fb24f,Carlos Figueroa,eatoncathy@example.net,2020-06-24 00:58:42,34eba396-c020-46fd-acfd-128371d15693,Drone,Audio,841,f64ad249-474e-486d-b431-f913cf377bf9,2023-02-23 11:13:04,3,2523
f15eb467-4954-4727-82b2-70dfd23248fd,Victoria Byrd,fpreston@example.com,2024-05-10 18:53:41,31bafd05-a8e0-421f-b7a0-64fee3caa3c3,Power Supply,Networking,1014,946e81de-f21d-4a58-ac12-bfd48a1b506e,2024-06-07 05:58:05,5,5070
c73f4d0a-cb72-4471-b9b9-8eedb733ced3,Willie Ross,erika54@example.com,2021-07-01 14:58:00,34704df7-33f9-49a7-adc5-6160a3e8a55d,Smartwatch,Photography,1062,1edcc6e7-111d-42ff-a908-0427f31350aa,2024-04-12 21:52:02,3,3186
f2014ee3-3e10-4455-b84e-949bf6d564c9,Robert Conley,vcooper@example.org,2021-02-11 00:11:56,05036b2f-0cf0-4503-a719-d31d9dadf775,Scanner,Computers,1499,f56e510d-0d06-4314-bf5a-2074a5d0fdff,2023-10-01 04:04:48,4,5996
3aa45ad8-cc70-40e5-b37a-667726b65e56,Craig Lamb,smithwilliam@example.org,2022-06-12 21:34:02,78cb81ab-f7bf-4fec-af37-4636633d4309,Monitor,Photography,1162,54c0bb23-c441-4415-a3a8-95d1bd591f56,2023-08-23 02:59:45,2,2324
34765667-793a-48b0-88e4-1809f8111275,Frederick Caldwell,erica10@example.org,2021-02-04 22:18:12,17d48c44-9a8a-4c3d-8bf0-f6c840405593,Smartwatch,Gaming,1742,ac757f9a-936d-4bbe-883e-4780aff9245c,2022-06-26 05:08:17,2,3484
987d92e2-751d-4b1c-9128-c8d7b5c6a8f9,Ashley Harris,bhogan@example.org,2024-05-14 18:48:25,ab580cac-9389-48b6-9c55-05f458025670,RAM,Photography,1436,c383bf39-a8ae-4244-8116-e0ec2b249d65,2024-07-11 08:24:22,2,2872
2422ae5c-ab95-41cc-ba35-a3bfd0a3191a,Jeffrey Hancock,buckalexandra@example.org,2024-01-23 14:37:15,3aca9de4-be24-442c-b0dd-d43c6952ba36,VR Headset,Electronics,673,ef695497-4472-4199-abfd-390d49a363d3,2024-02-03 13:05:24,5,3365
15c866ab-2ad9-4abc-9725-fdf990158d7f,Michael Rogers,albert17@example.org,2020-09-29 02:11:30,2fdc9186-6fe5-4931-a98d-dcc6306322d6,Fitness Tracker,Computers,813,8391f30c-b240-4694-9a62-5c274e085f52,2022-05-10 05:45:47,4,3252
597aa767-08c1-47cf-975a-26a9142b7f6d,Timothy Phillips,robertcollins@example.com,2023-07-22 02:40:01,5fc46c35-b966-4918-9870-b8fbab314571,Tripod,Networking,1548,2885584e-ad72-4fdb-abcd-feeb5f6c0565,2023-08-15 15:15:49,4,6192
345f75a2-5d3a-487c-8c72-e12b8d9229a1,Julia Ferrell,mary81@example.org,2020-03-25 16:30:57,58847d67-bb09-4d86-8c6d-21606381e08f,Smartphone,Peripherals,1633,b5700513-a9a9-45e8-8e82-18ecbbdc407f,2024-10-02 12:12:15,3,4899
ceed251e-4f35-4a8b-97fc-7da79d262cf1,Julian Zhang,michelle33@example.com,2021-05-01 07:46:08,bd9a41e6-bde0-4123-b854-419abbebee8a,Fitness Tracker,Accessories,1342,1e2f6c29-292c-49d2-b136-b6aa0bafede6,2024-12-18 09:40:37,4,5368
a7f8741b-43e0-4709-abd2-30613625c485,Michael Novak,laurabutler@example.org,2022-02-02 19:30:40,65214fb5-b4e7-4038-8362-7e6471f17cd0,Monitor,Networking,1362,87debdb9-51d0-44e2-900a-edaca8f7f2e9,2022-10-25 16:52:04,4,5448
e911f38f-f503-467b-bc0e-4dbec61bff3f,Kathryn Martinez,michaelbarnes@example.net,2024-07-16 09:57:00,143735c6-2ace-4eea-8572-66b5fa921d00,Smartphone,Electronics,248,c58fe777-e005-42f6-8cd3-e9667cf3ace6,2024-10-04 21:13:48,1,248
52e14ccc-81f0-4265-917e-b4c196cf463a,Maria Baxter,woodholly@example.org,2022-01-07 10:44:47,ff749fa7-73d6-43a3-93b9-e8846696fae0,CPU,Computers,148,3949788d-3a1b-4988-b8af-744ced6ab654,2022-10-28 20:07:21,3,444
64dd8ed6-10dd-4e23-9f50-667ff73405d9,Daniel Cooper,egibson@example.net,2022-10-12 21:30:35,dc6a0c85-a9dc-4f64-9351-50276d15580c,RAM,Electronics,90,161d9594-8e72-40d1-bb1f-b56fc781ac2f,2024-10-25 09:40:56,3,270
f68fda0f-6597-47ee-998c-9ed9d8851c59,Jessica Bruce,amymeyers@example.net,2024-12-21 21:40:59,30fa0977-5a92-4ae9-9757-db540b6b273a,Motherboard,Wearables,1752,cae0569b-4cd5-4a25-90c0-df88e3e15c34,2025-02-23 04:22:17,4,7008
21beb6b9-d7ca-446e-8cf7-654f1c93b228,Heather Alexander,brownrobert@example.com,2020-06-30 16:36:22,bb47a191-425c-41cc-9236-46be0ca03bf1,Keyboard,Peripherals,1303,aed7745a-d0ad-4496-b534-8243bd47bbc9,2024-07-14 05:44:26,5,6515
921f00bc-3c18-4183-ae2a-582e310ff0d7,Charles Clayton,prichardson@example.com,2023-01-16 21:23:26,0e305ad7-2140-490f-8151-5897f01d9fb8,Smartphone,Gaming,1478,4cdd481f-983d-44be-aaa2-0feb60f8e96b,2024-08-28 19:37:51,1,1478
0aaa9b53-9a6a-4a60-8bc3-0477da85a318,Dennis Blackburn,alex29@example.com,2020-03-13 01:40:39,207ecc58-a46d-437b-9989-3094d1054e9b,Mouse,Computers,848,f2c0a33e-5db5-4f1e-9f28-1911c88d9f5c,2022-06-04 05:12:31,4,3392
d0d98bb0-0995-49eb-9874-eec49c0a23d8,Jennifer Robinson,mayodaniel@example.net,2023-04-26 03:23:40,fc3d8449-1fc1-466d-b146-39799ee752ad,Laptop,Wearables,903,d16e5b8e-f330-4ef6-b534-efcb5905d8c3,2024-02-04 04:11:02,4,3612
00007e61-5f88-49b2-b37c-0b9bacec7be7,Michael Smith,kimberly26@example.com,2020-03-01 02:01:46,ca586bf2-def9-4e72-b5c2-0a7b34d16ec0,Smartphone,PC Components,919,68471328-4c85-494b-b6e4-354d1d417684,2022-09-20 12:04:56,5,4595
e5aec5fa-dbe8-4896-805d-81c70da5696e,Matthew Glass,cheyennegarcia@example.net,2023-12-17 03:13:15,8090e65c-63da-4f7d-9e30-e94ad35b0a2a,Scanner,Photography,1491,877219f3-8fcb-4abe-b4d1-c4c4f83420b7,2024-03-20 05:12:53,1,1491
b060d15c-16aa-43e5-89ef-752d4a8d53a3,Kristin Hess,walkerlisa@example.net,2022-02-17 11:33:30,df624682-125a-4ce1-9e8d-0cb94f22b8c3,External Hard Drive,Photography,1640,bfeed9ac-3133-4e26-b6f2-1ef556878679,2022-07-08 16:24:39,1,1640
9677e88f-44de-4023-a99c-73a6cd66dc33,Sherry Garcia,johnevans@example.com,2021-08-12 22:13:19,f7e3f2bc-8868-4d20-b4a0-032c0b12d48d,Computer Case,Audio,408,3ffd07a9-d640-4ec0-ae58-af75c0c8636d,2023-06-22 01:02:44,3,1224
b5f31e21-d5c2-41b0-aeac-e2f80bd08bcc,Lindsay Smith,jessicajohnson@example.org,2020-08-14 16:42:38,171261cb-92d4-40f4-b110-4a58ed6433e7,Network Switch,Computers,174,6c7925b8-02fc-41da-974f-0ee845691241,2024-09-24 20:13:15,3,522
1c4403e7-7def-4ce1-8d53-4dc9c297c4de,Bryan Miller,fletcherjames@example.net,2023-09-03 20:10:07,88ef227e-3443-4a96-8878-a70bc37f914d,Webcam,Peripherals,1837,62341b6f-1398-4f46-b6d9-d0025f0a9fc0,2024-04-16 12:37:47,3,5511
f1b96fc2-94b5-4e60-b1d8-b1aad891ddb6,Dennis Garcia,amandahawkins@example.org,2025-02-22 14:27:07,89cb6834-e794-4ee3-ba68-a47697354527,Tripod,Wearables,111,81e41039-f7ee-4132-9b51-3a42994b3176,2025-02-26 01:07:35,2,222
d4e63d5b-8885-4dc5-ba72-37956f4ac676,Jane Smith,diana18@example.org,2024-05-26 12:30:55,96afab9a-95c9-481d-8dbb-8599ef1d66c9,VR Headset,Peripherals,1829,c152ac11-49b8-477d-b97c-5a936fd50d7c,2024-12-27 06:50:19,5,9145
6a827888-4b0a-47eb-a8b5-8050d81f18cd,Sharon Castro,bateskelly@example.com,2020-04-25 04:17:12,1c5a0591-4bbe-44fc-ab69-c51a8abb580e,Modem,Wearables,1246,7782a6ad-1b86-462c-b2b5-a13821b05794,2022-09-18 22:53:25,5,6230
bfbb7f4e-f476-4635-bc15-2d2f39aef55c,Kelli Lee,romanmaxwell@example.net,2020-04-21 15:01:59,c5f17a75-ebb8-47da-a676-49b2493b3f9d,Keyboard,Peripherals,1246,ceeb6e0c-630d-4726-b882-5cab7e2bfe6a,2021-05-05 19:15:12,1,1246
a1e5083b-8f0b-4379-b8b0-215d442b16b4,Danny Garcia,darren80@example.com,2024-05-21 18:01:01,37e10cb0-e2e2-4cd5-8156-cc1c4df31f8f,Modem,Gaming,1573,7e39c3ce-f47f-4e5f-b0bd-2cba280662c8,2024-08-29 00:42:30,2,3146
933ba417-2e70-428a-a325-39764f64e055,Shane King,dtaylor@example.net,2022-09-05 00:58:45,b4f6b7b6-91b0-400d-9941-797585cf2c56,Headphones,Electronics,117,5f1cebbb-86f8-48e6-bba9-e55f3b00f659,2022-12-01 22:32:22,5,585
41f27a74-1ffd-4416-b9d4-68892f1144a7,Melissa Cooper,joanmoore@example.com,2021-10-24 22:02:29,2172edd8-4090-4341-9265-9591c48f3911,VR Headset,Peripherals,936,69ca4893-6359-4879-be4d-28f6502717f8,2024-06-08 16:29:20,1,936
535cc9c9-d3d7-4237-aa4d-8b4c2458f5c9,Jeanette Perkins,salasmartin@example.net,2023-07-09 15:15:25,cd8b737b-4253-4530-9163-b4ae6811dfca,External Hard Drive,Photography,839,9e4e5704-386d-40c6-a479-368e07202498,2024-07-15 09:52:57,3,2517
9f085672-9b3d-4704-a061-adb5fab5b025,Randall Cooper,gvilla@example.org,2021-05-06 18:22:10,c3e6f30b-3f99-4e9b-9771-429734aeb87d,Bluetooth Speaker,Photography,319,2adfa417-cf11-464d-8593-f768ce9c7de0,2024-11-18 10:08:32,5,1595
be81ac78-1306-46e7-a237-36b4d817fa8c,Andrew Osborne Jr.,williamsjennifer@example.com,2023-12-05 18:19:06,f5014929-aa9b-42f0-85de-9ca7693ea9e4,Charger,Gaming,133,c7cd9a3a-a476-44d7-841a-8af35b68d27d,2023-12-22 08:48:34,4,532
296ee457-95f6-4258-b88f-3977d6a279d7,Stephanie Donovan,fthomas@example.org,2020-04-21 18:56:05,bb53bd8a-bad0-4021-968d-660bb727e2e1,Tripod,Electronics,1337,fc58de22-810f-4b1c-a2f2-e5f396c32863,2022-12-06 05:13:31,5,6685
5f55d710-f2f7-499b-9991-7d2dacedd224,Beth Wright,ashleywise@example.com,2024-07-25 08:54:34,6bff304e-8a12-4d62-80db-80d201faf1f1,Tripod,Networking,1724,8ee7d671-4543-4318-b31f-08d40eff0df7,2024-12-31 13:01:03,5,8620
dd85ff6b-f620-40bb-8ad9-4bbb089de94e,Lindsay Watson,iferguson@example.net,2024-03-15 09:39:39,8fc0819d-9da8-4d13-9a9f-2b55994a69b9,USB Flash Drive,PC Components,483,6308f689-84ca-4cb3-95ab-591674afc4c2,2024-08-26 09:58:08,1,483
6d6f7c77-d9f2-4501-827d-89c0df808f47,Chad Rodriguez,hbriggs@example.net,2022-01-15 19:12:49,16138443-65ed-494b-af15-94531e385e74,Graphics Card,Accessories,1482,1e8e4400-719a-41ff-80a5-6296cf0c570a,2025-02-06 10:36:30,3,4446
8330d79f-0d19-46f9-bd23-48930e408142,Dennis Bell,fisherwilliam@example.org,2024-05-03 12:52:52,82ea01c1-e9df-492c-850d-66c6dc3010a3,Modem,PC Components,1178,3956181b-4b21-4f1b-835b-11ae6d666570,2024-09-08 11:41:09,3,3534
4581793e-b71a-4a67-b9cb-8107ca98a7a3,Kimberly Harris,christinabender@example.org,2020-08-14 11:03:40,fb4ce812-3497-4495-a00d-1e968d6b9f40,Laptop,Gaming,117,d294e511-8123-46fd-bcb3-8f94ddd77c96,2022-02-11 11:09:10,5,585
190f3eca-c28c-4ae5-b9ec-19f55724153e,Michele Anderson,jennifer47@example.org,2020-06-19 14:52:17,af9b7a02-ce68-4105-aa48-32377d3f233f,CPU,Audio,1457,cea6ff90-84f6-4c7c-9c28-0ebbf38475ae,2022-10-31 03:10:39,4,5828
4562c701-fa53-46a3-a992-0a3eff55b91c,Danny Blackburn,glarson@example.net,2023-01-23 19:46:43,9ce776d7-36b4-4be7-8dfd-e774744c4a0f,Smartphone,PC Components,153,2cbabed5-3730-47d7-b092-9559f4e50aef,2023-10-08 01:39:32,3,459
28834c0b-a785-4467-bf1c-59c1b60260e3,David Foster,davissteven@example.org,2021-04-01 01:11:18,59b99c08-ed7e-48c2-8284-b21919f9bad1,Laptop,Accessories,1549,10d4bf1f-f9fc-46f1-a809-d13b94fd927c,2023-08-05 17:22:28,3,4647
63ac2c1a-8585-45c1-87f5-7797aa837595,Christine Castillo,alexandra21@example.com,2020-11-06 22:25:11,4a1ae64f-2ab8-4393-a9b0-092bb622699e,Printer,Photography,1662,4d5ca733-0850-4a27-a8d0-bbefa17b6191,2020-12-15 09:48:10,4,6648
d83fb281-9ca6-4e3c-8220-673744fdd7b2,Megan Perez,jamesvega@example.com,2020-12-21 02:13:18,d2f8ac6e-e865-445f-a0f8-3c59fd332cde,CPU,Peripherals,800,8c44eb7b-87fb-44d1-a0a0-3320c52930ab,2022-01-09 13:40:47,1,800
7928d2a3-aa56-4658-a2f7-c59a93368cdd,Adam Valdez,jennifer47@example.com,2023-11-27 12:24:43,3a06c804-b38b-414a-bfe1-bbfcebede472,Computer Case,Electronics,1450,feec27a8-ca24-4d7e-a7e6-05e47a0734ee,2024-03-28 12:54:57,5,7250
92cdf0ad-06a8-4bac-999c-fdf503fe229e,Edward Anderson,natalie96@example.com,2020-09-01 02:25:40,f39a8e43-d51a-4ea6-91ca-f6f2d9d4d4b7,Headphones,Photography,1445,374a370c-f1cd-4d35-9e1d-19943760a07a,2022-04-21 12:47:43,4,5780
5c0fa592-737b-4947-a329-e5a631c268b0,Justin Bryan,lauriehicks@example.com,2023-08-26 23:39:02,120c53e9-120b-49b1-ba22-0a7e49cb0bf8,USB Flash Drive,Peripherals,212,03662472-0bba-4b5f-9393-9f6541aa0fb9,2024-06-28 05:29:28,4,848
c3648934-6ed9-4d9f-9a49-d6efabd110b5,Julie Rodriguez,robertthompson@example.com,2024-09-05 10:23:52,81d4382a-b75b-483e-9cb0-71d0b1f4e90e,Headphones,Audio,333,bf8e0720-c7e8-49c3-ac5b-b37c75e8ef59,2024-12-11 18:39:20,1,333
e8dc01a8-fb55-4dbb-968a-46cabb39cf28,Jason Hall,lwilliams@example.org,2021-12-08 06:13:29,126d486f-0bfc-4b6e-adee-68ed996d9197,Computer Case,PC Components,538,ded86654-9460-4590-a049-d5492f1f9170,2024-12-16 07:14:20,4,2152
d7feb958-2e4b-4e16-b19f-c9df1cc959c2,Christopher Pena,hshaw@example.com,2021-04-26 00:08:36,ab9c0d69-666e-4d14-8298-af79f998f526,Charger,Peripherals,1527,3cf64fd1-d1a8-45d2-a7f3-a3a0f95fce63,2024-07-13 01:05:21,1,1527
f63fe34c-f95f-4ea7-adf9-cc1ac641d5c2,Victoria Bradford,sarah26@example.org,2023-11-13 12:55:25,4e416273-7de4-4d2c-80b3-2dab67096684,Motherboard,Computers,1826,7f287aef-22e8-4156-a3a5-5c954a8c4b8f,2024-11-28 10:29:29,2,3652
15f2bc93-7798-4ad6-a0ae-f9d518f21a67,Debbie Nelson,kelleyadam@example.net,2024-12-26 15:48:23,af7a8ea8-7310-465e-8549-044a46feb124,Fitness Tracker,Accessories,1177,f23a46f7-5b65-4e5b-9813-4e2fe9c87d0f,2025-02-26 06:58:46,4,4708
080104e8-4c49-4728-b465-f01ebf8a99f5,Donna Green,ryanmathew@example.com,2022-07-11 20:49:22,3e1eeb23-a2bf-4dd3-bf98-fbf846409b2b,Microphone,Computers,1648,a47f89ba-b48c-4432-ab06-52863004a23e,2025-02-20 04:50:03,5,8240
20ddf4eb-3da1-4d5a-a3b8-2c272f19d05b,Cody Ayala,millerzachary@example.org,2023-03-09 04:40:20,749df166-aded-4f5a-89a0-a4fac9d0df5e,Monitor,Networking,299,a62c1aa8-2f2d-434d-8fe7-0d372175c74b,2023-06-27 19:37:48,2,598
7ad09ed2-54bb-44ed-9d71-97404f59ed74,David Alexander,elliottamy@example.com,2021-07-10 23:09:55,1476ce88-8142-414f-a85c-abcbd2c5a662,Graphics Card,Electronics,992,f3e68a6e-d96b-4125-b727-623b01193ddf,2022-05-03 02:56:47,1,992
9fd2616c-d84c-4289-b6ba-fef0b219c697,Jacob White MD,gentrykeith@example.org,2022-03-07 01:47:48,37cb87f2-b4ce-465f-a076-db9159504864,Laptop,Audio,1718,695046ba-a11f-4894-acab-901d0deac68e,2023-06-16 04:30:30,1,1718
e304fc1a-d021-4ffc-9d05-08abc5aa98b1,Sabrina Moore,gabriellariley@example.org,2023-04-08 18:55:59,701d341b-a184-46e1-82d7-25b9eeee1046,Smartphone,Audio,227,907db45d-6426-4772-805c-25a37bea9ccd,2025-01-10 14:50:42,3,681
4c6079c8-0897-4917-9915-fa61cb3e9b72,Marvin Williams,desireejackson@example.com,2024-10-13 16:08:03,fefdaffe-8f71-41d6-b41d-5a12b6fb0a87,Smartphone,Computers,283,0a45ffd5-a560-48d7-a83c-ab3a6bd801df,2024-11-02 05:15:49,4,1132
d1bd41c0-8986-4457-b685-5a59d3be3891,Craig Rodriguez,charlesheath@example.net,2024-05-02 22:16:17,918f75de-e63b-406d-9121-e0c6f9dd6a57,USB Flash Drive,PC Components,1104,80262e09-8c1f-4eb2-80ce-ab98ff8cae5a,2024-10-11 22:19:20,2,2208
1008f4fd-10e7-40ab-bbff-0b8422354a4a,Lisa Johnston,regina93@example.com,2021-03-26 00:40:41,a19a729c-b977-459c-a8ff-dd46365e6608,Webcam,Photography,578,5c913d5b-71e1-42b6-b950-abd995980a80,2022-03-06 18:56:27,3,1734
42377139-d9e2-4c53-8fbe-351e784edb88,Jamie Turner,lgarcia@example.org,2022-10-19 00:37:26,b5feba95-b931-4181-be93-8ca730ecfab5,Headphones,Peripherals,1554,9f50aa6f-06f5-4073-a0f4-9f172dc4f277,2023-06-26 22:36:08,4,6216
c3549b56-f44a-496d-b827-704202770a26,Brittney Fuller,victoriarodriguez@example.com,2022-04-14 10:22:33,2cc5448b-d795-4961-a481-46004544f360,SSD,Wearables,833,32608715-aadb-4857-8ebb-60b8e0f61c9d,2023-04-18 16:35:47,4,3332
5d7819b3-a634-4933-a1af-77b3e00af427,Mary Hickman,gardnersophia@example.com,2024-04-15 09:11:34,7bd60f31-e131-4554-9e55-8a76472009bf,CPU,Accessories,299,b96c8a3d-044c-49dd-9eec-2b055da2a239,2024-05-19 17:58:26,5,1495
8c039ad5-badb-4297-8507-bdf7d8707071,David Shepard,ivincent@example.com,2021-07-26 00:01:36,6c29c824-3eb1-42e3-bac4-09eb891afa46,Graphics Card,Computers,148,62794825-360f-4c84-9d9b-7ca39fb17c7e,2023-01-15 04:11:07,4,592
8dcd12da-4b7f-453c-964b-a25b5833eeb5,Cathy Howell,josephjones@example.org,2023-08-09 10:15:38,2e091b77-86d7-42e3-a7aa-b31b27583789,RAM,Electronics,1501,8960b92b-2e29-443f-94ac-4d754bd23c5c,2024-09-01 20:15:58,5,7505
1ca9ece4-bacc-4ca7-ab26-af481bcabf38,Robert Campbell,allenronald@example.com,2024-09-26 17:49:30,6f0e2882-112f-460b-af48-495dea09544f,Charger,PC Components,1183,5d2cc62c-c3f0-4eb2-995f-a1eea452d8e2,2024-12-25 13:08:29,5,5915
6f4357d7-ad70-4780-b4a8-902ba4282efc,Jose Mejia,jamiehayes@example.net,2020-11-11 20:49:35,d5917fc7-2e51-4de7-902c-f2b73280a48f,Computer Case,Wearables,197,317a05f5-7af8-4588-8df9-2a709d4e17ce,2022-11-11 23:17:00,5,985
43a3b68f-ad56-47cb-a14b-c6a7bf4cf0c1,Timothy Santiago,michael68@example.org,2022-02-04 20:28:04,8851c2f7-adb7-47fc-99f0-3af1d7496d22,External Hard Drive,Audio,1306,7b102f66-30f5-4eda-99d0-98a7c9c45617,2023-03-24 05:59:36,1,1306
625887fd-dfa4-47f3-8b57-56903c6c8f6b,Amanda Lyons MD,shafferbilly@example.org,2022-04-13 10:26:23,426708ae-1359-48e8-a84a-ad45f6dc82fe,Computer Case,Networking,1121,d1dfdfb5-f278-4a4d-a00e-645e6968d05b,2024-06-23 16:26:07,4,4484
44776902-c2bd-419e-b7f9-35fe0d737728,Jennifer Adams DDS,stevencardenas@example.net,2021-06-17 15:02:31,32eee33a-95ae-4f04-8f16-b3565622c492,CPU,Audio,1937,40368904-cbcb-4970-83a3-63ba26bd56d4,2022-07-09 08:27:21,1,1937
3615c093-dcfd-43b5-a120-201ee50094b0,Heather Dominguez,jonescynthia@example.org,2021-09-16 20:38:00,ce991976-0cf5-4664-9a7a-5d5223ff5b84,Smartphone,Electronics,1300,867732ce-607a-4561-8f78-a46471977853,2023-03-04 01:05:40,4,5200
b6494d56-d3f7-4279-9c76-5cc284a5b1d4,Daniel Olson,ewarren@example.net,2020-04-18 07:02:58,732c3fd4-eb78-48c7-8906-8b2dc0242773,Router,Gaming,1696,b3615971-03b7-4225-a0a7-b4ee02326886,2023-09-22 06:52:23,4,6784
f9959c90-c21b-4fef-b342-c08f3d9668c8,Lori Norman,ryan51@example.net,2023-05-31 07:38:09,e6b66223-3d7c-4b63-b3e3-7374ff01e074,Printer,PC Components,1585,91c8b652-1c29-4dc8-9854-cb7851e7b91c,2024-09-28 21:58:04,5,7925
c575524b-5cb3-4219-8d97-6ac53dc18a98,Kelly Stephens,lanemark@example.net,2021-09-21 22:26:48,ade5b794-b73e-45aa-9abb-c7a9f57b8bf7,Keyboard,PC Components,42,44930865-84ae-4af2-bad9-89700d2ac5bf,2021-09-24 17:20:27,2,84
2688a87e-81d6-48dd-99d2-ea336637ca47,Nichole Morgan,amy73@example.net,2023-10-10 18:36:38,5e6f25e2-52d5-4a1d-b9a5-320e91ebe9bf,Monitor,PC Components,1881,28be5a31-00ad-481e-b393-4238ce95974a,2023-10-31 11:10:39,5,9405
f4ef14e6-f586-44fe-bbcf-8b6c67c7dd0c,Melissa Bush,trevor13@example.net,2022-05-11 04:08:42,660d98a9-1ab7-4b8a-88ba-fdef8e39cde4,Network Switch,PC Components,234,5070a8d3-10d2-467e-840a-439bba697b4d,2023-10-22 02:00:20,5,1170
2cabac4d-6d84-4e35-955f-5990a31acd42,Heather Casey,joshua74@example.com,2023-08-08 13:02:01,b0dfaf8d-2d4d-4a89-b5b3-aec6ae8ad80a,Camera,Computers,1398,0354f264-3148-44ca-8972-2794d0ea8634,2024-05-26 17:06:33,1,1398
c3b0c68d-ff7b-40a9-be09-90797f28ae7d,Jessica Lopez,torreslisa@example.net,2023-09-15 01:36:38,e1eed2c8-7497-45f3-aa27-e383c725a0af,Bluetooth Speaker,Networking,347,531911a2-4911-488a-9fd5-2dccd017d6b1,2024-02-13 19:44:48,3,1041
97066c51-74f8-4d53-a764-b3e223b19b6b,Jasmin Stevens,marie48@example.org,2024-07-30 15:00:15,069ece21-2505-428d-a73e-e51ce0acf285,Drone,Photography,1494,92f005a8-826a-44fd-8147-f20a569036fa,2024-08-27 17:07:57,2,2988
d2dd293f-f0a1-45a0-8fae-a264d9cd00ad,Nancy Haas,finleylisa@example.com,2020-07-31 21:04:40,732cb99f-bcc0-475b-80e9-66db7ca7f855,Graphics Card,Peripherals,1575,68e74679-8b4d-4158-bef0-7a94ef97efe2,2021-09-02 01:29:37,5,7875
b7d0a709-d9cb-470a-91e4-2bfb1569d217,Mrs. Amanda Reed,diazeric@example.net,2020-07-21 20:49:32,dffdcf41-a5a0-40b5-a7c6-105872965ff6,Tripod,Audio,818,21985297-3c40-4535-a8ff-06185f5da580,2022-08-27 15:09:15,4,3272
b204cbe1-1620-4017-a979-75d96f91f889,Amber Black,richard50@example.org,2022-01-31 09:16:48,4dd02720-ede3-40de-a467-b0a7221521d9,Fitness Tracker,Accessories,68,6217fd5d-ddc7-4842-9ddf-32d5d6e8e0cb,2023-10-25 14:28:50,3,204
22dff983-700d-449d-954b-4b3d7052978b,Gregory Walton,john62@example.org,2023-07-20 23:26:23,cb173739-a57a-49ed-98e4-c3d9f2c53646,Network Switch,Audio,1582,4c14d670-d872-41bd-967a-2061fd55f522,2023-10-09 04:58:22,4,6328
5ca6ae8f-4b1c-4fe8-a4b0-f585b16d5abb,Jamie Richardson,anthonyferguson@example.net,2023-11-04 03:45:54,a6b8c1e6-0ac2-4551-a978-a2fbad34c1d3,Monitor,Audio,1464,bdb26696-fd5f-40b7-8706-8f480a76739a,2024-10-13 07:14:17,1,1464
293c01c1-7c84-44ea-92c6-41b05f1972a6,Michelle Griffin,timothy20@example.org,2021-09-09 18:43:54,5fbc2126-d76a-446c-9240-ba26cc9e5a24,Smartphone,Computers,1726,4b731e0c-6a80-463b-8101-9056d4888344,2024-05-10 10:32:46,1,1726
e968507d-e76e-4360-a5b4-be419a619156,Joseph Williams,rachelfowler@example.org,2022-06-11 07:24:13,5fa138f4-4627-4e57-9255-650a000ac371,Laptop,Electronics,863,dc20ab5d-2fb9-4967-83ba-d16845379ff8,2023-03-28 01:48:00,1,863
2a5c817d-be3e-4ff1-9c22-ca94b6cb8846,Jeremiah Walker,donaldsontyler@example.org,2022-11-07 17:11:39,f9ba1e5e-b599-44fa-af5c-4318b84960f0,Graphics Card,PC Components,1068,ff81a591-bdfa-413d-99d7-37ff8ef5b0aa,2025-02-21 21:32:30,5,5340
0e8e6b9a-b760-4f91-b807-c6407f365b37,Kelly Norman,briana16@example.net,2022-12-11 00:12:37,8346fec3-7c3f-4a7e-b51c-643f7a2b0dae,Tablet,Wearables,161,aea3ee17-e047-49f1-b580-ba4c71e3bcfa,2024-09-30 22:36:46,2,322
3e616f8c-83a6-49b6-840a-0fa22e813ee0,Tammy Hall,walkerrenee@example.org,2024-03-18 12:04:25,e3f101fa-93e3-45ca-8c74-ceaeb427ae8a,Gaming Console,Wearables,1766,fbf4a53c-94cf-4aee-8f44-00c13d274ced,2024-11-13 06:07:50,5,8830
a861fdae-c968-4c6c-9206-88958cc15f27,Shawn Long,tiffany37@example.net,2023-12-18 11:50:36,e3ef855c-449b-48c2-87de-c2777a4fcd7f,Charger,PC Components,121,d17b1b9f-b508-40e8-a1e3-538f697c57c1,2024-01-06 14:31:59,2,242
76a3d51e-cada-460b-abf7-bf2732c8f7e6,Jonathan Perez,stephaniewilliams@example.com,2020-09-12 15:19:58,e0953e23-5714-456d-b606-7d8ecf667d9c,Gaming Console,Peripherals,210,e6be9d47-bce8-40ff-ad81-12a1c8ae551f,2024-12-08 01:52:40,1,210
ca4c9429-ba3c-4542-b61e-e2e041d0fd90,Bradley Hahn,myerskathy@example.org,2020-07-25 18:32:50,dd52a4a6-3f14-4f0f-a4f2-97809fbb926e,VR Headset,Networking,1546,3d7f27f5-3352-4253-ab91-0ec72b4b8911,2022-09-14 09:56:11,4,6184
c999ad50-f12d-4779-980f-883693ff0d91,Erin Steele,stephanie84@example.com,2022-10-15 18:25:02,17d75550-9098-4f25-ab81-a693162065b2,Modem,Computers,479,e46f8ef3-16f6-4fac-8aa5-c52a4c92e9a6,2024-08-11 03:23:56,2,958
aaba2c13-43ad-48ce-b6be-a56235f5caa5,Lisa Hawkins,dylanbrooks@example.net,2023-04-25 05:04:35,83b4277e-5b02-4735-8026-627a65c11307,Camera,PC Components,734,68d68a53-4f5c-4c44-849a-b1ddde7c7c8a,2023-06-30 06:16:58,1,734
d4713063-a18b-472a-a94b-6e35dd0b7048,Tracy West,kschneider@example.org,2025-01-02 14:24:59,9baab76b-7b17-4569-9407-c5778d928a73,Drone,Networking,984,444f3d1a-4499-4d80-b5ca-e71b6b5df5fa,2025-02-22 00:25:08,1,984
b7d93be6-843c-4620-a8cb-3dba7f435189,Joshua Johnson,campbelladam@example.com,2024-11-05 16:21:45,24976e34-f908-4316-93c7-18cc42dbd0c9,Drone,Networking,303,53cba9c1-f31e-4cdb-a5d2-8dcf88a5e7c2,2025-01-31 23:38:16,2,606
d431920f-98f7-492b-95c1-0a542061dfc1,Aaron Garcia,normanjerry@example.com,2022-10-14 23:08:36,fa332dd4-0db5-49e4-a759-1ffbba8ee832,Camera,Wearables,523,5aeae622-7c40-4df6-bb6b-6695ef393504,2023-10-31 13:52:31,2,1046
6a478c08-d8ad-41ea-bb8c-e113c42789cb,Tom David,wilkersonphillip@example.net,2021-05-10 20:23:19,0d583a7f-6024-4159-af7f-cffcca487c24,Computer Case,Wearables,771,99480b10-46d0-4cfb-9cc3-7974e431f5a3,2022-05-10 23:39:58,1,771
32098547-fcf9-4c81-bbc3-9777d6fbeaa3,Robert Lopez,klineamber@example.net,2022-01-02 03:53:11,0e2e3f10-53c1-4fbb-99f6-770f45fb205d,RAM,PC Components,598,de8defaf-31fd-48a8-bc38-bb6e629d2333,2024-09-04 11:45:23,4,2392
c785e5b2-2436-4d54-8cfb-bd60cdd37ec4,Gregory Ellison,xbrown@example.com,2022-03-16 17:42:51,b8f42874-6529-4de3-83cb-95321b98b32e,Printer,Networking,917,7f3bc2af-e7fd-4e7e-bedc-482cdde0229e,2024-10-22 08:17:37,5,4585
839330d4-1111-4001-9aa7-e493bd7eb113,Daniel Hill,nrodriguez@example.net,2021-12-03 19:14:45,240fd8eb-0305-4a1f-a809-ac56b4624982,Modem,Gaming,1011,181cb658-7da5-41fc-9724-a4c23f458009,2023-05-19 11:45:38,2,2022
bd144e2d-92a4-4cdc-a516-3d61edc227ad,Raymond Weiss,hollylopez@example.org,2023-06-10 09:12:16,99fad486-e031-4c1f-b588-5ed7812f4c08,Tripod,PC Components,703,85b9a617-f9aa-460c-8ff9-1a4296b743b6,2024-05-04 05:49:28,1,703
c62ef503-04fa-4c8a-96a0-29c43267ea83,Dr. Traci Martinez,carlarasmussen@example.org,2024-05-19 17:10:17,d2e8b2c5-e880-4b75-9431-dedd1d1a4926,Drone,Computers,355,1cb41038-c2e8-4eab-baff-65d13fef794a,2024-05-27 14:58:26,4,1420
df73d985-2840-4d05-8a72-44f9a37caabb,Autumn Mcdonald,hfoster@example.com,2024-12-11 19:22:21,d1ffa753-f086-4443-85a2-59bf7a714f9e,Smartwatch,Networking,70,73efdb32-763f-4b69-be88-73ddf54467dc,2025-01-11 16:20:41,2,140
0a93784e-1266-4482-9a8e-3769c0facc76,Patricia Cherry,marynguyen@example.com,2022-05-21 11:27:46,4f23e2d9-e8d0-42d3-a460-2a1dfd229834,Network Switch,Peripherals,470,123dff19-9173-41dc-ae30-8325a5e3476e,2024-07-13 21:39:47,1,470
72a4c3b7-7e7e-49d7-a15d-2afe4851cb94,Maria Morris,kimberly59@example.com,2024-02-21 21:15:52,1ddf76e5-f230-4cd5-8619-ee3ccdac5f58,RAM,Electronics,643,fc090e79-322c-4cb7-a060-b00d53365262,2025-02-25 00:17:16,2,1286
7da702b1-8d0c-4f7c-bfde-77377490ce65,James White,william04@example.net,2024-03-10 21:04:42,cac90713-8db6-4a74-92b2-5f4a55449b29,Router,Audio,1282,5bef3af8-1048-4334-b714-96a17550b875,2024-09-22 07:36:26,2,2564
e54d2dfc-0f98-4838-a0c4-51d17275f7a4,Dr. Chelsey Mcintyre,mhouse@example.org,2021-05-03 06:49:11,36c58210-cf5c-4e45-b059-47ae59fa11b1,CPU,Wearables,1198,8a20b3a9-7a4c-4820-8d6e-feaa4269d015,2023-03-11 18:32:15,1,1198
5d863371-f4bf-4745-abac-d655d05bb2c7,Joseph Garcia,jessica22@example.com,2022-01-14 09:23:47,e10fc74c-6bee-4aee-afda-1829ca9eedf3,Drone,Computers,268,f8100150-f706-4d87-9e5d-d7ca6083a38a,2024-07-30 02:19:18,5,1340
eb82a331-177a-4e41-9030-2438be825bfc,Gregory Moore,nicholashull@example.net,2024-06-14 07:50:58,5524332e-afcb-4ad6-b1b8-993937273d66,USB Flash Drive,Computers,1659,6a9aadfb-f3c7-477a-85aa-4e1d271c8140,2024-09-07 15:30:47,4,6636
a27b1dbb-63a3-4805-b796-2188dec0415b,Daryl Collins,nicholsonallison@example.org,2024-10-13 20:18:30,e1fb10f0-dc8c-48ad-9ec3-1bf97dcd196f,Monitor,Electronics,1068,bc126dbe-ed4f-4e86-b1b5-3669513564e4,2024-11-09 11:30:19,4,4272
48d5f219-8b6b-4913-b5a2-2ab932a1756a,Keith Ball,zroy@example.org,2024-10-07 02:38:09,ac2e1d83-4046-415d-95ed-c4433a6f0691,Headphones,Wearables,1013,de19f0f7-8e7e-4498-9b60-d43197ef80cd,2024-12-28 06:07:34,4,4052
ff334eb6-e7bd-4cd9-9280-4a75e11b278c,Melvin Gutierrez Jr.,vgonzalez@example.org,2023-10-23 16:15:33,8f797af3-594e-4ce5-99c7-cf36dea46670,RAM,Accessories,900,8f17c238-fbad-4439-b7fe-16fb9562d001,2024-12-23 16:56:58,4,3600
d498e5d5-8165-497a-bd47-e183a371eba1,Wanda Perez,zachary51@example.org,2021-11-11 05:47:05,cb2a1be6-7381-445c-9ec6-3ad18ba05255,Microphone,Electronics,817,c807bb56-953d-4d1b-be38-32278dcc1f96,2024-03-06 02:20:12,4,3268
daead83e-ba6a-4ae8-9805-13ca10e1f425,Jose Espinoza,kaitlyn12@example.com,2020-05-31 20:48:59,295d1a67-16fb-403a-bdcb-c62a012014bf,CPU,Wearables,1301,30f39034-67b5-4d61-a796-297ce963ad88,2022-10-20 11:05:34,1,1301
79310842-b888-45b4-a871-f4c603288b92,Jeremy Phillips,luisshaffer@example.net,2021-05-01 03:43:26,246b1bca-54b1-476e-9746-802d69a739b4,Scanner,Accessories,1789,b7602d3e-7189-4d67-8d8a-dd263d8aa40f,2021-05-16 23:51:03,4,7156
53f936f8-c7d9-41e0-922a-8e8669ae82af,Virginia Buchanan,annprice@example.com,2022-10-11 13:41:23,07b9f787-7996-41c3-bcda-48c8258b60f7,Charger,Peripherals,344,8647b54f-d1c5-4b7b-b5b5-9f77dd9daedf,2023-04-29 12:42:01,1,344
9a4a9eda-667e-42c6-9d67-7a40a70bba58,Jessica Johnson,catherinemurray@example.com,2021-01-20 01:03:06,89c408c2-5589-4f75-88a0-51e75636baaf,Printer,Wearables,280,00849861-cc8c-4467-8a57-8c38fd6510ec,2022-05-12 16:54:44,1,280
300d70e7-95f7-4129-8521-d4a9de802087,Natalie Schultz,steven67@example.org,2023-06-04 18:04:05,d4962ec0-ac69-4421-a8c2-7d9676a5d668,Motherboard,Computers,812,949e8d50-0585-4148-8b8f-50bb59bfc754,2024-12-16 15:13:20,3,2436
3617ce1b-fcdb-4262-bb3f-d4da14abbb4a,Kendra Harris,moralesbrenda@example.org,2020-04-04 16:40:08,44d3027c-9900-4643-814e-5b4cf8bf4e6a,Tablet,Accessories,1670,f3774b9c-31e5-4480-8629-bfe344b1bd22,2023-11-25 03:10:30,2,3340
4ec1e209-2e7a-4627-b479-4edaf18e3ca4,Stephen Wilson,yoderkiara@example.com,2023-09-07 03:41:37,50a449fe-2d74-4dee-91b3-5255da9a0945,Graphics Card,Gaming,1438,47d20818-e749-475d-b959-08466293ef39,2024-07-22 12:17:51,1,1438
dddeba4c-564d-4fb7-91b2-f741bd82c5a2,Kelly Mcclure,gonzalestheresa@example.net,2024-10-22 22:14:48,5ac568f1-f20f-4ab9-8410-94471353e6db,Charger,Accessories,1277,b07f782c-3af6-4b02-84ee-c470bf1baab4,2025-01-15 03:05:35,1,1277
58fc7e23-86e0-45a8-b608-0c4ba9d11ceb,Luis Matthews,vflores@example.org,2024-08-22 16:45:41,8961de40-16ac-4b49-b1f5-04a324dceaf8,Power Supply,Audio,930,5eb57885-64c3-4927-a19a-cfdccc0a26a2,2024-09-12 22:05:50,1,930
919341c6-f954-4998-8999-565d06208786,William Lowery,kelleymargaret@example.org,2024-10-31 09:04:06,e7d4b790-818a-4c75-9870-75122fdc856f,Tablet,Electronics,228,d7c092ad-30d1-4972-a3c0-1ebf54990f62,2024-12-28 15:48:56,2,456
212043f8-601a-4cc8-9d26-5b4fc8629cf2,Melissa Diaz,michele80@example.net,2020-10-29 11:47:21,798df32a-70a0-4b0a-904a-ffc5e58456ac,VR Headset,PC Components,1636,3e9bdae4-352a-4d3e-9602-79a1dcf3bbae,2021-05-28 23:43:12,4,6544
650d17d5-1e41-4dfd-8f91-a878e8a4b3a8,Dr. Kimberly Lopez MD,icompton@example.com,2020-03-14 17:10:38,9432be57-87f0-40a3-8081-1c4c56185ae9,Printer,Peripherals,618,e3087c32-12ea-4327-aa4d-af54ef3a5789,2023-10-29 11:22:31,2,1236
5394bc62-908e-432b-9f93-54741438ae0e,Teresa Morrow,udiaz@example.com,2023-07-06 20:39:48,7a3ee92c-f8ab-47e7-9b64-b60744b3fc00,Bluetooth Speaker,Electronics,1644,ab0071fe-483d-47ce-a835-42db114ac4a3,2024-04-09 13:00:25,4,6576
d86f61ef-8f3a-43b4-8fae-e0b3cfe03fd8,Jesse Davis,tina57@example.net,2022-11-28 07:51:24,64976968-7466-4319-84c3-76855a5bf77e,Smartwatch,PC Components,1697,5d3ca2a0-430c-4214-9ace-d0454263fc29,2024-09-21 15:44:36,1,1697
3462acb5-33ba-46d4-972b-27119be66d3d,Rachel Horn,estevens@example.com,2023-01-21 05:36:01,472a4a4d-7b84-47fb-9436-02f7bfe11ca0,CPU,Wearables,967,414f247e-5a9a-44f6-9589-c83737bc3e28,2024-10-04 00:20:08,5,4835
059a4a9b-32b3-4fe7-afb4-aa1f5c4d36af,Melinda Gonzalez,hreed@example.org,2021-11-17 08:37:27,488a4df1-4fe8-4fe9-935d-51537423619f,Headphones,Wearables,1239,325383dc-c69b-420d-88b7-2c2e51ef4734,2022-07-23 04:50:46,2,2478
5aa0b618-8922-44a4-bcc1-ba7ef2b88ee5,Michele Nelson,ethanhansen@example.com,2021-11-02 12:00:18,9e2ac6cb-79fa-4d6c-9a71-53c4ce6e8656,Gaming Console,Gaming,1952,ad206e78-a0be-4094-b12f-16f424244c14,2023-03-06 05:01:33,3,5856
fe32c622-3153-4483-a6be-544e4f6fda01,Lisa Ball,saundersmelanie@example.net,2025-02-24 05:01:02,15aa9dc7-c8e5-4847-8a68-742817c374ab,Drone,Audio,377,9a8d1cc9-c3c5-4533-9c83-f1aaa46d6ff8,2025-02-24 13:46:30,4,1508
656e5f86-bfab-4033-bd79-13f19881e518,Jonathan Richardson,qlane@example.com,2023-04-24 19:07:50,5a3281ef-5837-4693-8540-f4b242e646b8,Charger,PC Components,1174,d2f74198-50d8-4b88-beff-6698059544ec,2024-09-26 16:59:54,2,2348
be196570-8c1e-4ece-82ac-3d245987ed51,Paul Evans,jennifergonzales@example.org,2022-12-15 22:48:46,dbbf98da-d10a-4928-a2d4-317f9484dbe6,Drone,Accessories,1430,0a972395-be5e-43ed-9fc9-08ece8191103,2024-05-23 02:20:07,2,2860
410695b9-de69-47a7-9f16-c3afc447ad6f,Doris Contreras,lisabrown@example.net,2023-07-16 20:07:39,230cd05d-a651-4ef6-a237-f3d52b6c313c,Smartphone,Audio,387,235dce1d-aa6a-498f-a5f8-10718757a114,2024-07-30 07:49:32,5,1935
416146c7-209b-4477-90f1-66c1e23ddab3,William Payne,hardyrachel@example.org,2022-11-20 21:08:23,96316423-65e8-498c-b155-44a024a8783f,Keyboard,Computers,802,209a311a-5efb-4444-90d1-b36d0ec04fce,2023-10-03 11:06:16,1,802
e9fac02d-9561-4ec2-8772-446c36ce2e6f,Andrew Ward,kaufmanantonio@example.com,2023-09-12 05:50:07,5e46991f-9da5-482e-b904-5425c4a37e1a,Mouse,Accessories,1720,258f7747-19c3-43d8-bc2f-1b792def434e,2024-01-18 08:29:24,2,3440
ec1fdcbe-0f4e-4d95-aac0-1745f70f220e,Daniel King,ashley39@example.net,2024-04-17 17:43:27,6ef7544a-45e7-464d-a88b-a3513db9ba68,Computer Case,Accessories,641,daabd2f5-1917-48bb-b9b1-5236642f98a7,2024-11-17 18:47:43,2,1282
2d3590da-6e9c-48f9-801b-17cfbcafcaf0,Tyler Perry,zwilliams@example.org,2022-08-11 10:23:50,6352f418-ff19-41fa-ade1-45afd7c0a4cf,USB Flash Drive,PC Components,1207,2edd9f63-7a40-421c-9c63-b20f1fdcaae1,2023-10-21 01:37:43,5,6035
cadc8dc8-7ee8-49e5-9a8c-c1d9dac37e55,William Brown,jessicasoto@example.com,2023-01-07 14:27:09,5f1a520b-a561-40e5-abde-aef0bf337962,Headphones,Photography,536,c28054de-e2c7-4678-8284-38e512f25411,2024-08-27 20:44:23,2,1072
fd14a8c0-3363-41c6-ab7b-91758037a16c,Katherine Hernandez,ofox@example.org,2020-08-31 17:15:46,5bdb2b56-aef6-4962-8c1d-c55cc365b980,Scanner,PC Components,62,6b2ab7f2-d794-4c38-88c0-edb5105a8aef,2021-10-06 23:32:47,1,62
37e4cc78-fda8-4486-bc57-1204770ca739,Frances Anderson,thompsonshawn@example.org,2024-04-18 18:06:24,f05e58e9-9f53-4fa3-82c1-0a544159ec00,Mouse,PC Components,385,835ad367-06b1-46b7-864f-cecf7906fa87,2024-06-25 05:43:12,1,385
7dbd232c-44f5-42d2-924b-1ccff68ec159,David Curry,danielavery@example.org,2022-08-26 18:57:15,6a1719a9-3f74-485a-8379-3343880c80f4,Gaming Console,Accessories,884,3447fc0b-2ae7-40b2-bf11-6b56dfed5fd3,2024-04-22 10:37:00,1,884
0346987e-bff2-47ee-a309-17684fd44bf6,Philip Hawkins,xhoward@example.com,2020-09-20 09:10:16,82d02ba4-d10e-4f71-845c-7e37b97adfc4,Bluetooth Speaker,Photography,658,e6d92dd8-0820-4b4b-9625-afe5ece13c81,2022-11-23 08:48:25,3,1974
65cacd94-586a-40eb-9bdf-a00ddd8118b1,Douglas Ruiz,derrickblake@example.com,2021-05-19 16:30:59,f8fbf0ea-8aba-4f70-8f92-9ed2daaf3f1b,Smartphone,Peripherals,1172,b0e3ce4c-acbd-4365-9b71-1863e26f5bdd,2023-09-25 10:11:25,2,2344
89381992-7322-4b76-bcb2-a3c635005de1,Brian Alvarado,taylorjoseph@example.net,2022-04-29 04:07:28,7f88ff2b-ac97-4723-8fa3-8359ca8b1d4d,Smartphone,Computers,1498,122fa0c9-5a35-484e-bddc-31988b665057,2023-06-10 04:52:18,4,5992
d1410a70-48c8-4fb6-845c-3a84eecf608f,Jose Molina,jeffreyfields@example.org,2022-10-09 02:58:07,30442189-012d-405d-990c-18bc25b733a1,Drone,Electronics,289,dd18c75a-4998-4690-accd-90a8cd6d2ccf,2023-04-14 20:07:46,4,1156
d00458d4-6933-4863-8da8-01754105d4a3,Jake Johnson,jweber@example.net,2020-04-24 12:33:44,45446ed1-8be3-4afb-87c5-9ad9aeb71442,Computer Case,Electronics,1787,21a6a59d-a999-4365-9432-2416a5e77e76,2021-09-27 18:24:48,1,1787
2fa09567-1f2c-41da-9b2e-2208713152bf,Randy Moore,alexislindsey@example.net,2021-07-13 02:35:31,7a0b99da-76cb-47cc-b94d-2f97b27c017e,Modem,Networking,420,b1c60d75-4497-43e1-ae1c-e3e5001461da,2022-10-14 05:41:02,3,1260
22ede401-85e3-494e-aae0-89a631c6baae,Larry Smith,pwilliams@example.com,2021-02-11 20:12:44,0f6f4912-b1f9-426b-b339-a801c6dbd553,VR Headset,PC Components,301,9f3a8426-6e5d-47c0-b672-9e672928452a,2021-05-28 19:10:19,4,1204
50edda8b-2cba-423f-b0c9-96d0745a58e2,Jordan Brooks,christopher24@example.com,2022-04-03 23:07:53,c86d29c7-56c5-4601-9a7c-fe6c17d849c3,Charger,Audio,1049,590f6d7f-3e76-4447-91b9-3e245453d8b7,2023-06-28 16:16:52,5,5245
7ed391b5-8086-41b0-b52d-3a060fce940d,Martin Romero,jill85@example.com,2023-08-30 06:14:24,7543c622-2edb-4c08-bedb-1fc406c551aa,RAM,Photography,753,0eb9a4d9-d01e-40b5-baaf-415a35cd93dc,2025-02-16 08:30:10,1,753
e1836798-4a07-466d-ab9d-48e928ff78f2,Wayne Hicks,hlucas@example.org,2022-04-26 16:44:12,2cba01a0-ca7a-40d3-8424-1b650260ff41,USB Flash Drive,Networking,253,b55992a4-7b35-463c-a4ec-f8743e679c13,2024-01-17 12:14:52,3,759
a4669976-2d3b-4b8b-a3cd-7cc38279ef1d,Matthew Mitchell,charles74@example.org,2025-02-13 12:58:34,f82c9f9c-5873-43c7-9c60-eaceb88ccfeb,Smartphone,Wearables,662,8156a771-374e-4f64-8ca0-1e55a78239ce,2025-02-15 04:24:28,2,1324
4a13fd27-e82a-494b-b6d0-a914ea42e270,William Barnes,stacey46@example.net,2021-03-19 20:42:03,506c82cf-3fa7-458a-b50c-df18c8bbcdd4,SSD,PC Components,1059,970c9a64-a492-4182-a313-d72592f02aef,2021-04-13 01:02:15,4,4236
ed993f24-ef56-4062-ab9d-76f0eba7f333,Matthew Byrd,margaret58@example.org,2024-01-23 06:41:16,a27be977-1b9d-488b-b7a4-8eeee31c975f,Fitness Tracker,Audio,1453,f201fb80-ada8-4b9a-babe-57347c7a24e1,2024-04-20 08:04:09,4,5812
27a104b5-dfa2-4c82-88e3-8e8de12193cd,Dr. Joshua Herrera,sali@example.org,2020-10-26 05:05:31,23126c3b-9f24-4cb7-a21e-f6b5dd6348a5,Camera,Networking,1182,8e4414a8-20de-40ba-a590-7aa7075c6a1e,2023-11-08 04:45:00,2,2364
d6b2d69d-b919-4ed4-8667-e77b50c281b1,Nicole Huff,randall66@example.com,2024-05-12 04:14:37,0fc10938-5474-42c4-8087-573866deedfe,Bluetooth Speaker,Wearables,462,60cb5fb9-ef6f-4f7b-82b7-daa73446bf6e,2024-06-15 23:24:42,1,462
95e7c0d4-1149-40f3-890d-8a83dbc1f4b8,Don Barker II,mcmahonamanda@example.net,2020-06-27 06:45:40,e5943f39-e7d5-4e0c-9123-9cb10c28abb3,Mouse,Photography,276,b857f5a4-7936-4176-807a-773e03300f1e,2022-11-17 17:36:17,5,1380
8e975212-f295-4e93-ae95-513ba0f5c945,Angela Robertson,shari45@example.org,2023-09-22 07:55:53,914ce77a-49c4-4884-9b00-548de04e15ba,Smartwatch,Networking,601,a7ea1ed8-b7d5-4ae7-9882-33e4bbcce5a1,2023-12-20 02:57:46,5,3005
3b541951-c6f2-4189-b1c2-184f0564b387,Elizabeth Smith,trantracey@example.net,2024-06-25 04:47:22,a099789f-2576-4b07-963a-bba871d71651,Microphone,PC Components,1261,03d16ff9-e46d-42e5-b017-2532c11907e5,2024-09-11 18:23:48,2,2522
f823c227-bcb3-41d2-9059-aa6d0242b647,Jonathon Tran,martinamy@example.org,2024-06-05 22:02:33,cc9e08e0-8635-4919-9cc0-b9e4719cf743,Monitor,Networking,885,7a7e2672-e21d-4c06-b22e-3ddb7fcb1dcb,2024-12-19 05:36:55,3,2655
85c40dc7-a83a-45a9-9db8-7c338b962070,Mariah Munoz,gleon@example.com,2021-10-25 14:16:59,9f3752d5-13e5-4ec5-bd03-ec266c5bbecb,Graphics Card,Photography,24,a4d3b76a-8bf6-4aa8-9b18-42efe156c5be,2024-07-03 15:14:32,1,24
bbb0b4fe-0a06-42a1-b409-71d95ceebb7f,Robert Roberts,michael34@example.org,2021-08-30 06:33:08,2fdbd0cb-84be-41dd-89dc-ca98961210eb,Camera,PC Components,1388,b7b3e6d9-190e-464f-8dc9-ff0e958bc0d6,2022-08-19 18:03:05,1,1388
190ff51d-f6fe-4dff-bcda-98380e627936,Cynthia Munoz,karen99@example.net,2023-01-23 13:41:53,9a57ad54-c43c-47e8-8776-90a2f75f1c69,Drone,Gaming,1351,885908bb-3b90-44eb-9d01-2a8e5e2afaed,2023-11-22 03:37:38,5,6755
6cfd671d-0080-4c83-bdc6-287fc1941ef3,Gregory Anderson,barbara42@example.com,2024-06-03 16:12:20,d92b8702-04f7-4014-b6ba-7691becce09d,Router,PC Components,1043,06da4564-e2a9-4322-a2c9-eea745598fc0,2024-08-09 14:22:59,4,4172
98448561-b18b-4ba5-a61a-11db8ce49ad3,Alice Collins,smithroger@example.net,2020-12-08 12:48:02,0a7c0ab9-aa44-4efe-9bf0-de2ac71f53e9,Printer,PC Components,1162,5154b447-bdbf-45a1-9938-a06906cd9d37,2022-07-20 03:35:09,3,3486
c8d3314c-654e-4ac7-aaca-a1e4d1287e50,Daniel Lane,nwong@example.com,2021-10-13 08:23:40,8f30473b-8422-4650-8501-8f8284b69e04,Tripod,Computers,1967,5fb2db66-4cb9-49be-a00a-f7da04ffa041,2021-12-13 23:51:09,5,9835
e4e2a2bd-f6d4-4925-af87-a7fab23f6a66,Adam Thompson,robertross@example.org,2021-06-07 17:50:47,d4c563dd-079a-43ce-8749-5c832737f344,Microphone,Peripherals,902,41260b3c-cdf8-4279-9c51-f35569f1dea9,2022-11-17 22:18:25,3,2706
42a52407-55fb-4631-8af3-a1a8839cdc70,Tasha Moss,vbrock@example.com,2020-04-23 19:29:17,69f9d168-208a-4acc-a0be-bcbf1da5971e,Graphics Card,Accessories,1218,8fc42db5-ff9d-4f55-b220-0f3d3de5ed6d,2022-11-09 04:05:09,3,3654
ec4a86f1-9e96-4556-b2eb-f012ad9f3e23,Charles Hall,courtney60@example.org,2022-09-21 16:04:21,43de116d-148b-4308-aa34-011ee1a2ddcf,Drone,Networking,1534,02d122f8-8e82-4872-ad9f-358dfaa0d7c1,2023-04-11 07:38:50,2,3068
37a8cd98-b7e3-4f46-b365-777d80607fde,Thomas Johnson,tramirez@example.com,2022-05-19 23:22:20,5131f691-0648-4531-a6e9-06664ea22dcf,Fitness Tracker,Audio,1882,fae15d10-ee68-4d03-9e78-d042021e80dd,2022-05-29 09:21:03,5,9410
a6d14b2e-af44-4bc5-9c3f-36f6b3c187c7,Laura Lynn,sandra95@example.com,2022-01-24 16:10:27,f66034b2-71c5-4cf6-9654-003c7fefe681,Power Supply,Computers,439,dd3a6cf5-080e-4870-86db-fe397a557be0,2023-06-08 08:12:01,3,1317
737481b7-1b21-438f-a63e-fb1c77196938,Bradley Beasley,fhogan@example.net,2020-08-12 02:21:09,86d96e2e-2ccc-4ccc-93c5-83cb97aa0f68,Laptop,Peripherals,1485,50c56680-8187-478b-af03-6ea02f346fc2,2021-12-11 02:48:26,3,4455
05e09b34-2411-4901-9902-45bf51c884d2,David Jones,pattersonannette@example.com,2022-04-22 16:31:14,7e46e5e0-8193-4f60-a087-357e3f664e94,Modem,Audio,1865,3c080af7-db94-4f5e-9e52-7c0565afdf20,2024-11-29 10:18:15,1,1865
db97c424-fd5b-45d0-a2e2-ba4347960dce,Jennifer Lawson,michael46@example.com,2020-10-05 08:22:59,d600eeae-4eac-4acb-a42d-1035736f126f,Tripod,PC Components,694,dd7f8d89-768c-40d7-a33c-5544ff6bf559,2021-07-16 03:56:14,1,694
536d2a57-131a-4ff4-8c3a-b1a432bc47ef,Melissa Martinez,juarezbonnie@example.com,2023-03-24 00:09:49,29fcdf00-1d1e-4ec4-8253-604198790754,Smartphone,PC Components,328,5d4a494b-01ff-42b8-93c0-91c274bbe006,2023-05-22 20:42:32,1,328
40622a39-9861-4cda-954c-3062d5b3164a,Angela Oliver,stephanie01@example.net,2023-09-30 10:54:40,4684268b-e128-428c-b52a-b0a619533383,Monitor,Audio,1367,0b222222-9675-4bbc-8401-98ec6b24f098,2025-02-19 13:10:11,5,6835
53d716bb-71f5-4137-9613-fb1537d34293,Kenneth Hoffman,esullivan@example.org,2024-08-10 08:41:37,b2beaf3a-44a0-4999-9a5b-c0c5b80de34a,Gaming Console,PC Components,1786,64f0f225-10e4-45da-a69a-8e036f9fbc71,2025-01-23 21:22:13,3,5358
0d8e6c28-b6e3-463f-bfb9-0ea40f1feb1a,Nancy Adams,fedwards@example.org,2022-05-11 23:13:52,8bd5cd7f-5af8-4e03-9746-5e36c974f0f6,Computer Case,Accessories,387,3287cd19-86ef-44d8-812e-e421f8f459fc,2023-10-24 14:34:53,3,1161
8cc8956b-009a-4aed-88a8-8700c336ce72,William Jacobson,christinethornton@example.com,2021-05-21 13:22:18,c52f3b52-12e4-475e-9693-77efdf02e6b5,Tripod,Photography,1791,cef7b23b-4dc9-4902-95b0-d1e3c47c6bf3,2024-10-01 21:47:02,5,8955
ecdacc7c-27a8-4d08-a818-d58ee1b403ed,Doris Foster,kimberly69@example.org,2022-04-13 17:01:49,c80cd130-8a83-45d5-891b-b5bbd421368f,Tripod,Computers,1762,fa8125eb-d7ce-4cf7-bbbb-50d0b56bf178,2023-02-01 15:37:47,5,8810
d4c2851f-3935-486c-9d6e-6996759a1902,Norman Brown,phillipsbrittany@example.net,2022-01-05 06:42:26,7493ecc1-83a4-4121-b674-233f319d87ae,Laptop,Networking,1786,986a38e8-db51-4e06-85c5-0f318f43b901,2024-05-21 10:41:40,3,5358
0c82beef-eaac-4d28-ae04-62c04b16f25a,Latoya Jenkins,patrickbuck@example.net,2020-06-30 20:28:05,9ef6dbc1-3532-4e58-a0f6-6931dfe6f394,Power Supply,Wearables,945,3b9c5f30-eb88-4b33-89cd-44920321500a,2024-07-31 23:39:49,1,945
51217275-0273-4dfb-9a38-fd7b50f3d49a,Michelle Kidd,gmatthews@example.com,2022-07-06 06:05:17,f780c10d-ff35-4c43-a12b-a46f5a58c819,Computer Case,Photography,1999,1e4df7d7-4408-422c-b397-2b83df68e6bc,2024-01-27 21:01:31,5,9995
c751004e-a613-4ef7-a8e4-d763b3031a70,Dalton Cabrera,zwilliams@example.net,2022-08-30 12:14:20,2df594d3-1fac-4816-ba3c-7ee60bb80eb6,Laptop,Gaming,475,b96f1ea8-e8ef-408d-a72d-fb7f9414c8e3,2024-06-17 19:38:00,1,475
d025e3f3-44cb-4d59-bb62-2b7028705baf,Matthew Campbell,charles44@example.org,2021-06-04 05:43:17,505d071c-9947-49d2-87b1-af6251800d1a,Power Supply,Photography,1759,eba729ad-23ff-44a3-85bc-78b9b79b3c3c,2025-02-13 22:59:42,2,3518
8aba3949-4592-4ab1-ad32-62d3fff77c81,Daniel Green,kimberly18@example.com,2021-10-08 06:34:38,04121aff-cdbb-41c5-b2e7-54f697e1e709,Smartphone,Electronics,1553,85a693c3-75d4-4225-a4d6-a418d3dafb3e,2022-06-12 11:01:46,1,1553
dc61fa5d-8707-46f1-ae8f-edc35f40187d,Shannon Bullock,uortiz@example.com,2022-04-14 10:31:27,04955039-6a78-4dae-890d-8e155ba55690,RAM,Gaming,1412,76ffbf29-5ec8-4f62-b59a-e45b386a2611,2023-04-03 03:19:31,5,7060
55480daf-6fe2-4cac-8a18-3b0ac31ca369,Lisa Carter,plambert@example.org,2023-08-27 11:02:59,d512adce-81ff-44f2-abd9-c7b71988f870,CPU,PC Components,819,ed27b794-50c2-476d-995d-902a97fba19f,2024-12-08 02:11:10,4,3276
0384b4b5-2c29-46ca-b72f-eedfc1eb4877,Marc Bowen,matthewraymond@example.com,2022-01-17 18:28:08,b56f17da-0442-46fa-a446-731005539696,Tablet,Electronics,958,66cdd0af-f78d-4d06-b1f2-60a1681ca6ad,2022-06-03 02:41:21,3,2874
01f5fc71-6719-4dc8-b6f6-78262dd99121,Timothy Lane,yrussell@example.com,2022-08-26 07:26:56,4ec9730c-ce9a-4987-b394-e60752c9279a,Bluetooth Speaker,Accessories,101,bc84952e-cc0b-45f1-8a45-2a27d81b626e,2025-02-25 19:21:06,4,404
9fe43b58-edc4-46fb-905d-57d5052012a5,Charlene Powell,james78@example.com,2024-03-27 09:41:10,a38c559d-8ed1-4e02-a25c-06d4a0ae4aea,SSD,Accessories,326,97601c6f-1fde-4991-a85e-2d8cdb988cad,2025-01-05 20:41:21,3,978
98e1ca5f-390e-4832-9758-e2aac20cee4a,Stacy Perez,mtaylor@example.com,2024-11-04 12:27:48,aae8f34c-cbb6-48de-ac7c-6b4d00bded1e,Graphics Card,Wearables,1893,58917843-811e-4057-9b52-8ad099e6d3d7,2024-11-22 13:07:47,1,1893
11de7c74-3613-4b3d-ba2c-784e65fe38b4,John Hoover,showard@example.org,2024-05-11 13:27:17,a31559c6-def7-4fd1-960f-4918499ccfa5,External Hard Drive,Wearables,1946,4474a7d5-1794-4f0a-9986-cfae2143de22,2024-05-28 13:22:24,1,1946
f51d60f5-e5f7-414d-8447-b94e8bcbbe8e,Valerie Chambers,ryan55@example.com,2022-12-30 21:09:24,dee6f22f-c151-4192-bbbd-1685846488b0,External Hard Drive,Gaming,1586,bbe43e9a-d48b-47b3-b69b-c83eaebc66d4,2024-03-01 04:31:56,2,3172
6c86f940-7924-424e-b88f-f299074ad3c3,Stephanie Nichols,christophermartinez@example.org,2021-10-20 19:20:53,5533d402-b266-4f64-af32-ea5b9354221e,Bluetooth Speaker,Electronics,820,02960f45-498f-44d5-936d-dc28d6c269da,2022-07-26 19:40:32,4,3280
9a48bd7e-8567-4c67-93b7-403d98b4087a,Nancy Ramirez,bennettsteven@example.org,2024-11-19 22:31:05,97ed7707-1e6a-4736-bf29-219108c55a8f,USB Flash Drive,PC Components,1239,72a80464-de3b-45a2-befc-64b2b1dfb769,2025-01-07 04:05:57,2,2478
45bdfd68-0a47-4fe7-8ab7-5aad62bf7585,Joseph Jones,rogerslisa@example.net,2021-01-17 00:35:40,57df2cb5-1991-4823-a42d-8ed3cdadb9c2,SSD,Audio,1436,572ae306-1eee-49a3-adbe-8e5a91108f2d,2023-12-29 08:26:03,3,4308
7c452602-9d3c-4f2f-80f4-890c22ce59e6,Nicole Edwards,maurice10@example.net,2022-06-16 09:32:02,b412268a-6d4c-4f25-9960-f355c261b4e2,Scanner,Electronics,1002,d0d9511c-ab75-40b0-90a5-c3e2e3d202d6,2024-07-10 22:28:06,2,2004
f4414510-d1fe-4fcb-8518-19138440af26,Alejandro Knight,brendabutler@example.com,2020-10-16 17:54:13,38779b3c-00be-4e22-b68e-f7468834d9ff,RAM,Accessories,1780,4df0e416-e94e-455b-b159-bca5485ce89a,2023-06-04 23:58:01,5,8900
6b21885e-2ca5-46d6-8779-9772f9b22f35,Christina Johnson,kwatkins@example.net,2023-10-26 04:47:11,b2a71f12-0ce9-41c0-8058-6ea7feca0cdf,Power Supply,Computers,544,b7cb99fc-62cb-40d6-ae1e-af34b8659728,2024-08-01 02:46:05,2,1088
62944be5-b718-4ee7-91ed-3edf6108d6b7,Kevin Berg,cody30@example.net,2021-09-10 21:37:11,0c0d71be-3315-4d11-b0a4-3b834e13f9e7,Modem,Peripherals,1233,378cfe34-daed-41d8-9d07-ea859905c7de,2021-10-30 21:07:42,2,2466
90e34506-95fa-4305-8e02-61a2b0a236fb,Jennifer King,howarddeanna@example.com,2021-12-29 02:43:55,75801ce2-ecd3-41c0-ae44-13c980f34b2c,External Hard Drive,Electronics,377,a9ee87dd-abdc-467a-b353-9047eb34566c,2024-10-03 06:21:20,4,1508
26565d55-5e6c-440b-b867-1c42e2da92f3,Laura Simon,angelaburton@example.com,2021-11-04 19:57:51,154b4b19-7b02-407d-808c-0011d61a1ffd,Webcam,Gaming,259,1efb8694-7f2b-4138-a2b7-54986fd8dd77,2023-12-16 23:19:20,3,777
ddbe526b-4b13-4254-bafa-c1c5b85010fb,Patricia Prince,william02@example.net,2022-03-12 04:53:07,4f829749-668a-46cc-8ba3-4003da170070,Tripod,Audio,920,5b12b444-025f-4cdc-a487-0b1c032783ed,2023-07-12 17:54:33,3,2760
63383806-f1aa-46a3-afef-c5698f9f1c9f,David Moreno,mallorymiller@example.com,2022-02-06 20:31:17,41b1b305-6b02-46af-99de-863959f058fc,Router,Networking,1482,e6342c98-162e-4ef8-a5b9-6d21f355202a,2024-11-18 19:48:42,2,2964
53a2ea1a-4565-4aaa-90a4-2881422f2366,Daniel Cordova,bmaldonado@example.net,2023-05-15 00:52:40,88389b89-debb-4909-b831-cd528dff45e4,SSD,Electronics,308,58529dc6-bb5e-4843-9660-533946a72e57,2024-11-10 01:52:01,2,616
937b119f-8fa1-48b7-b25d-1ff39165b852,Sean Whitney,emilylong@example.com,2022-12-25 00:20:37,c7032959-5d30-4683-ad5e-4ef95da24f0d,Modem,Photography,506,74c31e79-effa-4995-beab-9c69c2fe34ca,2024-12-25 19:35:41,2,1012
2931b05b-cef4-4588-95e1-b7c9e47202b9,Paul Hernandez,bbradford@example.com,2024-11-29 04:57:30,adbbd386-7156-4bf2-9c54-d352ebf56d89,Monitor,Electronics,1848,f48f72a2-767c-44d0-8f40-7ef598ad09de,2025-01-01 17:07:32,1,1848
c223c1ee-770b-467f-8d61-98b03d07c555,Barbara Edwards,erichard@example.com,2022-03-09 12:37:05,bf9d2ec1-bab7-4cda-a2af-3c1222ae52cd,Tablet,Computers,1123,a747bda2-46d7-438f-a347-b9f493db3c1c,2024-10-21 20:18:03,4,4492
fceeb2a5-031a-4b23-b71b-7099dc41ae41,Kristina Wright,vthompson@example.com,2022-07-05 22:06:25,682d0337-3d8e-46f1-9a76-79669bd4937c,Smartwatch,Audio,362,8a0fba09-11e2-4208-a7ad-6501c22c0dfc,2025-02-01 00:34:24,4,1448
b3a84c46-d059-40b5-90dc-2b9b015c4065,Anita Austin,conniecalhoun@example.com,2023-09-11 16:11:26,81330df7-4cd2-4a38-af61-8db11540abd4,Webcam,PC Components,328,79fe24fc-c7bc-4f14-815e-f91657573b21,2025-01-04 08:34:35,2,656
a8305d9e-2d5c-4bb6-9d85-5c94662dd57d,Kevin Clark,vcollins@example.org,2023-07-21 12:02:12,3cdae823-777d-47d9-9910-8cfcb9f1e96e,Mouse,Wearables,126,86eec426-6182-4266-b8a5-cf3b487207a4,2024-05-08 04:47:50,4,504
7e588bc5-bf4e-4c4c-bca7-6357ebe86943,Victoria Hansen,todd33@example.com,2021-01-31 07:30:56,aab9320c-81d3-490c-a423-4f37a10ed928,Keyboard,Electronics,357,b1cd0c75-5cbe-474c-9c04-22a97fcd6792,2021-06-29 00:21:33,5,1785
f3613ebb-93bf-4d95-b57e-cc39dde84e7c,Jimmy Henry,lisagonzalez@example.com,2022-02-04 02:08:40,b93d12e8-f91c-4a31-b95f-3326698ff65f,Modem,Peripherals,777,9edbf359-48a6-4b0b-80c6-5cdfde06d72b,2024-11-22 11:08:35,4,3108
f54dc773-176a-4c17-a3e3-5149620c767c,Kyle Stevens,mcdonaldcarolyn@example.com,2023-03-07 04:43:12,11e688e3-3f75-4010-9848-947294abd85d,Laptop,Gaming,787,35a39a9c-743d-4075-bf63-5fac3656fbc7,2023-09-15 07:16:03,1,787
e85b3c74-968b-48e4-8408-97eab8b20b0b,William Adams,millersarah@example.com,2025-02-10 05:44:33,351c62e1-420b-4e6a-aa84-39e391e2aedc,CPU,Accessories,871,5ab6d8c7-98a7-499b-bb04-31de2aa58298,2025-02-23 08:46:44,5,4355
5cb4acbe-3957-4500-97ba-50210a3530f0,Hunter Callahan,starkkimberly@example.com,2022-02-27 13:57:48,1b03f7d1-27f3-4167-9b21-b408f85cabfc,Mouse,Gaming,1377,53ca51db-a49b-4aeb-9388-664704b490e0,2024-01-17 23:32:50,5,6885
5ab03405-ff2f-4627-932b-35a3675dfe63,Julie Martinez,mollyjohnson@example.net,2022-08-23 01:21:49,01b28ad0-bc3a-4d02-8382-6ac0dae14e79,Drone,Gaming,1754,7bed6ec7-ac31-43d3-85d1-fafcb7052624,2023-02-13 04:19:37,1,1754
78191565-7700-4d69-931e-d6f411aff245,Zachary Bryan,osanders@example.net,2023-09-17 11:55:38,0288e396-e5a8-4653-ae30-5b352dee8fbe,External Hard Drive,Networking,1993,7f54cf93-7d7e-44f1-ae81-b4e7f1785a15,2024-06-08 19:57:16,4,7972
cc39efaf-56e0-4fe3-b882-dfef0cfccc97,Austin Santiago,sean78@example.org,2022-03-22 06:25:51,b4d62362-21e2-4e47-a698-e968229cab73,Smartwatch,PC Components,357,7396aeaa-ed48-409d-9b1d-d76907109616,2023-03-10 12:00:45,1,357
a72aebec-dfdb-4a36-9c46-bcf4e91dafa1,Emma Collier,keith78@example.org,2021-10-21 16:08:18,73564159-fe30-43ac-9a6a-3650598a15a1,Laptop,Wearables,1301,0c18ba23-b634-4bf9-bfe8-f2b316461297,2024-06-23 12:33:19,5,6505
fefa3dc1-67d0-43ba-8363-4e86c8e15a29,Sharon Rodriguez,timothybarber@example.org,2020-09-26 06:52:35,97927094-80af-489b-8057-abfe1da52a0e,Power Supply,Computers,710,06b9dcdf-91a8-4b4e-a37f-8492b69adb95,2021-12-24 13:17:55,1,710
8979fdd8-189e-429b-a558-b3610d54fb83,Jose Myers,bennettmichael@example.org,2024-12-10 07:00:29,fd3cb7be-c378-4cc4-a8eb-67c92ef64ee6,RAM,Electronics,1466,1cc8ad85-7b55-4ac9-9765-2dd7a5f5eda3,2025-02-22 21:49:00,5,7330
e4125050-e47f-4dbf-9c33-45f95718a4b1,Kelly Johnson,elewis@example.org,2021-06-30 05:42:25,1afcecf2-83ab-4c3b-be0f-d081eb31f226,Keyboard,Networking,1505,fe3c94e2-7057-470e-9713-e8d27e2fd1c3,2024-01-28 17:35:03,5,7525
d239183d-6392-4b96-bb34-3ee0a0db8d98,Mrs. Tina Stephens MD,lauriesosa@example.com,2022-05-23 07:15:57,ec3b9ea4-1e72-4587-9010-b82d1052aff2,VR Headset,Photography,52,160b1544-153f-4b0b-92d3-e7252cc4fb71,2022-06-15 00:59:02,2,104
94f25aed-faac-401d-9a64-3a5c5ef4a704,Nicole Dawson,samanthaprice@example.net,2021-10-12 06:09:27,da934026-7756-4b9e-86b7-a5b6ff3c02a4,External Hard Drive,Photography,1840,db2e2103-c7ec-448c-882e-18aa306dfac5,2023-12-01 09:31:03,4,7360
255dfd12-42ba-41dd-9f7b-6106f32d1963,Ethan Walker,zjohnson@example.com,2020-06-22 19:25:58,e0ccdafd-3aaa-45d4-a29c-5d5e1ede8d73,Camera,Audio,947,3423a133-f068-4798-8c45-afc629f25dd0,2023-02-27 20:14:45,1,947
67ad0ff9-c622-4ec0-a7b4-4f728b1fc33b,Christopher Hansen,leah57@example.org,2023-12-17 13:16:04,d5154d20-19d7-4740-acc9-0905d6e2200c,Charger,Wearables,1084,258fa5a7-6555-432d-96ae-92b3dda3d9ad,2024-02-23 14:13:47,5,5420
3dd5af0a-ac41-4777-a3e7-4e24d92be3a7,Christopher Garner,jamesrodriguez@example.com,2025-02-08 23:41:44,9b92fada-acfe-4c33-a2e3-1579be3596b8,Keyboard,PC Components,102,51b3f9bf-c6a6-4088-bbd8-efbdc453608b,2025-02-12 22:37:59,2,204
55ba0800-31fd-47af-878b-c7effba5be34,George Sanders,zbaldwin@example.com,2023-02-01 18:37:40,12898231-0c26-4dff-b070-ce1928f4c9d8,Smartphone,Wearables,1781,11cf1991-4479-44d7-9f6d-290d6073aa90,2023-09-07 05:54:02,1,1781
19bc8b3b-db7e-4a85-9a70-d8974c3ae239,David Hudson,alyssaconley@example.org,2021-01-02 21:01:35,a4db6e3a-1db4-4d3e-ad25-384089fa7e6e,Microphone,Computers,1008,9956d942-5088-4c19-b16a-72965a36bd57,2024-10-03 05:49:53,4,4032
bb130e31-356a-4138-9e06-b8d516e3cbc3,Eric Drake,michael57@example.org,2023-08-06 06:41:02,0f187282-bc9a-4bb3-87ef-b99e0a2b5958,RAM,Peripherals,656,b9e6e654-6617-443c-9632-6d97339b7130,2024-08-22 12:36:35,2,1312
24928697-f8c9-4acd-affd-0256ef7aa511,Nicholas Ford,david29@example.org,2023-03-12 22:49:12,fe9eac7c-f0b9-4a51-b03b-c1a092a5d768,Smartphone,Electronics,487,da6e7379-0c2d-40d2-8f06-48da8889540f,2024-05-17 20:56:47,3,1461
ead901e0-67c9-43dc-ae78-8703144f6a61,David Holden,imorales@example.com,2024-02-05 07:44:16,bd0155fc-c0b7-4a4a-a8fd-463e3bb00767,Smartwatch,Wearables,1145,99f09f2b-bfc7-4d9c-89ea-d18170cdc3af,2024-11-06 11:52:03,3,3435
d8d6ddd4-75d8-4d19-8ee6-7496bdbf5440,Beth Callahan,ocummings@example.net,2022-01-11 03:45:46,f6816424-ada0-4efb-9449-90a4bae061d8,VR Headset,Gaming,503,87291f76-1f74-460e-ae1e-00352fe78f58,2025-02-22 11:53:51,4,2012
2b6daf7e-e2e6-49e8-942c-9bd67242312d,Nicole Ochoa,donnairwin@example.com,2022-01-27 19:17:30,cb1769a8-b964-4bf6-95b5-198aedc559a0,Microphone,Electronics,1064,3622e2d3-37ea-4da2-b671-1f9724a08fb4,2024-11-16 15:19:22,5,5320
196c63f8-b341-4777-bc4f-950dd9b4d499,Allen Hamilton,tbrown@example.net,2023-05-10 03:41:37,f9c945ad-98ca-42c7-a3bc-479a68b555d8,USB Flash Drive,Wearables,544,b02a803b-8cb7-4d84-8024-2d1550072973,2024-06-22 20:56:45,2,1088
0599cbbe-be5e-43c4-90f4-12b6a0582456,Brandi Quinn,charlotte31@example.org,2023-10-24 23:28:02,15135805-b528-4e83-8c70-172a4c76951e,Printer,Gaming,399,999c3957-b12e-4192-ba91-cb6bea78bcab,2024-01-31 05:20:02,3,1197
839e0d21-e2cc-4240-84dc-a91579594228,Joseph Townsend,christophermichael@example.com,2024-05-31 09:58:10,b2024c37-5d2a-4412-a6c2-1ba3dabfcc1c,Monitor,Electronics,614,e8e3383c-5218-4e1d-ad8f-523b32e8ec05,2024-08-03 11:39:53,5,3070
7964d542-0686-4f4e-94ae-2b0d50473b07,Cindy Cook,lloydnathaniel@example.net,2024-04-02 13:49:20,765ab045-aca6-46bd-8b11-c897c05398d1,RAM,Networking,935,d7eeadac-68eb-44f9-a19a-1c44bfe90408,2024-09-09 20:41:04,4,3740
a0c8f9f2-74b6-413e-8f7b-f39452641b3a,Edwin Humphrey,xhall@example.net,2022-08-21 08:26:02,4e9c9abb-955c-42cc-843f-29dd4f526654,Camera,Wearables,1580,44d4568f-356e-4370-b587-b8010705ed5e,2022-12-19 19:06:33,3,4740
9b1ba9b3-7877-4f8b-83c4-8dd058d969a7,Erin Shelton,tammyfranklin@example.com,2022-11-21 04:08:57,fac4ea46-a5c9-47f7-a304-9ce007aa7523,Monitor,Photography,1411,284bcd26-8db7-4f23-8de1-58ba280ad8cf,2023-02-23 08:55:09,3,4233
98a01a2f-9591-4d82-a295-818cb3dc63e3,Cynthia Wallace,garybrown@example.com,2024-08-28 17:02:20,330b3f6d-a69b-4712-9ce8-42f9df4fe035,Router,Gaming,1427,691eca90-443d-4487-bcf7-3289152a7dae,2025-02-13 20:38:33,3,4281
5ae4d28b-566e-43d7-97e1-48003b068c73,Joshua Phillips,julianelliott@example.com,2021-01-05 09:22:04,c1b2683a-31dc-42bc-8072-d82838f3c5ff,Graphics Card,PC Components,1733,02cb8540-6d1d-4bfd-b2a0-ad51df262529,2021-11-24 23:54:29,3,5199
eccc4aed-9a15-4f05-bbd5-ee15f5f73972,Jeffrey Floyd,clarklauren@example.net,2024-11-18 21:33:30,32852584-8c80-4de2-99d1-d0ac5f52b119,SSD,Accessories,579,d9dc1f83-aef9-44aa-a037-016eb5d2cab9,2025-02-01 08:32:15,5,2895
f1396ce4-9770-4968-8828-e24b727bdb49,Michael Ruiz,gsmith@example.net,2024-11-08 17:22:07,7d391fbc-784c-4325-8324-6a44290c42c2,Mouse,Electronics,387,98088f4c-2dcb-4d32-b515-eaf0bdb77b40,2024-11-28 09:28:55,4,1548
33763831-a166-47fe-94c1-047d1e7e82af,Michael Martin,lindsaycrawford@example.net,2021-12-21 19:53:09,10785c66-114a-4530-b9cc-f85784ea7087,Graphics Card,Wearables,1255,40b4e799-d24a-4a20-b180-7a771d79a790,2022-07-01 16:47:48,4,5020
321604aa-6186-43ec-b4e4-f7951ea77f95,Mr. Kevin Garza,ecastillo@example.org,2022-06-07 16:53:15,3b8d8bc2-bf2b-4cf0-8368-4d8716773036,Microphone,Peripherals,1217,b374dfe5-057c-4b64-8f61-f036cb44535a,2023-03-29 19:10:09,5,6085
57a3fe96-9d59-41d3-a774-74bba2f4543d,Cynthia Smith,amberduffy@example.net,2021-09-20 03:26:35,ac7e11a8-5df1-4e07-a05c-b445276a9ca5,Printer,Audio,958,d80d14fc-a235-43ce-bec4-03de0757e6df,2024-06-03 19:57:59,1,958
2b367d4b-1e0a-4ee8-a9bd-93fb2f85a7ce,Bobby Rodriguez,shuffman@example.net,2021-04-01 06:55:19,4d3a8f49-5472-4e33-92c5-dd0df9411304,Power Supply,Wearables,1196,e1ea4e1e-947c-42fe-8540-4afb3b20b06e,2024-04-23 01:38:59,3,3588
504a309b-05ef-4b0c-80a8-88485d4c8eb5,Amy Smith,ngallegos@example.net,2023-04-04 13:06:33,968a1920-6e6c-4810-9423-bd6fd562bb0e,Keyboard,Peripherals,178,76386da5-7ca4-4127-aaad-8cd8ce94eba5,2023-08-26 22:42:24,5,890
8a06845d-5112-44a2-b8cb-b09cc5cc8f33,Diana Cook,kathryn95@example.net,2021-01-26 17:45:38,a8f2d0e3-9c71-423e-ad08-95d8ff403045,Modem,Photography,75,ffdca574-f4ca-4f29-b3f3-8aa28a1e1fae,2021-07-27 13:47:56,5,375
1618a5ea-f76d-4a64-ae07-11ed5ee14d41,Olivia Chandler,teresanolan@example.net,2022-09-14 10:58:57,6ceb3b5a-2bdf-4a06-938d-6b936526c39d,Smartphone,Audio,102,1981006b-0894-405a-8258-67389fbb86eb,2024-03-21 05:22:19,3,306
ffd7e724-eaeb-47c4-bdc3-fd972e27ee59,Paul Knapp,yflores@example.org,2020-12-02 08:06:42,40536ff5-b46e-41eb-a5db-e91b67f8c693,Tablet,Computers,55,4831a763-4d48-4ab7-910a-49ded565bb22,2021-05-31 09:33:01,3,165
3d13804c-bff8-4ca2-bd40-808e0dfea5d7,Michelle Thompson,taylorcraig@example.org,2022-02-11 11:24:57,0a146060-e3ae-49d2-a4fd-ffd59ce41024,External Hard Drive,Gaming,1848,637a3226-baa4-411d-aa17-52869bef8cb4,2023-03-02 15:40:23,4,7392
4aa4b51e-859b-46c2-8306-d826e79e5372,Paul Richardson,jeffrey36@example.org,2022-10-29 13:06:25,b960c1f9-b9f2-4abf-9a82-fd0be09bf2e8,Mouse,Electronics,743,35d8b827-e900-4889-a870-80c498ffac9e,2024-04-12 00:59:11,3,2229
d6ff14dc-be8a-4aa4-b995-b15acf275559,Benjamin Lambert,snowjohn@example.net,2020-08-21 00:08:59,e0073d31-8f3e-471d-81b8-af596f68625a,Bluetooth Speaker,Gaming,1048,8cb2cf94-ce8b-47d5-80b9-86bd9a520ef9,2021-11-18 04:43:28,2,2096
abe8a5ee-c793-4644-a054-1b8920fb25fa,Beverly Martin,johnsonwalter@example.com,2024-06-09 22:29:37,f6a92065-99e7-4185-9778-ecd4cf004834,Smartphone,Electronics,1822,9f810c63-2a02-45ac-aa4f-004f3c1f467d,2024-09-17 20:47:36,2,3644
7e3683db-e8d1-4ac7-8152-71de1351fee2,James Gordon,paige70@example.net,2020-11-18 19:01:11,2197de38-71ae-4839-8a6f-b4b9fff4aedf,Keyboard,Gaming,1937,292df20e-a526-4c5e-be8c-75cd73ce66e8,2022-04-10 02:19:35,4,7748
d1530b8a-123a-4c85-bc57-0d02f6295432,Ricardo Dunn,mark23@example.org,2024-08-06 09:59:28,96471e54-d824-41fc-827e-8a4c25a5489b,RAM,Wearables,1246,d022483a-09ec-40de-b035-483be859a5c5,2024-08-16 06:14:55,5,6230
8b25edb6-4f77-48bb-94cf-c058ef0a5f11,Robert Rowe,dbaker@example.org,2021-10-11 02:34:42,24727b89-22ef-46b9-9413-e6457318a7da,Bluetooth Speaker,Audio,1291,102b72f9-0115-4bd9-8352-6b607635e825,2024-08-13 18:25:25,5,6455
bf00931b-aef8-4a7b-87d4-115f71cb8416,Travis Smith,crystal33@example.org,2024-10-23 09:16:23,b647f606-cdac-43aa-bc0d-eac27317968d,Smartwatch,Electronics,1181,6f47e9fe-20b5-4653-bca2-c09c862c7547,2024-12-28 04:20:42,3,3543
f9ba585d-c77e-480f-87db-5a8498023631,Mark Nash,theresa35@example.net,2023-04-20 21:35:16,f11f804a-9643-4228-9bb7-27c5c068e82a,Computer Case,Computers,1639,cf7a7907-9dab-4e45-ad59-f181f7fb24e8,2023-08-22 20:41:54,4,6556
e9fd5132-4b23-435d-9c8a-e09a614da4eb,Eileen Goodwin,henrydavis@example.net,2022-11-10 06:00:20,f3da77cb-0841-40d1-a58a-8ed922fdc2cc,Drone,Electronics,857,48841a81-d387-45cf-b7c3-f6019842babb,2023-02-13 12:45:52,3,2571
3bcfb8a4-79af-4b3f-96c7-1c4419df635a,Richard Anderson,vanderson@example.net,2022-07-16 14:33:56,9d406f4a-ba77-4d92-8d5f-dd0c1523aea1,RAM,Peripherals,853,a1aacfba-d06e-48ef-a030-76023ea357fd,2024-02-27 19:24:47,3,2559
5b50681d-bb91-4ca7-bc71-f7b2655e76cb,Lauren Nolan,penakatherine@example.com,2023-05-25 21:07:31,04ded294-fe9d-4daf-8f04-5c178986f207,Microphone,Photography,1223,e4fb5ed0-468a-468c-9553-39a1c7dc3dc3,2024-01-15 18:43:08,2,2446
948f9f91-a0fd-4e81-b1ae-d5f6556d0a7e,Rebecca Williams,jennanguyen@example.net,2022-06-02 00:02:37,1802ce06-254c-40dc-b0e7-0de619eee9c7,Graphics Card,Wearables,1426,fd1b206f-c110-4cce-bb0d-693df778242c,2023-02-10 10:42:09,2,2852
bd43de44-f90f-4086-9d0a-330739da1f95,Cynthia Clark,marshallkevin@example.net,2020-07-25 05:39:26,7ec4b2b0-6ae2-4679-917d-23f4a1e42d0e,Laptop,Photography,1470,62d17a6b-66c6-49da-944f-148bd81f9658,2022-04-17 19:16:20,4,5880
ea0000c4-81f9-4559-acb4-840eeccba946,Tracy Hoffman,torresbrian@example.org,2023-02-19 11:02:03,3ff671fe-c95b-49e9-894a-bbab695703c0,SSD,Electronics,182,ca765f05-0daf-4173-9b15-274829eba5c4,2025-02-02 10:18:33,3,546
775a01ff-2617-478f-9d47-45d27663f3a7,Kelsey Jones,kathryn14@example.net,2023-10-13 08:51:34,fe8e908a-09cb-4cbd-addc-d7a39a439da6,Headphones,Photography,1689,fb46d873-2eed-4411-ade4-15ba45c780ef,2023-10-16 22:04:33,3,5067
3508ccf2-2ead-4f34-9958-df31607e8a3a,Sarah Smith,jennifer74@example.com,2023-04-12 13:31:35,d4c2b6b3-aeed-4913-8199-9b341ddb7d8c,Smartwatch,Accessories,72,015d044f-1ccc-4740-9754-48127398eac3,2024-09-29 13:08:46,3,216
f999be92-384d-4763-9717-b9efa5ba260d,Emily Oconnell,nbush@example.com,2024-04-23 09:56:55,10bb80fc-489c-4b18-b4e0-a6cae71d9310,Mouse,PC Components,1812,e2006cc5-d964-4d7d-8a88-da893b230990,2024-04-30 03:19:11,3,5436
9e3ae1ca-c085-40da-99ac-dfd1922bd30b,Theresa Kidd,zmartinez@example.net,2022-02-19 10:47:36,babc7edc-a05e-4683-a3f9-0c951277b78f,Modem,Accessories,1779,03220a9f-9cec-45e1-a3d6-6555359fdbc9,2025-02-26 00:13:37,5,8895
076f0757-ca34-4795-bf55-77d9beb49b3c,Derrick Osborn,robertvance@example.net,2020-06-01 18:48:20,d81f1bef-acb3-47c6-b333-c59768f480bc,Computer Case,Wearables,1084,5ae11f2d-b531-4a69-a834-85f09789f8a4,2021-07-03 14:15:59,1,1084
5bb5b903-152d-43ae-8252-7f239f763b24,Matthew Rodgers,lori29@example.org,2020-05-03 23:15:18,4bd94e05-7380-419a-abbb-a6f86a8a5b61,USB Flash Drive,Wearables,1839,8d7080db-ed0a-450f-baf0-69f41735936c,2021-10-25 22:00:34,2,3678
8f61976f-1f36-47b4-9580-12ff77628742,Micheal Gross,zhoward@example.org,2023-12-18 05:51:18,2e375763-03b5-4a8d-bada-b21d23f4e407,Scanner,Computers,152,1fff81fa-f2d2-4992-8b5d-b3e0e97e98af,2024-05-31 02:18:22,3,456
9e089fee-a2db-4d48-95bc-1c270f93dc07,Barry Cabrera MD,mcleanbrenda@example.net,2022-03-14 14:42:14,ebd3939c-b477-4ab4-aa57-a76d0ba6bc5f,USB Flash Drive,Audio,1797,13d8cfa7-b449-4538-9e8d-8316120b89e1,2024-10-26 15:20:41,4,7188
4c00af14-a4e4-4bd7-8fe4-fe1309a2065b,Sarah Cooper,bonddavid@example.org,2023-08-10 05:04:01,dce42579-b72f-4996-a2b3-ac930f992903,VR Headset,Gaming,1504,822c6b5c-86a5-43ec-9402-260df35b3c98,2025-02-23 07:44:08,2,3008
d2221ab3-2873-4d8f-9e4a-2149d03dd1aa,Jacob Wiggins,fishercarol@example.com,2021-02-14 03:26:56,635a092a-56ed-46e1-a990-5bfe537b9e53,Fitness Tracker,Peripherals,1554,7b9681b9-26ab-4225-8c54-6a4c3c9b2579,2023-05-19 08:40:32,2,3108
9d1a4be8-670a-4f2c-a684-a7a2efc1d3ad,Jack Williams,robertsonerin@example.org,2023-10-08 20:19:11,d909ddde-ddca-4d75-97bf-961a3bdfc52f,Motherboard,Wearables,852,4ab8e2e9-83ec-4bb0-8ba7-30460e8ed825,2024-05-27 03:11:34,5,4260
ebf689de-1085-43d3-8a77-83c06dd8e0dc,Amber Bass,brownstephanie@example.com,2021-03-15 05:24:28,bd967bc8-e1da-422f-9bb1-47dc156f905e,Mouse,PC Components,1394,a6dd4881-c87b-48df-b85b-8d847c5edf27,2023-08-08 13:25:52,4,5576
bb6b3dea-fc60-4878-889e-05bab7b17793,Jennifer Anderson MD,jeanettereid@example.com,2022-08-16 00:21:55,15a1e53b-8d40-425d-8a5e-cf0a49003c88,Keyboard,Networking,1485,e19cb2eb-ded2-409d-a4f6-4300f67522eb,2023-05-07 16:25:02,4,5940
62651720-7dbc-4eb2-84e9-6960895da014,Laura Haynes,kathryn85@example.org,2024-06-18 14:07:27,4c3597d1-668f-48f3-843e-534d44b93788,Scanner,Gaming,1093,62a60b5d-3379-4387-a4cf-19ef33f25763,2025-01-30 14:24:24,3,3279
47616052-1fd0-4a16-aa18-db3125e45518,Jeremy Parker,ifischer@example.com,2021-03-19 15:31:44,360e70fa-774a-497f-a638-244979f2935a,RAM,Gaming,1329,3f694205-9707-4bbc-87de-e3cf31989b30,2023-05-25 11:44:11,5,6645
b03fbc17-d1e5-4583-a00a-119472b1c279,Brittney Winters,bakerkevin@example.net,2024-03-27 06:56:24,db4da168-f7bc-4fb7-bba3-037fc1c099fc,Router,Peripherals,1934,b1948e21-a4aa-4b46-8a11-916e92cd8383,2024-06-19 07:39:59,4,7736
95bb908a-ac3e-428a-96f1-f81bb4255060,Chelsea Newman,fsmith@example.net,2022-12-15 08:44:15,675ed0a8-fc29-4c03-8879-c57535394601,Gaming Console,Wearables,1584,6065f267-510e-445f-8ac5-faba94dff293,2024-07-28 12:59:28,4,6336
99787a6d-f57d-46f3-bebd-a507e4701a0a,Karen Rosales,hscott@example.net,2020-03-07 09:15:38,d7c0e35c-c5b7-4c05-b486-1d6bbdde981b,Headphones,Gaming,1493,4a395e70-b3fa-428a-90c7-6c2d0b5f1e95,2021-11-05 17:35:15,5,7465
4af89807-e48c-4faf-a812-11ce50328b18,Laura Foster,progers@example.com,2024-02-21 15:07:50,683c84af-2d9c-4241-ad80-4ddd754b2315,External Hard Drive,Gaming,464,856cd422-7905-4b3c-8a4a-98ecb8af1510,2024-08-21 10:08:04,4,1856
e2e0b1d3-6650-4e4f-aa69-c8036ed408d6,Alexandra Thomas,ryan38@example.com,2021-03-26 09:31:11,85de74d1-58fe-4275-9d55-e960134a8ab6,Scanner,Computers,1615,8d49e876-281b-4a1c-ac7a-6e836f4106a8,2023-04-28 18:55:18,3,4845
dac7e0fd-1a1d-417d-85bc-d94a8741714b,Michael Harris,brucerubio@example.org,2024-05-07 03:58:12,774e2ea8-59f9-4518-a397-daf3d649a919,Printer,Accessories,1094,5a2b6323-6ae5-4b6c-883c-0817b2fd69a9,2025-01-19 19:03:44,5,5470
63af3145-6988-438a-8159-712487c9b73d,Lauren Noble,charles29@example.net,2022-12-13 00:56:38,2dc0e092-406a-430d-b0cc-313039fe7798,Smartphone,Electronics,483,0fc04634-7a14-4e09-9bc4-a70b157b0029,2024-08-29 10:25:15,4,1932
d7ede4b0-f852-43ee-92a0-f31e0da94a43,Brendan Lewis,erinwalsh@example.com,2024-05-20 21:45:32,ffa2ab33-559f-4fab-8b82-5dc092db3658,Mouse,PC Components,1826,fecfe8c7-fab4-4c3e-8db3-ce3d0c8bed1d,2024-10-15 20:22:17,3,5478
9bcebccd-22d9-43c5-9c81-0d25bde6a4d0,James Flores,anamartinez@example.net,2023-11-17 10:30:07,6e4efa2f-cf3a-447c-a329-68f605f32d7e,Computer Case,Peripherals,299,1cf90465-0830-4848-9ab1-83a3e5844104,2024-12-25 07:00:32,2,598
63bbb7a3-6ceb-41ed-921b-9b859a673081,Sherry Gonzalez,wandabush@example.net,2022-02-07 08:07:10,96f765cf-27a3-4a21-a035-4fd4bf2a491f,Power Supply,Gaming,1673,d2582613-05a0-4e91-93fd-f5a5c9081111,2023-11-08 03:28:27,3,5019
e55adf13-df52-4e97-941c-e20d247b5cd7,John Baker,shortallison@example.net,2024-03-28 01:23:56,0fdb4cda-5e06-41f0-8d8b-c5b121069283,Laptop,Networking,272,e12f2950-9be5-4800-8b1e-9e13242e33e7,2024-05-21 11:44:09,5,1360
6d8a1c5e-7eb7-4775-8fa9-c37424d55f8f,Yvonne Montgomery,shelly41@example.net,2023-05-10 18:58:34,d9ba1af1-d93f-4f2b-b9e1-f69dfc78ca27,Computer Case,Wearables,939,1d34f79a-01d0-4afb-96ef-e763f6722a80,2024-03-15 09:38:02,2,1878
835e8809-7006-4aa3-b20f-648d4041e9a3,Chris Taylor,bjohnson@example.com,2021-08-08 11:01:40,611f1e2b-dc0b-495c-b12c-2af425538bc9,Printer,Wearables,504,c8275557-aab9-4aad-a8fc-e5aad8469e4b,2021-10-04 08:43:51,2,1008
0c478fa0-cacf-4f79-b06b-bf33913fcf1c,Catherine Williams,buckgina@example.com,2023-11-03 02:30:22,25776f3d-b8f6-4777-9ab1-bd1c2819507d,Power Supply,Computers,1749,f88dc82a-77eb-4214-835a-61ae20236c34,2024-04-04 17:01:39,5,8745
1b1219ae-43b5-452f-88c6-4507544151b1,Brandon Hall,ojackson@example.com,2024-01-04 13:47:04,7a984794-5635-45ce-a928-ea8e1145879a,Power Supply,Audio,1231,ce7e11d1-dea7-4e84-8ba2-559ad7a20ec2,2024-01-21 04:09:02,3,3693
eb0e4a5c-996d-42e0-8a48-c9e41439841f,Michael Evans,chelseadixon@example.com,2022-03-26 17:37:49,b5ba7c17-8b96-4e94-87a5-e304aa5e4c95,Tablet,Audio,707,342af7ca-f2c1-43c1-916d-725b58cc059b,2024-05-16 05:36:40,4,2828
a2988f46-63d0-4668-a705-bad294e211bb,Linda Brown,ajones@example.com,2022-11-13 11:45:16,25cf0e38-efc9-417e-972b-dec1221adc0a,Camera,Networking,1488,077d41fb-fc9b-4b58-8981-406bbe8dbcc3,2024-09-29 19:30:48,4,5952
e2d9a261-b8f1-4213-9e90-d9ab35af9ec6,Tina James,grahamsamuel@example.org,2023-10-24 02:02:10,70aedc34-98ce-46de-b82f-c3773b6fd537,Microphone,PC Components,967,0e4b4ffc-d3e8-407b-a065-0a7d8f005ce7,2024-09-17 08:50:39,5,4835
c9f47383-c24b-4ba8-bfba-dcc22995813b,Jessica Hughes,webbjasmine@example.org,2024-07-21 05:28:36,9ff46166-9c00-44ee-8b24-db8fd2213a8a,SSD,Electronics,537,e29ed46e-11f0-41da-9aee-d7346ca349e8,2024-11-04 06:20:06,4,2148
03cc3abb-1857-4da9-a210-26b612fcf422,Erica Lyons,graymarissa@example.org,2024-12-12 19:04:31,950073a8-0fb3-4a68-bdfa-d7c38a7b3555,Tablet,Gaming,1999,937d644d-e7c0-4dc3-88ff-ce29f3a5676a,2024-12-23 09:37:57,2,3998
e97d76dd-5c61-459c-8fcc-844b639110cc,Robert Kelley,russell85@example.org,2023-12-09 10:10:47,352964c4-360a-4362-8b61-39c44da6e848,Smartphone,Computers,1630,42684e15-0782-49c2-9844-8d143b9d4c68,2024-01-04 20:30:15,3,4890
09c0202e-5c71-4903-b958-dcb883dca8fd,Kenneth Raymond,edwardskaitlyn@example.org,2025-01-27 10:20:36,d26a2059-0608-414d-ad07-8eb9d409581e,SSD,Electronics,33,d74f57a6-0fee-4767-93f9-1b2c49117052,2025-02-02 09:51:28,5,165
d78c1067-3ebd-48f3-876e-e3d8d80b1943,Sophia White,mharmon@example.org,2022-02-08 19:56:43,761fe321-9482-4923-bfd3-4b7c0304e76e,Monitor,Electronics,893,6065360d-1c02-4f46-bab6-6c27de53da28,2024-01-07 18:42:54,1,893
3ef9d085-74ae-4746-a64f-6f8d38a103da,Jacqueline Phillips,xshea@example.com,2023-10-22 23:51:19,e91835cd-55be-43d7-b92e-83806f542910,CPU,Audio,884,f8bff9eb-6d25-46b3-b3ce-ec40cc1ac690,2024-07-16 22:37:53,2,1768
8fcccea5-6cb2-48af-8ab8-c9502be23336,Amber Rodriguez,kgonzalez@example.net,2020-03-19 03:24:37,f478acaa-75e2-47b1-9732-9f810e8e0f09,Microphone,Wearables,610,75f6decc-8b1e-4da2-ba5f-e81a69b5764d,2024-12-17 21:04:55,2,1220
0e7cf3f2-0547-43e2-ac4c-6d6358a1717a,Justin Thompson Jr.,teresa02@example.net,2021-07-04 00:49:55,a3943d69-a1ac-4ed3-83d3-940830a6f12c,Bluetooth Speaker,Accessories,237,4af5ac2f-0272-403d-843b-daef015c91e0,2023-08-15 11:57:44,4,948
cca52d00-a383-4b44-880f-516f83132aaa,Mr. Richard Gross,johnobrien@example.com,2024-09-03 04:11:54,4c4b7390-5dcc-4538-9bd0-9c4d86754ef2,SSD,Peripherals,1479,c04d85cd-532d-454b-b9d3-2efe70d941a2,2025-01-28 13:28:49,2,2958
1dc0515e-e826-4fe5-a84e-50a5d4b80c28,Raymond Price,burkejacob@example.com,2024-12-09 05:38:50,7739fc20-3410-454f-8ae0-87bd9ee149de,Motherboard,Wearables,1973,cd08508c-b668-49d7-842c-b817381ce24f,2024-12-31 08:36:07,1,1973
89bc3543-eafd-4d48-bbea-5ec632f2d3f4,Patrick Gibson,elizabeth03@example.com,2022-09-18 16:31:58,1d6f1605-e630-43c2-a69f-92ef7a487c90,Mouse,Networking,423,f5bbb439-7e75-4d83-9c5b-009a10087728,2024-06-22 13:48:25,5,2115
07dee633-a906-4b44-ae5f-f2fcca07c02f,Tammy Watts,qhawkins@example.org,2023-04-17 00:45:12,7900f1d7-be77-45b5-907c-2afa311fe983,Gaming Console,Photography,518,4949ab50-70f0-4079-a622-3fd33f6eaf73,2024-10-23 20:02:56,1,518
be4a6c32-c9b5-4683-9ae0-24d94d9607ca,Charles Thompson,angelacurry@example.com,2020-05-13 18:21:01,c8eff335-3d93-4932-85c7-f3875cd16868,Laptop,Computers,1780,ab62dc4c-6dca-4366-a88d-b1779c3a27ad,2022-09-27 18:32:50,4,7120
68a7d014-1787-4b0d-8620-504f2a3d8d10,Marcus Watson,twatson@example.org,2020-09-03 12:21:47,baca6ad3-e165-4240-93fe-630e16459748,Mouse,Gaming,965,2d3e8b73-445c-4031-8e28-35fb9c469649,2022-09-09 18:20:27,3,2895
a3a18962-7d21-447c-a25c-b257769225ce,Seth Johnson,carolyn76@example.com,2024-04-16 12:11:51,a3a8e38c-103f-4fd9-8f9a-d5abe2f49ecf,Smartphone,Audio,1251,cc2539eb-6e4c-442b-a9f7-8f05d3c691ad,2024-12-23 23:48:33,3,3753
9c0f2179-fe1f-4f9e-8b60-43575410e069,Danielle Odonnell,zyoung@example.org,2023-11-21 14:13:44,5cb8c473-d9f7-470f-abbc-d6c8187d6997,Graphics Card,Networking,547,7a05358c-a0cf-4234-8771-5bba6e22c22c,2024-01-26 22:03:50,5,2735
5f4ab5e6-3d84-40db-861d-4aa266854488,Alexander Carter,michaelsimmons@example.net,2021-04-07 00:26:46,2f4bbf5d-26e2-4775-a7f3-67cced3b1010,Headphones,Networking,1876,247102ab-48a0-41dd-b430-7a289d6d92ad,2023-01-15 02:48:38,4,7504
11b76741-2ed3-4159-b38a-5becd5a2fbe5,Katherine Lucas,alex06@example.org,2022-06-28 19:33:42,67f32ea8-7022-4c76-b5a7-4365d8de931a,Network Switch,Accessories,1225,30a1559b-8d5b-4731-964a-1d9a86df231b,2023-01-01 17:47:44,4,4900
79125ca3-701d-47c5-9c5b-bf154ab8bd9b,Sarah Jones,andrewmullen@example.org,2020-04-18 02:45:36,2044aba4-e0d6-46ad-928c-07bb100a8231,Drone,Networking,651,a8aa438e-e826-4943-ba3a-9522ee6c1d1e,2022-08-21 13:51:45,3,1953
56e6f5dc-f017-421f-ab12-da87f933cdc9,Danielle Nelson,melissafoley@example.com,2021-09-09 20:55:35,790764b7-48c3-4815-87ee-cdd2bbcbe373,Webcam,Audio,1338,9dc1c6b9-f754-4ddd-a3b6-9bb91a1ffa1f,2024-02-21 09:30:08,2,2676
2158ccbe-fd19-4692-8d58-6c07ae252afa,Lynn Williams,zwebb@example.org,2021-01-04 04:19:55,b5ed87a9-104b-431d-a50d-d1339f38b65a,Charger,Photography,324,8f5d8800-1b97-411f-af34-703c7d10153f,2022-10-25 21:22:14,5,1620
2a2edfdd-afda-484c-b9ba-ba2158f841e1,Nicole Smith,westjohn@example.net,2021-04-01 09:12:01,08318f25-dec5-4d0c-9f3b-1fbd83a4586f,Computer Case,Networking,1615,33091e8e-f66a-4b99-81a7-a949e6aeb082,2021-07-26 16:14:23,4,6460
1cb43376-4a04-4df6-b23f-323478244bc9,Teresa Collins,hopkinsmatthew@example.org,2023-11-26 21:34:04,7e55f20b-dba4-439c-9f3b-5d705120ed81,Monitor,Photography,1264,2ba89beb-b6d9-4165-971d-41a4fcb8465d,2024-11-08 06:08:59,5,6320
eb72b49f-610f-4402-8316-308c65efd03b,John Lambert,chrisjackson@example.net,2023-02-19 22:22:22,8504b7b0-0ce9-470a-97ea-1f1def57fccd,Tablet,PC Components,1509,601c96d9-6537-42c3-a38b-c0b1560aa27e,2023-03-31 18:06:44,2,3018
1f06351d-1e63-4e9e-802d-f2913a05f9c8,Cassie Ford,michelle26@example.net,2021-09-29 18:20:58,c4a63745-3ef3-4906-94da-4d070807ce0a,Monitor,Audio,1059,0aeaf6d1-4bb3-4c27-bc61-82249cee0151,2022-10-17 23:23:12,5,5295
6051c715-f4ad-4439-a649-b8b58b51b594,Stephanie Fowler,melanie03@example.net,2023-06-03 15:37:31,f98eb36c-1dec-482a-a39f-76f9041fefdb,Drone,Audio,265,73829fbe-a90f-42fe-ac5a-92d72fd870e6,2023-09-03 21:54:51,1,265
d3edce87-a797-4ce5-976e-b626e2fa401b,Cassandra Davis,castanedasteven@example.org,2025-01-13 04:30:15,f48de346-a3fa-41fc-be21-be8c88d4080b,Smartwatch,Networking,1772,df0ba7b9-cfac-4424-a21f-8a202c8260e0,2025-01-27 20:24:51,5,8860
53731b57-de22-4527-b4dc-51152a236d6e,Debra Oliver,rrojas@example.org,2024-01-26 12:59:28,23bfe1d0-9712-4059-a119-72f53ee191bf,Headphones,Photography,835,28239bba-31ce-4524-b70b-c26352399f64,2024-03-13 11:34:03,4,3340
8b165d9d-dcc0-40e8-9454-bfe85380aac0,Stephanie Gray,kimberly39@example.com,2024-10-23 15:21:50,a3c48545-0187-454f-b1ca-39d6c1607595,Scanner,Electronics,505,025e26ad-e65f-4c5f-be3c-8823930d7f03,2025-02-03 06:22:53,1,505
8dcfd90e-a966-4ad9-816b-adad79a11788,Crystal Gonzalez,cjohnson@example.net,2023-10-23 14:44:27,aa5c8f18-fafd-4703-82e6-d8b9923f60f6,USB Flash Drive,Networking,536,7084ae5c-0cf2-4870-a686-902a185e66c4,2024-05-02 14:57:54,1,536
cfc95fe4-ea3b-480a-84a1-74aa22ff71f1,Amy Hensley,cindy48@example.net,2024-05-17 14:28:06,4bc416a7-394c-4df4-af51-d6a810189663,Smartphone,Networking,1255,2b5bb847-ab5d-460c-8237-4546acb2b377,2024-09-17 10:00:02,1,1255
7745fa7a-bb24-47b9-b16b-8d14b1627f8f,Amanda Watts,valeriepage@example.net,2020-03-06 20:34:36,86ac0c10-5043-4c1c-adc8-c0845d55d004,VR Headset,PC Components,773,cd9d8a77-cdcb-47cb-b653-5af5ab5a952b,2021-08-10 08:02:23,4,3092
437bd9c4-4ab6-4f75-bb62-b2feb76eb7d2,Brandon Owens,campbelldavid@example.com,2021-04-27 20:48:16,0c42fb7d-6899-4930-baa8-fd9c3ba54d8d,SSD,Accessories,1575,14c65cab-c5ac-4c7d-b2fa-f3d94a904194,2024-01-14 22:19:38,5,7875
b6430ea9-cb25-4a5e-8a0f-f0080e66161d,Jennifer Obrien,taylormichael@example.org,2020-09-12 07:22:04,69fe0218-9dd3-42bc-a2b8-c21d215a6ec8,Monitor,Electronics,136,29a4d7ba-c08f-4259-a94d-3aba7c2e9de8,2024-01-13 21:06:04,4,544
bf2108ba-021d-46fd-adf1-0414bce8fad4,Sarah Acosta,wgutierrez@example.com,2021-04-17 18:41:32,a92bc455-dccf-434b-8c50-0c19f0429a54,Mouse,Gaming,1853,deb239b3-1838-4591-85c6-38950d439b51,2022-08-12 10:52:52,3,5559
29e79053-e889-4077-8bad-cff27fd4abc9,Danielle Logan,umartinez@example.com,2020-08-17 14:50:08,57b8a46c-9611-4a1d-8915-39f1b2af67c3,Bluetooth Speaker,Networking,831,7232f44a-86f7-49e8-b8b9-8aef2a3b1e62,2024-01-09 17:25:03,2,1662
2fec4c93-da2e-4ae8-9baf-35af097d6a4f,Douglas Franklin,donnamoore@example.org,2024-11-28 13:07:15,b3f093d9-8f88-479a-9070-11ebbad50c64,Smartwatch,Accessories,547,71e8a298-7483-4399-b76e-ca7b8c5a3d84,2025-02-17 16:52:32,4,2188
3c2bde25-b582-407c-925f-17d85ba81a8b,Karen Anderson,harmonmarc@example.org,2023-08-02 23:01:43,2dd1c91f-b7f9-450b-a871-35e81aeb550d,Power Supply,Accessories,781,1e31b2eb-017e-4d4d-b348-98aa23b038b9,2024-11-16 07:48:47,2,1562
2b17d160-a3a0-4342-87d1-1f8de6ee9369,Sean Guerra,zbarnes@example.com,2021-04-18 04:35:12,cfcf8091-52a8-4a77-a96d-1c563955e397,Power Supply,Photography,569,642b4f56-909c-4a65-85ec-861df6cfd989,2021-09-24 01:41:02,5,2845
3041afd5-4543-4e60-adb2-5df69eb8f61a,Katie Kerr,fordalexandra@example.org,2022-10-25 17:34:52,0f4af312-346f-4a6f-ab2f-09d852208bac,Modem,Photography,662,f5fa25fd-2da0-4f4e-b628-e527b78df59a,2023-02-12 18:43:03,2,1324
7810ecdd-8dfe-4bea-a032-bf24225e5122,David Jacobs,jenniferlee@example.org,2021-06-04 16:19:21,8165c325-ec75-48b2-9348-0056c3e89c4c,Power Supply,Computers,694,52a67eb3-41b5-4091-b9ec-df572140e97c,2024-01-16 08:05:56,4,2776
03d4b67b-c4eb-4ba3-a723-dc05906a9d1d,Michael Johnson,andrewbarnes@example.net,2024-12-21 13:25:06,4ad1673c-07df-48c9-b2c8-73978635eb74,Camera,Photography,406,e9c7b51d-b904-43cc-9a0b-391066131fc0,2025-01-07 22:09:20,5,2030
a4ec57e5-e2ca-46c0-aeb0-213db2f7b1e9,Jorge Richards,daniel32@example.org,2023-12-09 06:46:34,f7558de5-664e-4249-82a5-27e14c63cef7,Smartphone,Peripherals,938,8707bee0-e272-454b-9c34-b7905ceaec30,2025-01-31 04:15:17,3,2814
0063f017-faf0-4d39-b207-85c3dd7354eb,Travis Haley,judith51@example.org,2022-02-24 12:12:44,0c92ce0f-b7ef-4ad4-a277-f7120969d31f,Mouse,Wearables,1514,e5bc8d0d-99eb-47d6-85b9-9c359917a72e,2022-06-26 09:04:39,5,7570
398e5103-ab10-4fca-a725-c6a18f1c95a6,Pamela Rice,cody46@example.org,2020-11-09 12:49:45,868165ba-ae77-4a21-82d6-b5a95436c8aa,Tablet,Computers,1927,0a542068-7317-40e5-ad5b-455c59fc232f,2021-11-10 21:52:20,1,1927
80aca37f-9405-4ee3-a24e-cb1a3730a76a,Mary Johnson,susanhampton@example.org,2021-05-17 20:21:22,ea92b8aa-d5f4-4fa2-b935-eda6563f0b98,RAM,Wearables,1631,30901ed3-6bb9-4684-91f1-d3fb2e93e5b8,2022-11-26 23:35:42,1,1631
8e817422-de55-4be8-9c12-0939cabc9e4e,Brianna Bradley,mitchellkaren@example.net,2020-06-15 13:22:06,d73f5912-b934-4b79-9a0d-f8c9323ee9f4,USB Flash Drive,Computers,1728,0c6c6552-e1ce-48df-a691-6bdc9e1c5a58,2021-07-10 11:57:43,2,3456
58ab48bb-0d7f-4f78-9ed6-4f81a3ebd948,Heidi Conner,stoneeric@example.com,2024-08-30 21:51:45,cf517f89-4345-49fe-b70b-0c6f151e202a,Router,Audio,1894,4c14dc38-8c35-47f9-9770-88b88c7de05c,2024-09-28 14:22:10,5,9470
15935c01-3baf-448f-ad9a-3903752d6905,Susan Stokes,privers@example.com,2020-04-27 06:07:04,37cef228-0e36-4a19-b76e-1ee4c1de5904,VR Headset,Accessories,1522,0dabf0bb-b72f-4790-b430-de4d27508317,2022-05-31 21:33:46,2,3044
2eaca59d-22b0-4d8c-992f-d7267d408250,William Reid,jennymiller@example.org,2020-12-21 21:12:27,7ee578de-bfc0-468c-a0fe-3d2decb10543,Monitor,Computers,1668,6600103b-bb7b-4af1-9d64-1b6c9f6f3cbd,2022-08-16 10:24:48,4,6672
9f384270-a68b-4d55-83b5-d1fed141e83e,Angel Turner,harrishannah@example.com,2023-12-18 19:34:47,bce4d9dd-8fc9-44ab-b816-c46f2881c666,Smartphone,Networking,1568,17ddb938-e143-4e4a-bdea-9052d9af3bab,2025-01-27 18:25:42,1,1568
365f7166-28b7-4f22-8ac6-e35d2596b8a6,Mark Ray,ahouse@example.net,2021-03-05 01:43:10,81e7ec70-ecc6-45e6-86db-375533812f9a,Printer,Gaming,1496,8814b8d0-3ffd-451c-88cb-13425d4ca61d,2023-12-12 06:54:18,2,2992
2982fa74-514b-4b77-a449-43018c24b9ad,Breanna Wallace,ksmith@example.com,2021-02-02 12:09:56,0a03e33a-1a23-4b62-9e72-ca976e5bbf76,Headphones,Photography,1833,4ba023c2-ed41-42f8-8256-c2063716d215,2024-09-22 19:39:36,1,1833
8ea198dd-5873-4086-83d0-d19cf8e2f44c,Douglas Baker,smithshawn@example.net,2022-11-16 13:35:28,6bb6111b-f859-4fda-85a8-71552f645b06,Mouse,Computers,1297,04646fe2-4a00-4656-a7e4-42c6f126436a,2025-01-14 08:47:17,4,5188
e832f707-5abf-449c-862f-bbf43e71f5ec,Mary Taylor,zacharyray@example.org,2021-03-22 06:40:05,514d8876-422b-48a2-ab9b-059c98e2bee3,RAM,Computers,328,7dcf5abc-4681-406a-9135-f414aaf6c1a0,2022-09-06 21:19:02,1,328
3f52991f-6923-417e-89d7-f0167b091a7d,Amanda Caldwell,cynthia21@example.com,2022-04-20 14:08:19,1e7fb73e-4e04-47c7-a159-1872ab4911cf,Mouse,Networking,1941,53584b66-12a0-41cf-9b8f-000676855177,2022-07-06 05:45:20,4,7764
315d575b-d2a2-4dad-bfb8-00a885e604da,Blake Reynolds,parkerrichard@example.org,2023-08-20 02:43:47,5fef5d6c-7ce3-4e71-9179-02384945ecc6,Smartwatch,Accessories,1725,65e9db8b-3303-4392-82ab-90c0b0e7b3f9,2023-09-10 11:46:47,1,1725
6166dc54-a0a1-4944-92ab-7a24d889de90,Nancy Adams,martinezalyssa@example.org,2021-11-27 03:12:31,fb85535a-9110-42a1-8c6a-55fce9383428,Headphones,Wearables,1800,c7a3b325-1c09-4e9f-9835-2845a2f0b976,2024-08-15 03:50:28,3,5400
ec031c58-18b4-4456-8e66-2c5cfc6f6863,Christine Taylor,alexanderanderson@example.net,2024-05-24 09:29:41,500f7982-e771-4360-8389-8b23255f0e47,Fitness Tracker,Peripherals,1787,a85056f6-cd38-488b-9080-4faa298d6025,2024-08-27 21:44:11,2,3574
dc3ec570-da07-49c4-8b97-25f25e6cd272,Thomas Potter,erikacurtis@example.org,2021-04-17 08:50:28,780582c9-a962-487c-81fd-bf978fec9167,Camera,Networking,1362,9e12b1b8-a431-4dca-9f7a-3016871a3305,2022-04-28 09:04:10,3,4086
ab34e00d-57dc-4f86-8877-48684238ae62,Joshua Evans,tinachavez@example.net,2023-08-18 03:28:15,4c1e5214-51f6-45aa-aaf0-3c8733b759a1,Smartwatch,Gaming,1880,8651f944-9719-4be4-bbbe-4f528036b42a,2024-11-26 12:28:37,5,9400
d39e3add-28eb-4715-82fe-9647bb160bf6,Leslie Long,tina33@example.org,2021-02-05 22:00:11,9b7a17c9-77b5-4317-8679-21686ecb5e82,Motherboard,PC Components,1305,61d898cf-5d67-4ec8-adda-842b5786ec01,2021-03-13 09:28:49,3,3915
96a40b8e-d037-454c-90dc-b1b4c2639ece,Rachel Berry,alyssa37@example.net,2021-07-11 02:41:59,eb38f083-6e4e-4de6-ac72-bc240b2d9287,Charger,Peripherals,994,f60f7f69-e13b-45ec-b59f-b5de25487bc7,2022-12-05 07:16:03,3,2982
d6050afe-e6dc-4d3d-a4a6-5b46ec5926cf,Christopher Sutton,wbrown@example.net,2021-02-18 21:03:54,fbe94d75-3e59-402d-a15b-a251ab5a0810,Headphones,Networking,383,e9d470fa-7eee-4fff-be4d-f93d92495bb9,2024-11-09 01:46:51,3,1149
8535c1e5-a5c8-4876-a839-dd4b8f656658,Christina Ware,idavis@example.net,2020-05-28 03:02:14,3a2d280e-9b6e-4f0e-87a2-66fb0eb35b34,Smartwatch,Gaming,789,f6201d05-4e8c-4fb0-b9a2-712970246415,2021-12-08 12:57:30,1,789
49420da1-87da-4582-96cd-1bf1b5e0a2cd,Melissa Smith,froberson@example.com,2023-03-04 11:00:27,ab3a6c05-3f68-41b8-9c42-83e46de2589d,Smartwatch,Audio,1921,b286a4ff-da85-4d65-8186-2c26a6502950,2024-08-07 15:12:13,1,1921
23fd9170-f0e9-450d-a9f0-a683a0265c58,Mitchell Nunez,bowmanstephanie@example.org,2023-12-03 10:34:08,83138d41-1239-4ef9-bf95-3f7cdf23ef8c,Printer,Electronics,29,829e5252-378b-4df3-ba43-4e7ec15e7cbc,2024-10-18 23:01:00,1,29
ebf4c613-06ba-46d4-9c97-c9e229342eeb,Jane Gardner,taylormatthew@example.com,2023-09-10 16:47:35,9f9c14a1-35cb-458f-87e5-6b0ab1c30fdc,External Hard Drive,Peripherals,1074,55eaf5c9-3689-48b4-950c-831815f95ff6,2024-04-01 01:09:32,4,4296
b9116e08-c439-486b-a276-823b2d5846a1,Sheila Flores,stevensonshawn@example.com,2020-07-11 10:24:02,da8d3a24-60b7-42ef-a45a-1e2156f34119,Power Supply,Wearables,222,6f737e08-e751-4a72-9a9c-f81a6c9ef27d,2021-09-10 03:02:30,5,1110
afbb1208-ae81-4adf-a49d-a71a62396031,Samuel Hess MD,kristinrandolph@example.net,2023-05-25 17:07:58,d89146da-7a51-486c-8386-252975f69dd6,VR Headset,Wearables,718,d59562be-1571-4aac-9820-455bc992d94e,2023-08-24 07:36:16,4,2872
6a4ef0ae-1e8e-40fe-9146-951ad601e933,Carlos Butler,nicholas66@example.net,2024-02-29 06:10:38,e1b7ae81-ad4c-4e95-85fa-2c0c5e357b70,Gaming Console,Accessories,42,3047eafa-9de1-4fc5-9653-2b3fb4fc5a3c,2024-12-01 14:39:23,5,210
ec0f5add-c1df-44d5-8a4d-9aad7e9aea15,Angela Christensen,melissagonzalez@example.com,2024-07-10 17:10:39,6a4fdb5a-87e9-47e4-a20c-28e19798996b,Power Supply,Electronics,280,0591244b-4b36-480f-8bbc-bda5255999f9,2025-02-01 17:12:04,4,1120
be955c54-ac61-4598-8bdb-7fed77e7edf6,Katherine Lucero,ulester@example.com,2023-08-02 08:52:13,9524f17e-d736-470f-96c8-301e310fc5b5,Fitness Tracker,Gaming,334,692e90d4-325e-42f3-beb6-f7eb55ac65e7,2024-03-03 21:15:19,1,334
4bc9d90e-8863-4d1d-a900-33473b9c6f53,Kimberly Smith,carlos64@example.net,2023-04-15 17:16:47,7d80012f-bf93-4b19-a533-5cb34e4f0a97,Fitness Tracker,Accessories,1313,0d3a49c9-428f-4981-9114-058e24bb71fc,2024-07-17 22:03:39,1,1313
5f7d627c-7682-4b2f-9a69-bc13d03cf3f3,Peggy Bryant,stephanie75@example.com,2022-04-28 10:13:01,860a422b-0e1b-47dd-aeb9-4c44c2e57c68,Fitness Tracker,Photography,1380,0615f6bd-069a-4063-ac76-55dce7e97c6c,2024-04-23 13:35:55,3,4140
022c6b56-78f0-40cb-9273-0148b2bb098e,Mary Watson,tanderson@example.org,2022-04-04 11:39:20,f7b3a934-2355-47f6-8770-75e39da14faa,Smartwatch,PC Components,951,21046d6f-1abd-4dbb-9fac-e0982cc5249a,2022-05-06 12:07:38,2,1902
6790615a-f9cc-45ff-8bd6-f3b0a3871b13,Kari Watson,schultzjason@example.com,2023-04-26 17:34:33,f24babd7-c3e2-4942-8ff8-487f12643227,Keyboard,Peripherals,1693,8b625dbf-8e80-4034-bc7f-47a4012de6f1,2024-03-03 14:24:37,2,3386
729e1db5-9f4b-4f3b-88dc-fca59cc0a786,Alexis Fox,sandra51@example.org,2024-11-22 07:59:58,a0000f76-2ded-4db5-b977-fd0e831fdac4,Graphics Card,Accessories,1415,52d900bd-efea-470d-9dec-8bb8a593a537,2025-01-20 05:39:50,1,1415
c1ac1b6a-485f-4c87-96b9-39b034d4d6d9,Robert Walker,smithchristopher@example.org,2021-03-25 16:29:05,1e018691-d1d8-4982-911b-774814df95f8,External Hard Drive,Peripherals,291,9a39cf57-5a12-4eed-802f-f61b691a27bc,2022-01-12 01:25:17,5,1455
ac5216af-adf3-49e2-bd5a-9545c90122a2,Robert Watson,rebecca28@example.org,2023-01-10 02:33:34,0642171f-b22d-4296-bda4-8059f2ad0157,Headphones,Networking,2000,e91761a8-1903-40d1-934e-c5898ae020d2,2023-03-12 19:55:45,3,6000
c693e514-eff1-48e6-a822-4ada18ef5a4d,Trevor Moody,dtran@example.com,2024-10-07 17:47:14,312555f8-8416-4e01-919b-1c1cac32f79e,Bluetooth Speaker,Peripherals,403,fb998731-64a0-43c7-ab35-ae4b5f1fde31,2025-02-24 01:35:54,1,403
06da4376-5d18-42d4-bce9-5839ac29ef61,Anita Barr,jonathan43@example.com,2023-11-02 00:52:22,af58daa7-d8df-4a2d-b8d0-ff130c94b5f8,Monitor,Wearables,1911,f8ef5033-0dba-471f-8b6f-b98aecbee315,2023-12-13 21:19:03,5,9555
9ad2a3f0-0bf6-481b-988c-78b0d3aa4290,Richard Cooley,james83@example.net,2022-03-16 08:41:54,5ec0e697-8c69-48ab-aabb-df9678e8a58b,Fitness Tracker,Gaming,104,852d3128-171e-448b-9910-42e9ed978454,2024-02-21 20:25:43,5,520
5eca3fce-1bcf-4984-a63e-9ac9e56b7ca7,Darryl Cummings,btodd@example.org,2021-01-09 11:17:21,2bbb8cee-009e-414f-8853-477eb8b699bb,Network Switch,Audio,1470,b0467371-797f-4bc8-8baf-92c32a59ea68,2022-01-17 13:59:00,5,7350
8601a986-f51a-4cc2-9e49-6bdef6d3f34b,Tara Riggs,betty53@example.org,2022-08-30 17:24:58,e46b23cb-305f-4770-835b-a283b134b38c,Gaming Console,Networking,188,301be221-8828-4672-ae15-bc9ff014a311,2023-10-08 13:54:44,2,376
f8dc28c3-6a7a-4923-a2bc-533839658491,Michael Hubbard,laurenbarnes@example.net,2021-09-21 17:08:00,2c108904-4db0-4823-b775-84d24315d695,Computer Case,Computers,1344,89a50300-3176-4b14-bec0-4ea06da1262f,2025-01-10 08:25:04,1,1344
029f7a92-2479-4321-b416-d850ccde9ade,Kent White,jmcdonald@example.org,2020-03-31 14:18:18,7eb9acc5-5a1f-46f9-884c-5cea45211880,Graphics Card,Electronics,66,013f42b0-f589-493b-be44-781cf12fca0a,2023-05-16 20:04:54,5,330
94cd9e2d-88e0-425c-b2f9-9dfaa9dc1cfd,Lauren Nichols,brandonbailey@example.com,2021-05-23 16:30:40,7cf02b0c-aee6-478d-b7b7-7979cd0e3ea6,RAM,Audio,342,ad98ff7f-e7ff-40fd-a9c3-4ef1a79d6522,2021-07-25 21:14:32,1,342
fba99c2a-6e92-4f76-b39e-0d542fd30f88,David Jennings,megan68@example.org,2023-01-17 03:43:18,1e107347-0814-43dc-a668-a580c5dd8555,Modem,Computers,539,ded5d0a7-39e8-4ebd-b30d-714da2445c86,2023-10-06 01:19:22,1,539
2978a6d1-ba2d-4ca4-9b05-c841d4a69021,Steven Davis,turnerjacob@example.net,2024-09-26 16:34:56,ae41d0d1-02bb-4161-acc0-12cd6cb6241c,Webcam,Peripherals,255,540dacc3-c1e2-44cb-a54b-00f6e9974712,2024-09-27 11:07:13,2,510
dede337a-6dab-4378-9cd6-1a50531e8d8e,Linda Campbell,douglasjohnson@example.net,2021-09-26 19:52:14,9b12e0f8-16ee-4376-b1e2-725665c337b4,Power Supply,PC Components,1714,74fab80b-d688-4443-9e44-59f29e7aeee6,2023-04-17 15:21:41,5,8570
8861cd8b-44aa-4009-ac3d-892077f69ede,James Alvarado,richardkim@example.com,2024-09-09 03:30:24,49816ead-1732-4e6f-893d-81b318c82fff,RAM,Wearables,311,575079dc-321c-4d47-bf2c-03dd486e1365,2025-02-08 18:16:41,2,622
66c18428-4f8e-4d45-a67a-e5cc6588d865,Kerry Martin,wrightgarrett@example.com,2021-07-14 05:53:16,3bc59e1b-8f23-4cf4-bf3e-a00fe2f15b4d,Microphone,Gaming,1818,b41caefd-1af4-4509-8032-b83362b9cad0,2021-10-06 17:33:51,4,7272
3c3d04ad-d578-482d-89bc-a84259b72dfb,Larry Green,xburnett@example.org,2024-10-06 06:35:45,c22a135f-f6d0-4a22-b6ee-74b8861356d9,Camera,Audio,1722,73d4e05b-ab5c-4f7f-8c35-e08eca83d19a,2024-10-24 14:47:48,2,3444
0e93f6b9-c95e-4027-b333-95a223846e74,Natasha Jones,bradley35@example.org,2022-04-07 17:12:34,46828e12-680d-4dc7-9b51-f5e5c83119e0,CPU,Networking,320,3d4516e7-0389-410a-aaa8-a8430cf0df6c,2023-04-21 17:14:50,1,320
9854822a-0927-4c24-a1a5-5718c1434648,Rhonda Patterson,bryanalexander@example.net,2021-07-18 09:21:29,a39b9d34-c6ce-4bd9-a4e9-b406608508d8,Headphones,Wearables,58,a2700395-361b-4834-b271-2a4fb5c23dc6,2023-01-07 03:50:25,3,174
d2645103-6afa-4dec-8f5f-af7556933c6c,Colin Atkinson,juliemartin@example.com,2021-04-01 05:40:08,f028c201-62c8-4aca-a6c1-8747fc13f7cb,Headphones,Wearables,1548,446c9099-bac5-4a66-a37e-3d44053e4b1a,2023-09-14 22:45:42,1,1548
d580779e-3c75-4dcc-8e2f-49e587badbd9,Dwayne Dawson,gwilliams@example.com,2023-03-21 15:25:45,219356b1-715a-4dc8-a8e2-663461595108,Scanner,Audio,489,124618e3-cb7d-4a85-90c9-6ca30b5d5407,2023-07-12 17:35:19,1,489
95bead88-7446-457b-bde7-0d812efad7a0,Scott Nguyen,angelagray@example.net,2024-01-10 21:55:07,1666bcf2-0acf-4a03-b720-472a29fb89ce,Router,Networking,1475,9c3beb32-b2de-44a5-b210-a59fe8f39a8e,2024-08-19 11:13:45,5,7375
69ee65f2-58bc-4ac0-95b9-a4cdf3238f5e,Jennifer Jackson MD,millersherry@example.com,2022-04-04 19:23:40,30d2cdf1-49f4-48b5-932e-d2d84c8e3204,RAM,Accessories,1584,3f74559e-83ef-4761-b7ae-95110f8e2347,2023-11-30 20:46:44,1,1584
6adaf707-2720-4a07-a761-73f2ed6f5e9f,Douglas Jones,jonathon90@example.com,2021-12-10 14:35:57,98da97f9-a2c1-4af9-945e-c408e1d9344b,USB Flash Drive,Wearables,776,7caf1c65-c81e-4fd8-90db-916225581287,2023-08-12 16:50:23,1,776
cd61a87a-957d-4406-92db-10a76accb2b9,Raymond Le,lisa69@example.net,2023-12-27 21:24:10,cd2bf5b5-7c82-4529-9fac-96368fbeac62,Computer Case,PC Components,1551,aa128fcc-32a7-4bfe-bb22-4fe4eec081bb,2024-08-07 11:26:56,2,3102
0b089472-1b8d-4f01-8480-2d63a104bf34,Kimberly Ramirez,randallmcdowell@example.org,2024-12-16 10:09:13,90d5f14d-93fe-41db-81e9-7b39510a070e,CPU,Networking,480,fada4b85-2528-4ed4-ab71-d4cdad9e16ea,2025-01-13 10:12:55,4,1920
c0c30ac9-0335-4292-8411-f033ec03c99d,Ryan Ross,gwendolynbell@example.net,2023-12-21 07:45:53,afd57d62-74c5-42e7-bce6-fb65e4968c91,Modem,Accessories,1764,61ce2791-df21-49f3-8663-f3eb4be2bd8f,2023-12-23 00:11:13,2,3528
288c88a5-d2e2-4930-a6b7-c8c54dfb9f5d,Richard Lyons,daniel65@example.org,2023-04-18 18:15:53,d3de8a70-4e7a-4a3f-b4ab-1581277e716d,Graphics Card,Wearables,46,24ad70b0-0a72-4d91-9769-d34cda40ce4d,2023-11-09 16:38:17,3,138
c390d905-0314-4631-b797-cf8d097a6fe2,Christine Savage,stonericky@example.com,2021-04-05 16:54:59,6e11208d-92ca-4ee5-90d5-6aedbadac2be,USB Flash Drive,PC Components,402,7f4d0eeb-94f1-4c02-8bfb-7aaec482efaa,2024-12-06 21:44:38,1,402
cc77049e-2582-4c23-ab5e-223f20db7b7f,James Bass,rasmussenmartha@example.com,2023-03-11 21:49:54,b896ccd6-e43b-4d26-a3eb-d747085cf242,External Hard Drive,Peripherals,1847,5b90c7cd-2782-4bfc-81de-9b3cc39e690a,2025-02-25 20:38:15,4,7388
f0a19ca9-b397-4f87-8773-d07ae62bed19,Christopher Sullivan,isimmons@example.net,2021-03-19 01:36:36,fe676f26-bf36-4e4d-9df7-a77dbd75ddae,Gaming Console,Electronics,1588,a2f0c8fa-4d30-43a5-8782-7829a97427da,2022-02-08 10:01:04,4,6352
600b4863-25df-43b8-a4cb-d35453a98d3d,Peter Wang,sandyjennings@example.org,2022-09-29 18:59:58,66f1ff02-79c8-4c36-8784-12bf75c011a2,Graphics Card,Accessories,123,49ba73d5-fcc6-43cc-82bc-a1e3ff40c283,2025-01-27 19:52:52,5,615
a17773ac-45f2-4365-8eff-c80a2fb42dc3,Frank Palmer,duncanjennifer@example.com,2020-07-28 11:26:08,48e9fc57-da81-4cd6-8460-20d9180e7402,Modem,Computers,781,8e02bb44-03b9-454b-b405-6e8ea623a937,2023-06-26 06:10:20,3,2343
c896b685-ec29-48c9-be2b-bcc962e30fbe,Danielle Thompson,matthewbrewer@example.com,2020-08-06 16:11:57,d790ca42-54d5-4a8f-90e9-136a73697c94,Printer,Electronics,790,25c76a52-00a2-4e4b-8998-edbe2b117bb6,2023-04-22 10:13:43,3,2370
ef8b9864-5bc0-4d1b-a641-96cf20562c3c,Charles Johnson,tallen@example.net,2022-12-30 15:25:34,abf49c97-19aa-4f48-bc46-1971c74c88fe,Smartphone,Peripherals,1839,6f440e4f-6285-49dd-a1c5-31cc1027fe62,2023-01-15 04:58:15,3,5517
df93c3b6-5d20-4808-ab65-02c0e2f98cd7,Summer Collins,valerie49@example.net,2025-01-12 16:01:23,c6fa1c0a-a556-41b0-82cf-43412fbde02e,Motherboard,Photography,597,5498d827-0789-46a1-9a81-830134c937ee,2025-01-12 20:18:45,5,2985
7223847e-0899-4883-8c38-6bbb060a17fb,Marcus Williams,xvillegas@example.com,2020-11-05 16:44:19,23ee0dd9-2221-47d0-8b49-85669463de42,Power Supply,Photography,1426,bf004df5-64ea-452f-a60f-9477c8de22ce,2023-01-25 11:20:08,1,1426
548cb162-4878-49e3-a661-fe63b7a273a9,Sheena French,garciasheri@example.com,2020-10-27 10:47:51,ff95705c-f1eb-4c2f-a9da-024aede82b51,Motherboard,Accessories,1306,cf0c1989-2634-4a2e-bd22-38b1d2a6471e,2022-02-22 20:22:04,1,1306
a9b80b38-5ae9-4348-9e95-5c3a0aefc51a,Daniel Cooper,qbutler@example.org,2024-12-16 05:09:06,8494c5e8-67d1-4437-ab0a-424c134ccbd4,Fitness Tracker,Accessories,103,a552974e-493d-4697-abed-84bad256d290,2024-12-31 22:37:18,5,515
2954bfda-a517-4661-ac4d-65913de8cb32,Justin Smith,christopher76@example.com,2021-07-22 22:19:53,3a963b78-75b5-420c-b36a-e801c42f9d0c,Fitness Tracker,Computers,655,d5359c6d-73a2-467f-bc5c-69aa7ef1cbd2,2024-10-05 01:17:23,2,1310
3e2d2e85-b0bc-45e4-862c-7588b45a3c69,Connie Carpenter,williamdawson@example.com,2022-09-11 16:35:41,d4734b3d-fa54-4256-a54f-89360de9d0c3,Bluetooth Speaker,Wearables,1317,ee49e80a-e203-4fa4-95e4-5dc98ad0e6b8,2023-05-11 18:10:20,1,1317
a2910d83-fb99-4d65-a05f-11b2a019976e,Karen Hughes,cynthiachristensen@example.org,2022-08-08 05:07:04,dfbfb3ea-929c-407a-994e-dc7670e66165,Smartphone,Accessories,725,8b27847b-9f34-4915-848a-fb1e46130df7,2023-06-16 13:46:13,2,1450
ca6ca636-b21c-411b-b31f-b6931e1faea3,Samuel Silva,amandasanders@example.net,2021-02-03 08:42:45,5353e578-0ccc-46e1-a825-a196ece171cb,Network Switch,Gaming,795,0e4d158c-87a8-4e9c-b8fa-59eb879dfd29,2022-05-02 07:07:26,5,3975
e8a93cd9-b2f7-46b7-bea8-f67988fa1ca1,Brian Johnson,michelleperez@example.net,2024-12-08 01:37:38,eee8b632-2484-4cb8-9b8d-f3111e7c2a26,Printer,Gaming,1565,6de689f8-d579-4194-ab47-90bdf6a71516,2025-01-27 05:31:52,5,7825
edf0f773-8130-4aaa-ad05-a32e23d16caf,Benjamin Smith,dnorman@example.org,2023-04-11 06:24:22,c3ff200e-0877-4b33-a36d-eb380757e39e,External Hard Drive,Gaming,1701,bdc77d37-d787-4a72-82d0-40199b1d4f90,2024-06-07 16:21:44,2,3402
3fbd5a04-a647-4fb1-993a-9ce6b5eea43d,Sheila Thompson,thayes@example.net,2022-05-31 11:43:30,04ce7466-864f-421a-98d6-0d7d6bae75ba,Tripod,PC Components,588,1ca9558d-81fd-4e68-8acc-2525c15e3bbb,2022-07-12 19:12:26,5,2940
dda59714-6891-4572-8225-d9f8618a83f3,Erik Bauer,hperez@example.net,2024-11-12 04:29:22,44cd95e9-ddd0-4777-99c9-667115980feb,Graphics Card,Wearables,506,c1b46027-d619-4116-8ac6-65cc64f2e17d,2024-11-29 07:26:23,4,2024
4380cf5f-839a-4e8f-8910-907b5f5a6cdf,Andrew Jones,daniel13@example.org,2024-04-06 13:34:04,c662ff04-cd86-41fa-9863-de419c43b893,Camera,Photography,21,6f41fd0a-a39b-4a2f-b1cb-f9d70dd14b03,2025-01-27 08:31:17,4,84
e4ca81d9-2ec6-496d-8ef2-6dfe6ccec375,John Harris,bscott@example.net,2022-05-21 18:48:54,7328f7f4-6147-4f27-98f1-e57897f13cb1,Computer Case,Audio,117,aea6f0a1-b19f-4c23-bb79-d56a57f24a05,2022-08-26 16:22:00,4,468
62478fa0-90af-484e-bc6d-a5385d3b643c,Brittany Weeks,pwalker@example.com,2024-05-31 08:48:06,b52a332c-9d34-4961-8bdc-90b13ae78d70,SSD,Accessories,970,2b70b554-6961-4d03-bfa5-bfb2f2fe5bf5,2025-01-06 12:51:30,3,2910
efdf8e45-9530-40c2-9edb-c288ffe8c4ef,Destiny Robinson,stewartwillie@example.net,2024-06-18 07:18:34,c4c2ae1f-2f7f-4a48-95c2-ec1d51b8bf68,Laptop,Gaming,1584,5394c8c5-9f61-4cd2-a815-e79cdc0f1334,2024-08-12 03:02:48,1,1584
f77197ea-f614-4c46-bb87-9862c9ea9d7d,Jeffrey Tucker,james30@example.com,2024-01-27 03:57:25,ee8218d9-8d93-473b-bbf8-bf49ae90146e,Drone,Audio,934,16dcf003-6694-46b6-a149-7737e1ee5e19,2024-08-28 05:36:06,1,934
82bac02c-aa93-4abd-bd16-7d02f7b903bd,Brittany Morgan,jordanthomas@example.com,2023-11-28 18:21:43,5c68efe0-c406-48e2-a203-7c6533da36c8,Fitness Tracker,Photography,593,726fd4b0-8019-48a6-88ba-47b06bba01a4,2024-06-19 21:59:45,3,1779
3920cd6c-a57c-40e1-ad6e-82610034d6cb,Ann Taylor DVM,smithdesiree@example.net,2021-08-29 03:08:14,c942db77-e3af-46d4-ba61-c76f5547f003,Power Supply,Networking,1166,23451742-aa0e-40d8-a113-e729f4db0313,2022-11-03 03:47:20,4,4664
93f17515-26ac-447b-91be-08135f93b4b1,Amber Herrera,butlerangela@example.net,2023-03-21 15:49:33,f395dcfa-bc35-435c-92cf-0e1383ae52cf,Bluetooth Speaker,Electronics,576,afc64414-dd9a-4378-b5c3-bfbf10a5913b,2024-04-10 09:14:34,1,576
0c883d49-6afa-44c0-8436-1eae2fb1e83c,Jessica Knapp,psmith@example.net,2021-09-22 13:39:25,a29d7a29-62b5-4cec-91f1-7cb279659629,USB Flash Drive,Accessories,1593,cf4a71c1-e175-4632-b51c-652d7bc65193,2023-08-18 22:15:02,2,3186
d10383c9-7131-4357-a0d8-040625795b3d,David Black,williamstasha@example.com,2022-01-15 05:24:41,6eadf6b6-0914-4231-86dd-fd6248e3871d,External Hard Drive,PC Components,1234,b6dde631-3a95-4f93-af8c-69cdb3c1f2b0,2023-06-18 07:59:52,1,1234
b7fce891-6fce-4cd8-9658-d08cffb0218c,Audrey Butler,fitzgeraldtimothy@example.com,2023-05-17 16:06:38,f6df0311-746b-4c2d-b8be-cea232bfb958,Drone,Computers,384,b6b61f67-45fc-41f7-9509-fc0a1e53f204,2023-12-09 10:32:27,1,384
ab0b3176-0afa-4a01-b517-e7b3a812c803,Melinda Campos,julia83@example.net,2024-10-31 00:05:52,5df44044-d7ea-4d92-90fb-f19b75a1f802,Charger,Networking,1234,31de52a2-8e47-4379-8a5a-42b16b248ef3,2024-11-29 22:09:59,2,2468
c7181aab-b42d-4c30-ab17-981d5bfb6b20,Patrick Allen,jonesmichael@example.net,2020-11-17 22:36:59,480f12a0-27f9-4a4e-9866-81bb5d44832f,Smartwatch,Networking,1574,771bdc64-6588-4f9b-b233-2a38b2c98f73,2023-08-29 15:07:35,5,7870
3628e7e0-034a-42e6-a9d7-b120c3f2d72f,Jennifer Campbell,johnsonstephanie@example.com,2021-04-02 20:58:44,e5d19b89-f5a3-4937-81aa-1f87ef632022,Tablet,Accessories,1064,1d66a6ab-db45-4f13-9276-62dde1ae9091,2022-04-01 13:29:40,1,1064
90412e34-30ad-4e4d-b34b-b16daa0393c2,Janice Mcmillan,xjackson@example.com,2025-01-09 07:54:03,f7ae67b3-9b88-4545-81c7-56da5ec5936a,Monitor,Accessories,59,022e8ceb-caa6-4c53-8be1-c56915c9d2df,2025-01-20 06:17:56,5,295
7d15dccb-21f0-4d6b-bf5c-c7a865102195,Donald Hunter,btran@example.org,2021-05-28 03:03:08,50f796fe-8d21-45eb-a968-4cfa3d8ef650,Microphone,Electronics,254,a674291f-ff2e-4aca-9131-b3af17da04c0,2021-08-16 20:58:36,4,1016
f85710a3-e26d-4007-9ed1-4684e20875e8,Lucas Mcdaniel,heather27@example.org,2021-10-23 10:44:30,dcaedf1c-d674-40d2-9445-d3e15f3cd7a6,CPU,Computers,835,929aa7f5-986a-4e93-9c9c-3f11646b002e,2022-04-17 13:02:41,3,2505
7e754198-a8fd-46e1-9c41-a1b401bd0e52,Dana Fields,ayalapamela@example.net,2023-04-15 12:39:54,cfdfbf3a-9d85-4cef-a077-47ddb5023fc0,Charger,Electronics,1490,8ceaa026-2f0d-4991-93e9-6c510c6efd8b,2023-04-27 09:46:32,5,7450
e11a8799-5605-43b7-b116-086e3cc059e8,Stacy Russo,blanchardkevin@example.net,2024-05-02 17:06:48,f190642e-3bdb-4272-804c-0f4a4800445a,Laptop,Accessories,187,dff7b644-a824-40fa-9166-e8fccbaf0e01,2024-05-16 20:09:51,2,374
0bef8c9a-aaad-4d8f-bb36-1e07fe9befb6,Joshua Pearson,tannerjohnson@example.com,2021-02-23 02:04:45,532b3117-6baa-4ef0-a977-a07f37814b48,Keyboard,Accessories,1419,1173ec6a-517a-4edb-967c-ac9e4e7edec1,2024-12-27 17:58:38,3,4257
9b9f772d-5adc-4d90-94ed-08c8959c5034,Gwendolyn Kaiser,amandahall@example.net,2022-08-13 05:38:02,b0731e16-4aa0-4138-afd6-81ba12b9869f,Modem,Gaming,443,295fbf7c-36ca-40d7-9351-4c5ec33caf06,2024-04-13 16:13:23,2,886
cff72742-9b25-44cc-b03a-873de48510d9,Richard Velasquez,knightbenjamin@example.net,2021-05-07 13:59:12,a4ab72f6-24bb-4cca-aa81-aaf42d6afffa,Headphones,Photography,1416,466e0820-02bb-48ba-a9f3-3dbe086b5f0f,2024-06-18 14:34:45,3,4248
606ff48f-48b8-4585-98d7-16855643ad98,Stephanie Rodriguez,gperez@example.net,2021-05-27 22:35:20,4c47ff87-8671-4f80-b161-19820ffd0a79,Smartphone,Computers,524,3840ecd2-7469-4211-b2e3-40c298342826,2023-04-11 04:57:11,2,1048
b9895106-83f5-4bbf-8758-4a3287a28802,Emily Francis,kathleennorris@example.org,2024-02-22 18:50:45,06b88628-8ced-4279-acc8-5ce1545242ba,Camera,Accessories,1245,744034c3-b117-44dc-9136-122e080639f4,2024-07-18 14:13:01,1,1245
ec9342a5-2a13-4263-8024-901df376c88b,William Mckee,mirandamann@example.org,2020-08-21 05:30:13,f12b7d15-01af-42d2-a452-5bb5c4aeeee8,Power Supply,Electronics,146,2b829c8d-f437-4e59-a8a2-4a087b429b1a,2024-01-28 04:04:16,4,584
969d8bf1-a2e9-4021-ac3f-eb9ba51d4a07,Maria Blankenship,parrishkathleen@example.com,2021-08-06 12:00:03,3ed52217-ebbe-4261-a166-58a197f601c3,RAM,PC Components,589,c70971d0-6b11-47b1-b3e3-2fa0386c747d,2024-05-15 19:45:55,2,1178
291ab478-872d-4a33-91d2-75bcfff67019,Sarah Kline,stevensmith@example.net,2023-12-18 10:06:03,cf915069-a146-4e26-b81d-c8bc98375b5d,Microphone,Wearables,136,c27a5dbe-809c-4d55-b91e-8eb17ad48fd5,2024-05-27 18:12:06,5,680
64c2f70b-7f83-48cf-be2b-30e45e1811b5,Cassandra Stevens,ashleemathews@example.net,2023-01-01 21:31:53,88216848-cd48-44a2-a7a2-92aa18dc2374,Motherboard,Computers,762,d15dc6aa-68f8-442a-8f48-9d072070d17c,2023-11-28 08:45:08,1,762
f6f666a9-b2ec-4b56-9119-a481c7ef48f5,Christine Mcconnell,barrettkara@example.com,2023-02-23 20:36:34,5b8d20d0-f80d-4f78-be02-85a44dd54b0d,Mouse,Networking,290,ae60e92b-ec56-4493-b9ff-a73b1903edbc,2023-03-12 21:23:09,2,580
6370cf63-56bd-44f1-bed3-c6266493f1aa,Steven Gonzalez,alexanderanna@example.net,2024-02-14 17:03:53,35326de7-7c6a-46a1-b9a9-5a39ed9a418b,Router,Photography,929,2368d487-f64e-4b11-a1c9-606b2804402c,2024-06-19 10:58:55,4,3716
a91bb5b9-65af-4bb9-8f48-5a8f6fd28e3b,Charlene Turner,glennemily@example.org,2020-05-18 19:02:36,237a015d-194f-4b75-ad0e-24fed72bca09,VR Headset,Computers,1736,8ff1bbd7-35b7-45e9-9947-21bf846b2d0f,2021-04-21 12:25:49,3,5208
f08f5f24-7099-4c81-901a-cfa914334c75,Charles Williams,jasonwoods@example.org,2024-05-21 10:22:28,b60d895f-f552-433e-b98d-5ece54d9f879,VR Headset,Electronics,1758,cc19cadf-701f-4214-81c3-4713e00fbc07,2024-10-12 16:09:50,3,5274
3a743033-ee30-46d0-85a5-18256922c9fc,Charles Bond,hobbsshane@example.com,2024-04-11 08:03:33,b2dd2c33-f96f-4115-b741-31ebd9b9216c,Tablet,Photography,1779,2aecd96c-d77f-4734-a633-6a27477d933d,2024-10-15 20:53:32,2,3558
d899759a-331a-4542-be91-f9bee45ff270,Leah Anderson,jasmineharrison@example.com,2022-06-23 12:00:53,e12e7f97-23bc-4bea-80b1-3c4da5211dae,Camera,PC Components,1978,1efc6041-5332-461c-9630-87f4a611f1da,2024-06-10 19:38:13,1,1978
fc5b5a23-52af-40ea-abf4-a3ae5d5ff1ff,Robert Fisher,reneegarcia@example.org,2020-12-20 08:01:33,00efd561-6ea8-4dee-aade-525b1234ae31,CPU,Gaming,1341,c3accf7b-8887-43b5-88cf-3e97346fcd6b,2023-07-08 08:18:32,1,1341
2817cf41-ca4f-40ca-bcd9-68cd0aa6be1c,Samantha Palmer,velezwilliam@example.com,2020-04-13 18:48:57,f274c753-5512-4be1-94bc-2ddeb0638613,RAM,Networking,747,d27233b9-3c7a-4e37-b55c-cd4fb70b71ae,2023-05-21 03:23:54,5,3735
1c715030-f33c-4d51-99fc-457910fcaa38,Robert Martin,kathleenlambert@example.org,2022-09-17 23:35:32,d41a2878-9ad1-401a-b9f7-e1591ac1f1be,Camera,Audio,1387,e7914f5c-a72e-4145-966b-403f67243147,2023-03-15 23:58:16,1,1387
9c3f142e-5de4-4878-9335-a9880016dda9,Candice Myers,anna95@example.org,2023-03-27 18:55:30,b0552991-24bb-433b-93c3-abf56cf629f2,Router,Electronics,1693,8b9a1b79-b052-4427-ba2e-6d664fab0e5c,2023-12-11 05:12:17,3,5079
ea217796-1928-4dd7-a4af-a47ae3e9ba3a,Lisa Carter,justinharvey@example.org,2022-10-19 06:17:33,f8f7230b-879b-432d-a263-33c19ccc5f0b,Fitness Tracker,Gaming,1869,9af205e5-f2f4-4367-a7cc-ba6046ae8a3d,2024-07-26 05:56:48,3,5607
96e8f412-b504-4eb1-b395-a7273ff31281,Alexander Hall,sherry29@example.net,2024-04-17 06:59:31,e494440b-5dec-4679-8c6e-fe44430a5106,Network Switch,Wearables,1650,341bb923-a021-4d59-b832-9befa09d9447,2024-06-29 16:11:48,3,4950
9e2b80a4-d9e0-4d1f-94f2-6d59e41217a3,Bruce Martinez,william38@example.com,2024-05-16 16:56:35,e9304cc4-2c37-4194-a487-60eacf9cb6d7,Keyboard,PC Components,398,444c337a-082d-4a34-a6eb-0cd85dd41065,2024-09-09 11:54:20,2,796
dae2e31a-023a-415a-aa11-6b9a75c64288,Sheila Campos,xday@example.com,2024-01-26 07:16:44,bff1a62f-0048-4d8e-b8f1-6abfc78df7d5,Drone,PC Components,1629,76480a32-7223-45cc-8f50-14a793557a2f,2024-11-07 09:21:59,4,6516
0bd62521-8b92-4f8f-8242-3cf1ddd7337d,Eddie Shah,nmeyer@example.net,2024-09-14 05:49:06,8e1ad4a1-5465-4e95-89e4-3fc1e5f2b135,Monitor,PC Components,1329,32136068-d833-4bcc-9017-9547fe1719fd,2025-02-13 14:30:19,4,5316
74ed4117-1f7e-47c9-8279-528873b6cf9e,Carl Dalton,amanda67@example.org,2020-07-24 20:19:47,5df99d83-4fed-46f0-a621-99cc8db4e5d2,Drone,Wearables,168,e6781704-bece-4131-96c5-0d74ce050824,2024-09-30 12:19:39,4,672
fdb00597-be2d-4377-bc2c-9daa3bdd2817,Jeffery Snyder,valeriehaynes@example.net,2021-06-12 03:22:43,8070118d-91ca-4a0a-8fa1-50db860157ac,Printer,Audio,631,e00a7d3d-c8f0-48d9-9fee-ecd9d2363d89,2024-03-27 11:56:16,2,1262
debff057-bd44-49aa-83d1-97d6b095be21,Anthony Gilbert,johnstonangela@example.com,2024-11-13 14:51:53,45a6bf25-4a0c-4eb6-8ac2-443effc98283,Keyboard,Audio,813,c5590edf-650e-480d-a20c-b80d1da02679,2025-02-13 19:41:11,1,813
1239aed9-6690-4b91-b8b8-740547692b90,Sarah Bradley,deleondean@example.com,2024-04-22 11:52:09,777b813a-cbdd-449c-ac9a-455c59571c4b,Gaming Console,Computers,1370,42bc235f-b762-43d0-9f15-abbc7d7bd3c1,2024-12-10 18:25:20,3,4110
03833a43-bd50-403b-bdf3-cb5a03ca61be,Dawn Collins,fergusonaaron@example.com,2024-08-01 02:24:49,d46adf78-9989-4392-bb5d-41380e5348e2,Router,Audio,707,310c1fc9-8aad-41e1-824d-b74adf22061c,2024-08-20 08:50:43,4,2828
b7ead39d-8fa5-41f5-87aa-6c8fe9b4c0cf,Lisa Kennedy,tclark@example.com,2022-04-12 20:44:13,d73c9ee9-3f75-4052-be1f-7f5b3c15c3ee,Headphones,Audio,1567,f74c3596-ead7-4b20-ba45-65e87e1b48f7,2023-03-03 02:08:46,5,7835
2dc201ed-7bc7-4987-a57c-a0db2c703605,Brandi Ochoa,jeff99@example.org,2020-10-05 01:59:22,7ad92b87-e642-42b3-b437-427db2da3121,Camera,Photography,385,e4edc890-9e0b-46c9-8562-63e709747480,2024-01-10 23:40:12,5,1925
3b03dd10-071a-4019-a882-e326761c359b,Sarah Miller,tricia47@example.net,2020-10-28 23:58:45,ec86ce71-b930-4917-8115-c6d0f94f026d,Bluetooth Speaker,Networking,292,ddedf84c-9f0c-44ff-bd32-7e04d23e2dc1,2023-12-04 20:45:42,4,1168
97675a59-ceb7-4d23-a968-4758b801bbed,Mary Daniels,jessica58@example.net,2023-03-27 09:22:26,b6235e70-d274-45ab-8e75-07cf51e4f21b,Charger,Peripherals,933,97ffe978-b91b-4378-9ea6-c7c8f13fadb7,2024-07-23 03:30:50,3,2799
45e384ec-ea09-4adf-9220-43996c50319d,Elizabeth Pope,aliciavance@example.net,2023-11-07 08:35:43,9657a6c9-085f-4c6d-9ab1-5f9221ec899e,Microphone,PC Components,759,53075b97-bcc0-40d8-87d0-823836d1a565,2024-05-31 05:28:06,4,3036
e8f31367-00f2-4c30-9620-f24567aaa278,Bradley Holmes,ssullivan@example.net,2022-04-22 06:15:23,80c8fa9e-2e2b-4903-8707-bdcb53fba933,Network Switch,Photography,753,1d64b5b8-7771-495c-a8a7-c2d2d65e7a56,2023-07-13 04:48:42,4,3012
ff1448fd-de76-48a6-95cd-aa3ef625bcd3,Kristi Moran,buchananeric@example.com,2024-01-01 21:09:05,7c229800-415d-4b10-aeae-d2ebeddf5688,Gaming Console,Gaming,57,0a40c94c-8a4f-4854-a88d-d85a5a6ddc3e,2024-08-10 00:11:48,5,285
0a22510d-c231-4875-b937-17a12c51209f,Jason Erickson,davisdiane@example.net,2022-10-09 05:09:24,0fd2e25e-e30a-49c8-9d1b-956427385928,Graphics Card,Audio,1227,940a17a7-3722-45d9-a112-f7e1a0aa8eb8,2025-02-04 08:51:34,2,2454
27369f89-844e-4e05-b3be-4e870f693c6d,Deanna Bennett,cassidygonzalez@example.org,2021-06-09 15:37:01,e9e335ed-375c-49f7-81ea-3f2c6cbe110e,Tripod,Wearables,1830,f70b3154-cf8b-49ee-a7f9-c8ae751bf314,2023-01-08 23:30:16,2,3660
2e06b720-578f-4046-afc9-9e7347ff205e,Bryan Martinez,xschmidt@example.com,2024-06-18 23:03:11,6ad5a3fb-cbb2-45a2-96c4-07ca583636fa,Headphones,Networking,785,a66ee1a7-e844-4cb6-839f-79ef587cd61f,2024-08-05 08:38:14,1,785
c9a70951-fcff-44ed-ae26-460193454b28,William Anderson,zacharymatthews@example.com,2022-09-20 00:43:24,482ace59-efe0-42ee-9f20-5c1d264a2a1e,Router,Networking,1182,39fbeb4f-f7d4-41be-a77d-d52192dac3d8,2023-08-26 22:14:38,4,4728
5cf90df2-f3f2-4ed5-a649-2accf7e96dd6,Dr. Kelly Coleman MD,anthony42@example.net,2023-02-10 02:54:11,dd52545a-102a-44d5-9bd9-3fc62423a7a8,Power Supply,Networking,1450,1a6d43d0-7bc1-4fd5-bda7-49a60a8ca196,2024-04-26 15:00:03,5,7250
0d4b6756-4c2b-4c2a-848e-5678993c0d41,Devin Walters,jsmith@example.com,2021-09-22 03:46:47,8170c5a5-f493-4125-a1f0-774513726b37,Charger,Gaming,1705,7c367eca-f90d-4c0b-95aa-4cd813061dbf,2023-05-14 06:20:59,2,3410
42d3c99e-5061-4174-a74e-8e8099179da6,Thomas Wood PhD,timothyjohnson@example.org,2023-11-03 16:41:08,f8587715-71fb-423f-9e8f-9ee80a4da05c,Printer,Accessories,1325,d780c01a-3da6-4950-ab28-d3f32c3804ac,2024-01-11 12:15:34,4,5300
aefb8c56-c15e-4379-b67c-f9db58e37ebb,Steven Watson,gmaddox@example.net,2021-11-27 10:21:29,52f7a121-646e-47d8-9a3a-e753a94ff00a,Power Supply,Accessories,1990,e4bf1d6f-7f01-4c08-825f-8e88ee9c92a1,2023-08-09 07:40:11,1,1990
ecf2ffa5-93de-4a1d-b5e7-d2d07098d83c,Debra Miller,harrisrebecca@example.com,2023-06-07 05:44:21,522ee96c-cd5b-465c-8556-c0efabaa81a6,Printer,Wearables,367,5573b81b-a2af-42b6-a07d-7dea5302da6a,2024-01-19 11:12:14,1,367
903822d0-adf7-4b22-b4f4-e17a098517b2,Johnny Jones,shaun86@example.org,2024-02-29 02:48:18,249b09b2-0f40-4ef0-aa54-571e7c7b5e94,Computer Case,Wearables,596,8c2c0bfb-ef4f-474b-9a61-bf38b7f3a0ce,2025-01-13 04:19:59,4,2384
610ab35a-6556-4f8a-bf72-a8a0d28ea76b,Michelle Gaines,armstrongstephanie@example.com,2020-06-02 18:42:07,2f98741b-3f35-4918-a41d-d7373e3a2eb1,USB Flash Drive,PC Components,1367,5b488825-50b5-425f-a4ff-70a6719e0182,2024-08-05 01:40:31,4,5468
dc62d8a7-4887-437d-ab74-d8fea3f62d9d,Alicia Jones,powersnorma@example.org,2022-05-04 16:42:22,e1592a7f-7d84-48b2-af68-edfa8895dd58,Printer,Photography,719,0d41758b-d3b7-49f3-ac4b-036d1e86b521,2023-11-29 08:29:59,4,2876
c1f5e668-723c-4845-9d77-9bc749d0fcba,Tabitha Larson,smithjeremy@example.com,2020-09-14 06:15:39,929cfa1c-d6f6-479c-baa7-7dc23b543246,Camera,Peripherals,877,09140b61-dd28-4747-a1e9-83ed07731019,2020-10-28 09:01:22,5,4385
0e6368ba-315a-4399-8a41-3d7436ec8d57,Blake Chapman MD,rodriguezjohn@example.net,2020-03-10 19:43:00,1eb3aae6-79ff-49cb-9acf-dff815bc1ec4,Bluetooth Speaker,Audio,332,72a3a794-ce91-4902-9354-29a2d85391b3,2022-08-10 03:00:06,3,996
e10d9f55-f81c-45aa-994e-849ebb65b194,Julie Bowen,jose53@example.net,2024-05-29 14:29:51,c495ce67-bc93-4372-884f-7c40baf3c85d,Monitor,Gaming,1639,629aad50-9995-4946-a773-1b6550cb0502,2025-01-09 21:42:33,2,3278
6b9758f5-76e9-4bf0-8155-92c25c4c568a,Clarence Herman,louis01@example.com,2020-04-04 00:08:20,858a77a4-968d-4bb6-9ce7-d1a5652d54ee,Tablet,Peripherals,1826,c540f118-5482-45b7-8760-cc56728bea2f,2022-03-04 17:17:39,4,7304
d30b6db1-26bb-4137-8ebf-06707bad74aa,Felicia Perkins,johnsonphillip@example.net,2023-02-13 01:39:09,7a58301f-7f50-4b9d-820e-88371b77a6b7,Camera,Wearables,939,833b2319-8f04-489c-bc49-9e122cf51b50,2024-03-20 21:06:02,1,939
31717161-71eb-4d2f-b701-a92540c71fc0,Ian Howe,epacheco@example.net,2022-10-29 15:09:56,64e0bea0-16c9-41ea-b0a9-37de3f7f8c41,Drone,Audio,89,f3225ee8-4266-49c0-99aa-860f3ce7f85c,2023-10-17 13:21:41,4,356
4f36d45b-1fed-45ef-8406-03ee191ef80a,Jesse Jensen,jgomez@example.com,2022-07-09 05:10:51,3561c8ca-5675-4db4-a45f-810b2fe05d9f,VR Headset,Electronics,1298,dfbf641d-1a11-4466-8007-f9c8f07138f1,2022-07-29 11:03:24,3,3894
1ec5a8b8-fd19-40f7-aafe-b0155296d23e,Scott Thomas,colontracy@example.net,2022-08-20 03:25:25,65bac7e6-fb39-4d6a-897e-59ed897c8b3e,Router,Computers,1128,3b8ff8c0-363f-4c93-a9f7-8c759331ffa7,2024-03-01 04:20:07,2,2256
571e865f-3de4-410f-be35-dad7fc2b5106,Jennifer Harrison,courtney98@example.org,2020-07-21 21:25:53,3a28574d-13ba-4c36-9943-535d32890a69,Keyboard,Electronics,1417,62aa1e65-4d77-4e36-a202-354bc77afe88,2021-08-19 13:36:58,1,1417
fa0cadae-b86e-4660-85d6-855cdf278f7e,John Vega,anne96@example.net,2022-05-06 05:04:04,a6f1b5c9-d2b9-4a70-952c-52febae9af41,Bluetooth Speaker,Networking,784,fe34a3ea-0112-495d-a388-dda7dd20cb75,2023-07-23 00:52:03,1,784
0c7e768e-d338-4c76-ad70-e15d9580ff4d,Alexander Snyder,daniel72@example.com,2024-08-22 05:51:37,02c0f10a-6d7b-4430-800c-7be72892a97f,Graphics Card,Networking,304,023ddb3f-fcb9-44a6-9968-bafae947ad14,2024-08-23 08:39:35,3,912
a1f41f05-cb21-42de-8c6d-52b56cbdd834,Danielle Rowe,kendrarobinson@example.com,2022-04-03 23:35:53,53e08846-e4af-4033-9141-eb9c1c46f12f,SSD,Audio,1409,6d5037dd-e0d9-46cd-ae3e-6a3ba3d68cbe,2022-08-23 17:14:33,2,2818
d6b6b761-592d-4985-9622-5a260cc98dc2,James Steele,jaguilar@example.org,2022-09-22 17:31:08,9d450b16-d961-4b26-876e-8cd9889a4aff,RAM,Computers,474,ddbf9147-4733-44a7-a181-5ec62876cc9f,2023-07-25 23:15:26,1,474
30eb7016-ff94-413d-a3a4-9d6ce38fcb41,Brian Leonard,dawn88@example.com,2022-04-11 23:32:40,4ab1c630-7cdc-44f1-bb52-b061c89ff6bc,Bluetooth Speaker,Photography,28,5388c4c2-ca7f-4c02-b6ba-9bc1e7190ed6,2022-09-23 00:55:16,2,56
82545078-922e-4e94-9c73-7a6d2fbd91b5,Brandon Ware Jr.,kenneth33@example.net,2023-02-08 20:40:01,14d5e102-fe65-4e49-98fa-e3d3bfa7336c,Webcam,Photography,1074,c17dc8c6-d85d-4b43-90fd-bc58e6eb7d98,2023-12-28 04:21:31,4,4296
a3f9cce7-c8f8-45a1-b686-ceef481e2a4f,Shane Haynes,austin91@example.com,2022-05-31 16:42:54,9d311f67-11f5-4e3e-b3b6-4b0ddb02b353,Microphone,Accessories,137,8df707aa-c99d-4311-9c96-89cf3ddf9e89,2023-05-03 12:50:00,2,274
446a08be-358d-4c1d-9314-02790b59cf14,Anna Beasley,michelle99@example.org,2022-02-18 05:19:42,d06ee3e7-6655-4ff5-8d64-911176044702,Router,Computers,1286,bf7e20ae-5104-464a-ab72-78dfce94f81a,2024-07-06 22:17:39,5,6430
c1f26469-b536-49d5-972c-2ef67b161a14,Melvin Brennan,juan70@example.org,2024-06-14 15:06:40,4a10a3e5-d0a4-40b6-bd14-9714d10a4eb4,Microphone,Photography,1283,979aa4fc-1cde-4d48-85d1-69e8a8d2826c,2024-11-12 00:24:13,4,5132
a6e0a911-b851-4321-a41b-6f375e8736f5,Tammy Stewart,nicholasleach@example.com,2024-01-29 01:24:28,4d051d73-e865-454b-82fd-49b30995597c,Tablet,Electronics,423,07a54356-c7c9-47c4-9cd9-40e2d1662721,2025-01-03 12:22:39,5,2115
abc33b94-dead-4e3e-8a55-20e24bb62015,Austin Carter,edaniels@example.com,2021-10-10 23:08:38,d50bb45f-ec39-4db9-974a-c229691438bc,Keyboard,Peripherals,615,0177275b-dfd3-4e64-b068-7966e5d6aeaa,2024-12-21 19:54:39,5,3075
3f4ac90d-a86f-4ec7-8c80-9749acb37acc,Johnny Gray,robertoliver@example.net,2024-05-31 00:00:41,19e00796-6ee6-420c-882a-e0198506acf0,Smartwatch,Peripherals,754,06386281-cf92-41df-9f1c-fd981d786dd1,2024-08-28 01:43:56,5,3770
70997156-e91e-48b4-a9c1-b4e92cb7184e,Richard Calderon,matthewpittman@example.org,2023-09-16 04:12:13,ce4b3238-cabc-4e23-8411-180cd2339ca2,Fitness Tracker,Wearables,1202,b66b9def-44cc-41af-9941-42897550c3c8,2024-09-02 09:30:50,3,3606
09b842d4-dee4-4a3c-9538-1952fa576adc,Christine Abbott,michael80@example.org,2023-07-19 16:40:27,1b68b237-beb0-4b25-8686-45daa727d230,Fitness Tracker,Computers,917,9a49638b-c5a3-4496-bbb8-2125b1429f9c,2025-01-14 17:40:29,2,1834
d7a6a972-9f55-4335-9202-9d14b4ba4251,Kevin Mullins,prichards@example.com,2020-06-30 15:47:35,d4e885c6-5ff6-43df-8bea-2263e0e2c434,SSD,Peripherals,411,b1838a76-b699-4993-be82-329e44fa9672,2024-10-01 15:15:26,2,822
f3f8efea-e76e-43df-b63e-d5db8df479bd,William Fowler,ymckay@example.net,2020-08-07 10:32:33,dc758512-88b3-4a44-8674-947a364ef065,VR Headset,Peripherals,1729,a57f8397-8585-41f3-bf65-d0dd82452a5f,2024-10-12 00:24:27,1,1729
bea5328f-504c-4c6c-9653-7506f2c05c26,Frank Castillo DDS,schmidtsherri@example.org,2024-09-17 02:03:32,8e8774cb-b718-41ec-aab3-252f3ce41fac,Webcam,Wearables,242,cf77d857-58f8-47ae-89f5-81bd64402651,2025-02-02 23:32:24,3,726
e7f1bcbf-7c03-4c27-a3ba-4f8381272bfb,Susan Watkins,robert04@example.net,2020-12-12 14:49:56,90540534-5f99-4ffd-a82e-bc0b46d6c9c4,CPU,Photography,835,6a7ce669-6d68-467f-af61-60cdda74460e,2024-06-23 03:53:22,5,4175
6500d9aa-6731-40c1-9f26-3787040a1d3f,Timothy Mcdonald,jeffreyrichardson@example.org,2025-02-12 18:29:12,dc66cc6e-e18b-4cc8-ba97-8af0e0c98915,Keyboard,Audio,1870,4d9d27c6-e785-45e2-9260-eaa3e8764dd0,2025-02-22 03:26:28,1,1870
341e672d-559f-4730-8d3c-f62f1c04daa8,John Jones,robin26@example.org,2023-11-28 10:38:26,73cfb2c9-dc48-4394-a541-1ddb7055592b,Smartphone,Computers,1486,bd7ecacc-92fb-439b-81e4-7a84df6e1e00,2024-02-04 06:18:13,3,4458
0eab658c-9bf5-4301-84d4-f17077565f37,Alan Arnold,williamsedward@example.net,2020-07-24 19:58:59,e60e67f9-e67f-4aa4-89ed-6b11fb248cb1,Router,Photography,605,f956fb5b-261d-4719-a7d0-bc8f158b7b35,2021-12-01 07:54:56,3,1815
6badc4c5-f30c-4a82-bdfe-f5726a487105,David Soto,chelsey81@example.com,2024-12-29 12:40:31,76122629-b9d5-474e-93ff-4c456e608ebb,Tripod,Peripherals,1115,45470a9b-481d-4a92-a09f-207b347803df,2025-01-11 14:33:17,2,2230
0866801b-9904-402e-b44b-2429bae95ec9,Richard Pena,erik10@example.net,2020-10-18 09:22:57,6f1d7df5-d97d-4eaf-83f1-89fe39994cdb,Power Supply,Wearables,1031,68338ec6-965f-412f-b999-222da4ab0dab,2021-04-28 20:35:16,4,4124
5a4e17a7-4ace-4bf2-9e91-92534b81adb3,Mrs. Crystal Jones,christophergoodwin@example.com,2020-08-11 19:10:32,6cbf4b5f-d922-496c-8ba5-9f96c3b1da2a,Smartphone,Audio,563,3669c244-6640-41f9-9b70-fe0657deea83,2023-04-29 14:50:27,4,2252
2c669dae-1b33-4db8-80ff-ffd762bfc66f,Karen Elliott,fsanders@example.net,2023-08-14 22:40:59,f458d78b-6e07-481d-9179-23154d1c22ef,Mouse,Audio,524,3353f91a-66ac-491f-b2c6-e61193716108,2025-01-04 13:23:18,4,2096
b5163730-a86e-4b21-8e68-3baa53986e9f,Adrian Horne,danielbrooks@example.net,2025-02-07 16:20:04,8d8b1556-8118-4e5f-917b-e5860016541d,SSD,Wearables,1149,e37dc34f-0074-421d-a5b6-1ed50bc1995c,2025-02-12 06:49:11,2,2298
1bc582e4-c4e1-421d-b517-8935cbd230ab,Elizabeth Roman,jwright@example.net,2022-06-21 12:46:25,9a4809e7-0c1a-4b93-b610-0e9a92c50fb0,Monitor,Electronics,1411,3d13d7ca-001b-4399-9c9f-50fb823bef25,2022-10-10 01:25:38,4,5644
f34aca65-869f-4c82-80eb-ac487ca4c1ba,Tracy Smith,dyersusan@example.org,2021-09-24 00:54:48,5b4c636c-3434-47a1-b4f5-b90a9e5ab55d,Laptop,Peripherals,87,6b5e5bf7-819a-48b5-b5c5-ce10b1b4eb1d,2022-03-11 04:26:16,1,87
a24678f3-68dd-4877-ba07-b9575ac6bb8d,Ian Chavez,millercharlene@example.net,2020-09-19 16:37:04,f6fad5fe-6100-4c29-a601-24a179270d64,Tripod,Gaming,338,4769dd6d-28ed-470a-9ac3-1f7faae1ef32,2021-12-13 11:55:24,1,338
699e44cb-214b-49c3-b9a0-c5af89f2f7c5,Cassandra Carrillo,amandasalinas@example.org,2020-04-29 11:12:03,e42427af-c03b-421e-9785-59b79fc2f474,SSD,Computers,84,bc5ad6ef-7c0b-41ed-aa87-19127490006e,2021-12-03 19:30:34,1,84
92f8968a-915a-4a49-b948-3ac7b8b59234,Joseph Hernandez,brandonmccormick@example.com,2022-04-24 22:25:52,cee6bca3-b30d-4f1c-92b8-4e34a2fab830,Smartwatch,Computers,112,f3bcec91-aaed-440b-a841-a890fc304c68,2023-09-10 06:45:55,1,112
ee70f1bf-311a-4e7f-a315-a4601eb03371,Taylor Hamilton,carlos50@example.net,2023-02-11 11:22:43,c3297ecf-beda-4a02-a844-f8270c62b127,Smartwatch,Audio,276,efeb14a0-b113-42e2-abd9-70e1fc8ce33b,2023-07-13 05:42:55,2,552
9698596f-3a60-402d-a5e6-9757d2254e4e,Stephanie Novak,kjohnston@example.org,2024-10-23 17:43:53,1dc809b6-c05e-4341-b79d-2f9329cc21b3,Laptop,Networking,348,5f96796a-7ff6-41a0-94b0-50d6467becf7,2024-12-20 23:19:57,2,696
48a03fa7-5baa-4997-b82a-26a8edee98cc,Ms. Heidi Simmons,hansennathan@example.net,2020-04-17 05:39:13,3c42fd77-c27d-4db0-b570-ca054105e9a4,Charger,Peripherals,1794,d012523e-93ba-4bed-a3aa-5f1704248f88,2022-10-17 05:27:06,1,1794
d9b0e519-2150-448b-bae6-819fbc922557,Kylie Gilmore,holly77@example.net,2024-06-16 05:04:17,7552c370-f8cb-4d6b-89c6-e54566539448,Fitness Tracker,Peripherals,1587,2c120104-9c40-41b6-a653-d25197bd9951,2024-10-17 14:42:13,1,1587
247606d5-4555-4d9c-af76-569a4e5896bf,Jonathan Snyder,kwalker@example.net,2020-05-30 13:06:46,13e91b44-3c23-467d-80c8-1ac2e88b16bc,SSD,Gaming,448,aecbcd7b-f6c5-47f8-92aa-5e648bc3fcba,2021-10-19 23:15:03,3,1344
b42f87e2-5542-49ec-a310-5d7233c0c52a,Brian Moore,nicholasjohns@example.com,2024-06-24 08:49:28,4611884d-bd9a-403a-9970-590074c959d5,Charger,Audio,300,6d00cbe8-f793-4bbc-b939-0d51b51d69e4,2025-01-02 14:07:05,3,900
3e6cafde-bde3-432e-bb77-6c6b1a650d0e,Danielle Campbell,cody99@example.com,2022-04-03 06:36:50,45e0bc22-9e4d-47cc-b964-7ea1995ba750,Fitness Tracker,Computers,225,55efba21-9a12-4dd0-b286-0faefb61abbf,2023-10-26 16:28:20,4,900
57ee7361-f2f6-4142-a9cb-77fb5d627be6,Brian Wood,egreen@example.com,2023-12-06 09:59:36,a83ac052-f021-4a47-a3d7-63479698764c,Motherboard,Networking,1850,770ad806-1524-465c-91e7-16bd8cc0c6d4,2024-05-28 05:10:51,5,9250
58fb82a8-7f7a-4d21-b56b-61dc54a54eb4,Michelle Ballard,wilsonjoseph@example.net,2024-12-09 17:43:36,20a1f72f-2543-4a45-9695-81a6688ca6fe,Charger,Audio,1330,27428caf-0576-4ded-9209-76380f31ee5a,2024-12-25 12:47:31,4,5320
37554779-c671-4b1f-b2db-153edac4a52e,Laura Kennedy,riversjonathan@example.org,2020-07-14 18:50:42,f65b68b6-4ee4-44e1-903c-84b1e82eeb68,Camera,Photography,1786,5370bde3-25f1-4371-bc31-147adc4aec11,2021-06-26 22:55:29,2,3572
85871478-07e9-42e0-b94d-f88901e7ce2e,John Smith,melissadunn@example.net,2020-11-29 20:41:12,d6d95137-f5d7-4fc6-9db9-621b8295df85,Drone,Peripherals,1637,b5a67c66-5fcd-4979-b3cf-a1d523c83122,2024-02-06 18:05:52,4,6548
a8c594ae-8563-4751-8ff4-8cb995b18546,Keith Humphrey,tara54@example.com,2024-08-03 06:20:33,dd3a58be-70f4-49a0-9b8e-256bead8353c,Camera,Photography,1108,00373616-3871-41ac-8bb8-d5b7def44dc6,2025-01-16 07:43:15,2,2216
8af9f838-b4be-4c29-b5a3-cbb598c53212,Heather Morales,juan84@example.org,2021-12-07 07:49:59,a2d29d99-7e96-4211-8c21-ada2a33ed5ce,Modem,Gaming,1452,94fe35e7-35a9-4720-8eec-f25e1f2353ae,2024-06-07 23:16:30,1,1452
9b03e35b-533f-4de8-9ef6-409a8a4d52c1,Melissa Payne,ubrown@example.net,2020-05-19 05:27:06,a3a46f3d-77ff-46f4-b5d7-81082f8230f1,Power Supply,Computers,244,ca514425-88b2-4608-ae61-5e4e0bdbc6d4,2021-06-20 03:08:42,3,732
645d44ae-946d-4d11-9a2f-1713659fea6a,Vanessa Garza,amy72@example.net,2022-07-02 06:12:32,8e558995-873c-49e5-82cf-374a86ed1a28,USB Flash Drive,Networking,692,3b4d7145-3400-40bc-a2c9-083e296464f2,2022-12-02 09:15:38,2,1384
a0116cab-4186-4167-a6ae-27dde1d12354,Willie Stewart,abigail69@example.net,2021-07-28 12:36:38,46a1cc7c-ebb6-443e-90ae-796c074246d2,VR Headset,Electronics,1886,7aacf4df-beaa-4dd7-a1b1-229aecf14680,2025-01-18 17:19:25,1,1886
26529ce0-6f19-4851-a5cb-dfec58c52f7a,Kimberly Rodriguez,ykhan@example.org,2021-07-22 11:47:52,6e32b5df-c930-486e-aa30-baad5e073114,Modem,Peripherals,930,6741a257-a9e8-43ab-a8fa-96fbd3ff8315,2024-04-02 00:28:00,2,1860
bc3e8ebf-699c-4f9c-9179-4d24b2f837c3,Linda West,mjimenez@example.com,2021-07-06 14:09:41,dacb5232-85b6-40c2-9d96-5c9298ba57f2,RAM,Peripherals,619,ae648e0d-c000-486d-bc58-d75582ae1a3d,2021-10-04 06:10:44,1,619
b4b10aa6-0c4f-4986-99cb-5f90f9da9f2c,James Lopez,ekim@example.net,2024-12-09 23:00:46,e3685886-31be-4663-8765-aa2c674515ab,External Hard Drive,Networking,1554,a272af64-c548-4855-9f4d-0f42f254482d,2025-02-21 15:56:09,2,3108
6b72be44-360c-47de-9ccb-cd43bc7288ef,Christina Hernandez,gquinn@example.com,2023-03-10 19:41:39,8451a376-af5a-44c7-85e2-7a248621adad,USB Flash Drive,Computers,1840,ba1b74fd-0b68-4bf9-b6f1-23c4eaff7bfe,2023-12-28 10:27:15,1,1840
c7ec9f29-00b1-482a-8970-fdf27288513a,Lauren Anderson,copelandgloria@example.net,2020-08-18 10:27:33,6f88efb7-6c6a-4d19-a4d4-0afe97446df6,Scanner,Electronics,1844,7797ebed-1b72-4ce6-a7a4-f9c628bf30da,2024-06-08 18:54:32,2,3688
c2d1d19d-f6b0-4401-813b-504362427ab9,Mark Farmer,gonzalezshelby@example.net,2021-08-20 09:52:02,1abbb19b-8a75-4c3f-b7da-bf8765bca06b,Gaming Console,Wearables,1616,f883bfba-c53f-4c82-b71d-f6ec2a89753d,2023-07-24 11:58:34,5,8080
7e2cbbd8-f3da-4e72-bf4f-70779abff862,Joseph Riley,jchang@example.com,2024-05-03 06:51:56,8b4466ac-d6e6-443b-ae8b-570bde1006cd,Laptop,PC Components,974,3aa0eeab-312b-4393-915e-27373debd047,2024-10-18 19:11:58,5,4870
01bdf3af-38de-4f47-b536-f9ec864e33f0,Crystal Davis,dpierce@example.org,2021-05-17 16:00:36,3472e095-3ca1-4bb5-8407-fdb685092db8,Computer Case,Gaming,747,33877fd6-9799-4dd0-b0a7-64dd70f816b7,2023-10-03 00:02:00,4,2988
9d6f2288-4d0b-4b34-b55b-0c6f0df1af8a,Heather Schroeder,bjackson@example.net,2023-10-20 20:30:32,2508ed93-310f-429d-8957-45b924e6765f,Modem,Audio,1450,3ff0038b-48a1-421a-981d-e9b7efd4203d,2023-11-24 07:36:46,3,4350
fff23a90-de50-4a78-96e5-dddf070c5ad5,Jennifer Roberts,martinashley@example.com,2022-06-15 01:05:21,5f122b72-e4f6-43df-baab-ca24f3e24327,Headphones,Peripherals,1206,8db278d0-2cc9-4d27-a3e4-d8ac0bef5262,2022-09-16 01:33:07,5,6030
769415f5-5a13-465c-ad69-d84a94b2b2e1,Andrew Byrd,pnunez@example.com,2020-11-13 18:17:21,9b3735c9-682f-4dc3-9277-62edd2e28c42,SSD,Gaming,1691,0118cbde-be55-471c-9a2f-98dc9762f3cc,2023-04-13 14:43:31,4,6764
3ee809a5-c143-429d-9ffd-e545f8878f3f,Ms. Heather Barrett,colonchristopher@example.org,2024-01-12 19:11:00,a4fc6fac-b934-4302-9f08-e854d61f484a,Network Switch,Computers,918,8925a401-55c8-4b91-aa1e-d194e31e70db,2024-03-09 23:09:03,4,3672
02037aaa-6120-40c1-bb73-1f216a6048c5,Joshua Williams,shirleycardenas@example.com,2021-06-07 15:41:38,193d5387-c92d-4599-a919-93f1d256f7bf,Bluetooth Speaker,Accessories,875,8adea833-0aa7-4dd7-85e1-a7714c2ec360,2023-07-21 19:28:53,1,875
108c7cf2-ea91-47a5-aa97-5cb84b04ecb9,Brianna Johnson,joshuasandoval@example.com,2024-01-13 06:59:31,8159a9dd-d6cd-4d37-b3d0-8ffcb87d37f3,Laptop,Networking,958,963035a0-e267-499a-8636-4d03bc33f836,2024-08-25 09:54:39,2,1916
5aae4a64-e59e-4fd6-b503-cda6e3264b6b,Thomas Martin,fgreen@example.net,2020-04-27 11:50:54,2a3cff05-19ba-42f0-bf50-6bb1cf63127c,RAM,Networking,1118,bab62e44-3d2e-4ea5-84e5-7bf8ccbcd059,2022-08-07 14:15:56,2,2236
1805d01e-53bc-48d5-bb0e-51d3ef410c42,Danielle Smith,fpollard@example.net,2023-03-22 13:41:32,47a0e9a5-947e-4e93-917f-6160afa8ae77,Monitor,Gaming,1411,6780e310-60ca-4861-afd1-e38a2976fad9,2024-10-18 16:09:13,3,4233
3f2b8e48-fad0-4565-9991-0a37a902e4c2,Kenneth Kelley,barreracrystal@example.org,2022-01-04 23:57:00,bd7e4b97-1bfe-4cf6-8426-6398dc6f144a,USB Flash Drive,Computers,1937,018c697c-e81a-49f5-bc32-aadf5bb3e810,2022-01-09 01:41:40,1,1937
f079b317-1bda-4254-9109-67e6bb186deb,Justin Stone,ssimmons@example.net,2022-11-12 23:34:12,73af845e-6071-47d0-8201-08e64efc56f3,Charger,Photography,1878,9bbec9d6-b575-4b32-aa00-2499c7973e3b,2024-04-20 05:00:21,3,5634
dedcf842-0ed1-4c13-8def-98a88ac38900,John Craig,robin03@example.com,2023-03-28 15:22:43,140b511b-36ad-4c8e-9707-a5636dfa901d,Gaming Console,PC Components,130,910e857b-40eb-4321-9d87-5b600c086b05,2023-04-24 15:30:14,5,650
beaa2854-9910-481f-8b3f-368e373cae6d,Patricia Moore,bradleyday@example.org,2021-03-17 17:44:30,f9924c19-97ad-4b3d-b5f9-d1a9050ffbed,Scanner,Electronics,1486,bf3dae7b-a4d4-41f1-9484-4c9733253da1,2022-08-26 01:20:32,2,2972
d4442ed0-4308-498c-95c3-6fc839a0af01,Annette Schwartz,murrayjohn@example.org,2022-09-11 23:24:21,77626d23-29cc-4cea-9300-fadc1c1f67c6,Modem,Wearables,1472,432d9087-2fd4-4b89-b4da-1c181bdab7f5,2024-05-29 03:20:39,3,4416
28e2deb8-b350-4a80-bf44-c11c44ee9a80,Devin Carr,xclark@example.net,2021-05-26 07:01:13,1638b667-e4ed-44cc-85dd-cc658d614a9b,Headphones,Accessories,96,c5d3855c-f923-4c25-b0be-762d049323b5,2023-08-29 14:23:57,2,192
9bd4d162-919f-44ae-b9a2-a82fc8571c4c,Pam King,markbernard@example.net,2022-12-22 22:38:46,88130589-72c3-4f61-8f08-b54811bf0fea,Tablet,Electronics,101,2f7be147-fc25-4b32-8cc5-7281fa53c388,2025-01-25 23:56:16,4,404
c56808c2-2bf2-434f-b597-dfe3ea821ed4,Jack Chan,bradleygraham@example.com,2024-12-10 12:21:19,ff47ba64-66ab-4824-a18e-483d54fcc3c1,Smartwatch,Gaming,502,279e50c0-2610-45d6-8381-102e3991ae02,2024-12-19 16:55:32,5,2510
41b4e640-5070-4729-80f9-07d732fdb2ef,Peter Ford,taylorhill@example.com,2022-01-04 14:10:47,ed87c5d9-6a9f-4010-ad8d-b435923389ab,Motherboard,Photography,1074,3da2d416-3930-4ca5-beed-76c26e56922a,2023-09-22 12:12:59,3,3222
78a3b06f-ef24-4524-8d92-11da43e671a2,Kelly Scott,patricia62@example.com,2021-08-27 06:14:56,2d1d57be-1972-4bf2-8c00-48e0cae2a837,Bluetooth Speaker,PC Components,673,9d88e0e6-1624-4a65-83d1-883dfe13e2ec,2025-01-06 05:27:44,4,2692
8b4ec486-f33d-484f-988e-5c56403c7aae,Lawrence Jensen,annaspears@example.net,2021-05-04 06:54:20,a3f8553c-ab33-4193-a796-bfa033d0b7e3,VR Headset,Wearables,1347,d8a080aa-55e6-44a8-aa35-4f2a4256f02e,2021-06-29 08:07:49,5,6735
5ba124a6-8b92-42e1-afd7-fa1861326604,Robert Powell,barry01@example.org,2023-01-10 15:46:54,d8f57553-9a93-4d43-a041-cfefbfd2afad,Tablet,Photography,1126,10ae3bdd-2cb8-4ecc-86a2-a1cac6020528,2024-02-07 16:45:14,3,3378
f53f712d-6a5c-4c45-8ec5-c01f09549bd4,Tina Jones,jmontgomery@example.org,2020-07-22 09:31:23,8ceeb952-a50b-42d1-b089-65ea28edc6a0,Smartwatch,Computers,83,7f803e22-24f6-4682-a428-80658389f629,2020-12-03 01:18:25,3,249
b995bf07-3687-4ec8-9856-e071cc18dd68,Nicholas Hill,markgordon@example.net,2022-01-31 00:39:16,3f73fc4c-4f73-412d-9396-ab4bcc322072,Motherboard,Computers,366,01897748-72d9-4ab6-bf7e-0e312ee15514,2022-12-31 16:48:17,5,1830
b74dcda6-f7de-4fa4-849c-dadc706d2142,Kenneth Clark,nguyenamy@example.net,2022-06-20 15:01:19,45f415ec-91e7-434e-b3cf-12ad29337a93,Motherboard,PC Components,218,bdc447c6-e06c-4cb4-9240-6796da99f539,2024-05-31 17:13:17,5,1090
89bd8695-0312-4bf0-ac9f-88b1e3149ed6,Amber Kennedy,henrygray@example.org,2023-08-30 14:58:32,82899173-035d-4251-9d01-a3d4b16bf79d,Graphics Card,Audio,1131,76bbc3aa-61a6-4026-a714-f1665eb8aac2,2024-06-14 13:17:18,1,1131
ed63ddf7-c4e7-4319-ae62-29d2ee2dc5d5,Christopher Mills,andreasalazar@example.net,2024-09-19 16:08:46,fabce7ea-0da1-4432-83af-65631cafe785,Tripod,Peripherals,146,f4025c3b-704f-42b2-95ca-c6524ad1f5e8,2024-09-27 11:36:30,2,292
0e635b5b-9a09-45f8-a900-2471d903a376,John Lawson,donald35@example.com,2020-11-02 22:13:50,f1962f60-2fd6-4a3a-a956-7b0389c23066,Bluetooth Speaker,Photography,948,e52be9c5-9f90-4c02-a3c6-47840efb07aa,2022-12-04 14:01:18,1,948
bcbaba67-50db-4331-aaee-07aa9799165c,Leslie Hopkins,adavidson@example.com,2023-12-01 06:33:00,900c2219-e21f-4c1c-9ae6-3efbe44aa887,Microphone,Wearables,1224,4174224d-0470-4133-a6ab-264984dc0214,2024-12-13 00:51:55,5,6120
66cdb90f-b6e6-4c3b-8bb5-cbc00b9572db,Joshua Hall,seanlove@example.net,2022-06-12 08:01:12,79fb98ce-930e-485d-a433-67fc23ab5de1,USB Flash Drive,Photography,1601,70ec6b69-b42e-46bc-8c42-479fa6654d60,2024-12-19 12:03:42,4,6404
8205ba4b-ad82-441f-bbfd-24397b7a5c2e,Tony Hendrix,jeremywilliams@example.net,2024-02-23 06:39:50,17a2d808-b579-40b6-911d-461121f92252,Motherboard,Photography,1496,ddec180f-724a-4e40-86b3-65665ef07230,2024-09-27 10:16:45,4,5984
cfa961d5-30e8-4c8d-8538-73ec25bf2f4c,Jacqueline Kelly,derekthompson@example.org,2023-11-03 04:42:43,0902502d-fdcc-4bf6-8ace-d80e5ad5a301,Keyboard,PC Components,1444,1f0ca385-ee26-46c1-abb4-428218a880ea,2024-01-20 04:03:53,4,5776
f6e5961e-3068-4185-a661-d5b6f2b31bed,Jason Clark,callahanbrian@example.com,2024-10-19 01:45:38,4d15b794-a810-4a64-92be-0f32a1840dc2,Keyboard,Electronics,1378,e5d73284-f0fc-41f2-bfa3-da35b6fc6617,2024-10-26 17:38:04,1,1378
b0133c74-dde8-4164-8744-f141eade5735,Sue Stewart,travis07@example.net,2021-01-28 15:43:59,c49e58ad-612b-4a8c-92c4-8192e78f227b,Laptop,Wearables,959,2ad6ccbe-6207-474e-998d-366ac91cacc6,2021-02-15 20:22:41,4,3836
59b38651-0c0a-4630-9059-c9bbace2b5ec,John Scott,carolynbell@example.com,2022-02-18 18:46:06,b49cdf8c-51c6-4fa8-8090-237b6146da4e,RAM,Gaming,993,2e15caf6-bf71-4c62-b15b-1dffa7acb035,2022-03-09 21:01:34,5,4965
c95fdbf5-e600-45e0-a454-0142e48ef75d,Alisha Myers,xmartin@example.org,2024-03-05 17:41:35,6dbd5613-247e-4aa5-97ad-3cca98da2883,Router,Audio,121,4a029460-1455-4c4f-9cd0-3b2a47ece18f,2024-12-04 10:29:37,2,242
ac49a61d-be31-4f07-be7f-528dc4b004a5,Erin Thomas,dmalone@example.net,2024-09-26 14:09:29,17098f46-2e2d-4e4c-af0b-e872bb8e4168,Modem,Peripherals,1079,060ba371-710d-47f7-a6b2-e50042b6624a,2025-01-26 16:39:17,1,1079
b1275358-b639-445e-9340-245cf18c879f,Matthew Reynolds,imejia@example.com,2023-03-04 01:12:41,787af579-dea3-4f86-ad77-68b85df368b2,VR Headset,Peripherals,1650,64103a0d-b789-42b8-8f80-1ee0b41007e5,2024-12-03 08:22:34,4,6600
67ad0032-a17c-40d4-ad76-377b66dd2909,Ashley Gross,kelly41@example.com,2023-01-25 12:34:14,a745f975-7211-4ec7-ac93-f2d1d987e80d,Smartphone,Electronics,1794,3258ecb8-3de5-41df-b4e6-f5c6d6b5dac3,2024-02-23 01:16:13,2,3588
982ea846-5f42-440d-b5be-4f29d27c7162,Andrea Mckinney,anthony79@example.org,2022-03-20 06:43:05,cddbdc35-9425-403b-ba3a-3b0c16e26305,Charger,Gaming,1989,62c97e79-d446-4156-9fbb-ea627af5b593,2024-11-21 18:34:33,4,7956
188e1b34-cf96-4d06-9873-017d52f642eb,Wayne Jenkins,nicholssandra@example.com,2023-06-13 12:56:04,33ec7ac7-e582-453d-8fda-2a165b260990,VR Headset,Computers,246,15dc2d50-24a0-4a5a-beb6-e63ffa13be75,2024-02-12 10:14:57,1,246
fd315c68-ad1c-485e-90e2-5097608523c7,Brendan Johnson,michelle85@example.com,2021-04-19 06:02:09,d788daa9-ed13-4a69-93c5-cec669992827,Webcam,Electronics,1646,2530b858-8770-492c-a2ef-38f6295d564d,2023-08-29 12:29:26,4,6584
1d52982e-7081-4869-97c0-7ebbbec0da10,Jeffrey Evans,belljames@example.org,2022-01-26 05:08:50,cfe86377-512b-4e77-ba28-016a22e289f7,Keyboard,Computers,146,e350cd59-711c-4d04-8ca1-c86cdbc02e71,2024-03-16 23:00:40,3,438
b4e9cad1-f062-4b9a-89f2-188f8fc8d947,Sheri Brooks,amartin@example.org,2024-02-11 08:06:50,b8919f13-5332-4836-869a-3556a96b4f64,CPU,Wearables,1950,444000ce-c598-4d3e-8936-651b887c170d,2024-07-30 14:47:03,1,1950
38c6c5d2-5ed2-4600-a348-89109d0af861,William Ramirez,linda09@example.com,2023-05-21 20:16:12,f95313fe-fd61-4c8a-928c-48d7015ae203,Charger,Gaming,825,73762d06-d16d-4ab1-bf24-aa0704737421,2023-10-31 01:03:02,5,4125
05375c58-bb61-4162-87e6-3486ab8629e0,Bryan Buchanan,yolandasantana@example.com,2020-03-07 08:11:49,6fbf0ffd-af3c-49e5-9459-087a5d9a8715,Charger,Photography,874,cf818647-e188-477b-b716-e55e42c0314a,2024-11-13 06:04:59,3,2622
d887511d-78b5-4e46-bef3-e81257db4779,David Gillespie MD,rebeccaglover@example.com,2025-01-19 23:31:20,c68203d2-c742-4f5c-bf48-f0c03387d8b8,Camera,Accessories,1351,99c3abc1-83b4-43db-85d1-0445b89d1e64,2025-02-25 15:13:35,1,1351
80000cfb-5f38-45eb-b618-11ab8dffa867,Michael Holder,hughescassandra@example.com,2020-11-29 08:52:27,f285a1b9-60e5-4d87-a019-d469c858f1d0,USB Flash Drive,Peripherals,1428,affb4d8f-ec29-4837-bc60-7ca4ebcb2e40,2022-03-21 11:11:42,3,4284
bbc6475d-86a6-4a8f-97b9-e03690f00984,Mary Simmons,joelnewton@example.org,2021-06-14 11:32:04,78a8bca0-8a8c-4a3e-987b-3cbf53964b31,Computer Case,Gaming,616,fd986d6f-9c6d-45ae-8026-9742ba62cb08,2023-11-12 02:44:29,5,3080
c0e432f2-1ca0-413f-a244-413d9d00e633,Stephanie Thornton,sscott@example.org,2022-02-08 16:51:33,ceca6d1c-f695-421a-99bd-cc85c65a2f9e,Scanner,Computers,171,24906c1c-9ef9-4ad7-84b2-e8e3aab30708,2023-07-09 00:19:45,4,684
d382ca74-cfbe-4337-ac71-1547d831a2c1,Joy Holland,jasminerivera@example.org,2024-01-08 13:09:00,2e5a2e68-3c90-4120-b458-49aef0bf1c15,CPU,Gaming,1980,de54d914-ec14-4615-ae87-9406edfa84b0,2024-08-04 05:12:22,2,3960
8a8d9a3e-3dee-454d-a2b2-0405e06b153c,Colin Barnes,tammy53@example.org,2021-07-22 14:05:54,251f316f-7b8b-4fc3-bd43-b5b7360851c0,RAM,Accessories,321,18820c71-3cf1-43be-b3c5-7e89fc1daeea,2022-08-22 02:57:03,3,963
bec6e230-af99-43e4-926f-bda9fcf16833,Eddie Robles,carrollbradley@example.org,2024-04-02 15:12:21,6764a3fc-7bfb-471f-9525-abfa0090ac36,Microphone,Audio,851,ba37e598-cd63-443a-9dd5-b4561b863883,2024-10-14 10:37:50,4,3404
e36ff6b8-dc7f-42ac-b53e-72c96f0bff53,Valerie Jones,nroman@example.com,2022-03-07 08:25:20,67ef43b3-5821-4caf-b50a-c64659448e1d,Microphone,Audio,1842,f4f141c5-1f73-40d2-9777-56878b2d1935,2023-10-15 04:15:00,3,5526
3a16c295-b689-4edd-bc6e-921ee15ac4b5,Jay Leonard,clarksara@example.org,2020-07-08 14:00:44,a7384fe3-7418-4c8c-9b43-51afccfa76ed,RAM,Photography,58,969636a9-6517-44aa-8ede-b60a676bfdeb,2022-07-11 18:00:13,5,290
18a0b2ea-fcc7-4fe3-b206-dcc9dd6f1e3b,Connie Alexander,julie93@example.net,2021-10-13 18:39:41,52739a0f-54bc-4b30-96b3-fd1147cdecae,Mouse,Gaming,941,08b8cfe1-14f4-4dde-afde-80c7f2ba1d96,2023-10-12 02:57:58,3,2823
a147fb44-0a8d-4715-b6d9-7735816f3654,Rodney Fisher,tarajohns@example.net,2024-05-31 19:39:03,7848cb19-da98-41bf-aaf5-a1432433ab6c,USB Flash Drive,Gaming,1350,a4d415ec-31bd-4c8d-ba67-07f0e97c9ad1,2024-06-26 07:55:26,3,4050
b14ee8bd-7d2e-4089-a2cf-f83c61f3896c,Dana Fitzgerald,david85@example.net,2020-05-08 22:24:18,c7482a4f-f4f5-4c64-955c-608ddc28e10f,Monitor,Accessories,623,0994a41e-95cb-4dcd-a5cb-1536b81f9f48,2024-05-01 16:54:13,5,3115
a22c413d-0dfa-4170-a0da-97a6f309bfd9,John Higgins Jr.,tmckee@example.org,2023-04-09 16:09:03,5ff2c692-6a81-48ca-ab6c-4945147e465b,USB Flash Drive,Computers,1711,f5fe4edf-e0d4-4434-92f8-d34fec0a6800,2024-10-05 12:13:38,4,6844
82ee60f9-3ea5-4fd7-9835-e2f7ea5171ef,Julie Baxter,kaitlingonzalez@example.net,2024-04-25 13:01:56,dd793a08-80db-485a-ac87-a3d70a598e2e,Tripod,PC Components,1656,2f4972fb-393a-4795-9cc1-2614f3e2263a,2024-10-05 20:34:22,4,6624
fda171a9-0ade-452e-b13b-0298509c669a,Taylor Little,antoniowells@example.net,2022-04-29 22:40:20,28b23b47-04e3-4ea5-8766-336072357392,Power Supply,Photography,1357,d645c0fd-134f-44be-a3b7-fe83a6e15ac3,2025-01-16 05:32:32,2,2714
90fb3ab9-045c-40a8-9138-e4b83a3637bd,Joanne Harrell,lopezspencer@example.org,2022-05-23 11:40:13,37bfc808-632b-43ce-916a-39f0e6623ff7,Graphics Card,Networking,1957,a2291534-6a81-4942-93f5-6d16b28d9831,2022-09-11 04:04:10,3,5871
6d8eb935-8c72-4531-92b3-f843da17f59f,Gabriel Roberts,mwhite@example.net,2023-06-07 23:02:45,bc9200b3-7a08-407e-af78-1446da6aec95,SSD,Accessories,897,b403f8db-78ea-4751-a744-5c389dd6375a,2024-12-07 20:08:38,5,4485
36de12de-072b-42c7-8c17-3f98a8f7b492,Monica Campbell,kathleenmartin@example.com,2021-09-16 15:52:29,3a967e78-d6d2-4ac3-b097-c1221023f959,Network Switch,Electronics,1898,aca3b8cf-151c-40e3-b895-d8e3205f3b13,2024-05-08 14:48:02,5,9490
f1176c11-a89d-4204-9348-ded1fc748dc2,Matthew Little,hicksbilly@example.net,2022-10-02 08:12:59,4bb7b78e-33f9-4e34-9488-2ef2ecad4c91,Printer,Peripherals,661,f80be237-0d7c-4565-8b4d-d457e058b86f,2023-10-27 08:50:31,4,2644
cbe6d737-1f8b-455c-a0a5-be0c8aa67b86,Danielle Johnson,paul41@example.com,2021-08-10 09:53:24,6dd6f862-5fe0-4b8d-b1be-500572d5619c,Power Supply,Electronics,274,6457f1e2-50e0-40d8-8faf-4de649c03469,2023-05-13 06:34:36,2,548
48554068-7a6b-4995-9e13-4ea48b63fa53,Douglas Weber,srobinson@example.net,2022-04-09 08:44:14,2ab24cfa-ed56-4f97-b17e-74af8d41e4f9,Laptop,Accessories,1090,0efc397e-2911-4843-8048-65fab999719a,2024-10-02 00:05:51,1,1090
2712785e-a93a-483e-a901-2b5fff0ff784,Sonya Andrade,bruce74@example.org,2022-07-05 18:07:50,734fc316-9fa2-40aa-8694-473fbb63e089,External Hard Drive,Networking,685,2fc3339c-54b0-4680-9016-b871c1984c9b,2024-11-23 14:14:32,1,685
9180f1f8-e5e4-4bed-b860-5e94ec725a86,Lisa Frazier,donaldmason@example.com,2022-12-08 15:50:39,3060561d-3bb0-41e2-8a0f-7650c53364bb,USB Flash Drive,Gaming,692,3db8b060-6330-41a5-b49b-f2d74be10cda,2023-07-25 15:24:16,2,1384
ed14d429-01c6-44f3-acf7-357042749b5e,Christopher Camacho,tabithamccarthy@example.org,2023-08-27 17:24:04,b89df764-4140-4532-a73c-62a265f3711a,Charger,Wearables,437,85227864-6fe3-4ec5-b62f-d31a24133364,2023-11-18 12:58:08,4,1748
bc864ed4-35e8-4620-b07d-c52785669622,Adam Gill,jacksongregory@example.com,2021-06-07 22:09:31,e0c33d9c-c9f7-45eb-b5b8-5a6e7c3dbed6,Graphics Card,Wearables,435,c909e210-50d1-49f7-9fbc-ea8ea992da0d,2024-12-09 12:43:32,5,2175
afd5d8f6-76c5-47d3-9e0f-674b21dbb67a,Sarah Thomas,ryan16@example.org,2022-02-01 14:17:14,a8c9bb67-96eb-4918-81f4-4330e5a32275,Modem,Wearables,252,88a7072e-c9cc-4efc-8f6e-a629909360d1,2024-05-29 19:13:30,4,1008
0fabfa9e-a3f3-4fad-aa6b-bc745e377633,Robert Oliver,laura65@example.com,2020-06-17 13:17:40,ad4eab18-2d6a-45d9-8724-50f707c4d5ba,Gaming Console,Computers,1483,20ea63c0-8eb1-43bd-8fc0-4f1e6ed822e5,2024-08-13 18:01:38,1,1483
6d2c8e1f-7740-48cd-be94-8a8f9c4e72a6,Joseph Lin,wking@example.net,2023-12-20 03:15:32,9935bd91-3824-45d3-85c5-a294a5b14541,Microphone,Wearables,730,8ac264b7-0060-4c87-906c-26e9c5fdc911,2024-09-14 09:08:45,2,1460
5d049611-3b09-49aa-92c9-0c249c385147,Shari Williams,ygarcia@example.org,2022-08-21 12:05:47,35741b77-f260-4013-8fea-8c3d4e2f2522,Motherboard,Photography,666,10eb13cb-2086-4964-b3c1-6a1ee4dce9ad,2023-04-08 00:45:14,1,666
57496bfa-09cf-41c4-bf40-9b085d73c638,Matthew Schwartz,parkerjohn@example.org,2020-10-09 06:29:34,7f42f4b6-0749-4cb0-b4dc-b77351f4b929,Laptop,Electronics,181,bcbc1bfc-2322-4325-9a60-3fcc502c2c74,2021-01-17 09:40:49,2,362
ea0d9f7d-6778-49fb-bb34-a9925abb9c91,David Nichols,ericwest@example.org,2024-03-09 18:34:02,b21fc29e-203c-4408-b00c-e9c5aeb152e3,External Hard Drive,Photography,405,4dece4ac-0dba-4225-84af-866075a90f53,2024-09-10 10:14:37,5,2025
76802852-caad-4456-a512-c216de6b86d2,Madison Smith,joseph87@example.com,2022-06-16 19:40:43,ea8d3275-564d-49ec-8764-9d0ab2a4e49b,External Hard Drive,Gaming,44,6ffaf52c-970f-4e1b-895d-4a98e9019170,2024-02-09 07:17:37,5,220
fc0a35d3-494b-4180-9509-2ad343e26a79,Debbie Smith,janet33@example.net,2022-12-09 16:21:34,fb668687-71ea-4093-8586-dfb54737a254,Charger,Peripherals,747,03621ddd-6f0b-45b2-a12a-6cb9f089c222,2023-03-29 20:21:36,4,2988
063e961f-0a25-4cd6-8ad9-30fa3801eba2,Lisa Brown,gary55@example.net,2022-08-08 15:17:36,5b7fc52d-1693-45dc-84d0-010de10d1a6e,Monitor,Audio,572,8ec856dc-81bd-4c51-9608-0032ae7c1f97,2024-05-23 19:41:33,5,2860
6314049c-6613-42d8-a353-62c3936ebf8a,Louis Wilson,abell@example.net,2022-09-17 14:53:30,7a9705db-38c3-4e78-9d02-6c8c2767b7a9,Smartwatch,Audio,1658,5c9fef25-59f2-4436-b765-9ac05e4fcd7c,2024-01-16 23:13:20,5,8290
a9f054eb-31f8-4796-b410-c8ba06ad0116,Suzanne Taylor,drakedanielle@example.com,2021-04-06 01:29:10,ce26a421-b0ae-4158-8612-e361e07e7efa,Tablet,Photography,772,e67bcd61-0a42-4e85-9bcb-330e3c9dfdc5,2022-05-21 05:51:19,4,3088
fb84417f-a8ea-4a18-b9f6-66645928050d,Samantha Mccoy,anitavincent@example.com,2021-05-08 23:19:45,5151bb38-e660-4eac-ad6f-7262bd490e39,External Hard Drive,Audio,777,1a32ea21-7b98-4254-a7df-3f7d28cfada4,2025-01-27 13:35:10,2,1554
6d28b601-a4dc-4b00-8943-22147c88e4d7,Jason Walker,veronica78@example.net,2025-02-08 21:51:47,8e64c891-9592-4b75-8754-2aee8f7b280a,Tablet,Audio,1239,737f3416-ad01-4876-ba61-51a3d5649a43,2025-02-11 03:26:16,1,1239
bfeba526-58d5-4546-8a51-82e28b5720c5,Bonnie Matthews,lozanobryce@example.org,2021-06-29 08:47:08,a106d399-f0a6-4449-b09e-1bc60d13622a,SSD,Gaming,1718,a51aca86-e66d-4d75-a770-fdcd2e85b0d6,2024-11-19 11:44:52,4,6872
cfbc36fe-18b9-4e6b-acc9-cc12ae728ba6,Jason Holmes,starkdouglas@example.com,2023-08-08 23:10:24,6966f970-0bca-4476-8899-957606bae32d,Laptop,Networking,841,b0c1d92d-12f1-43ab-b051-6e7cb434ce30,2024-08-01 16:23:39,3,2523
238594bb-b8bc-45ba-b618-f1ef5a53fd80,Christie Lopez,tiffany45@example.net,2022-01-17 08:23:15,fc9e8ea7-7ccf-47ec-bbb9-240a3aac38ee,Smartphone,Photography,1958,aac3678e-f4a4-4722-af24-481b9320a8a7,2022-05-31 20:55:25,4,7832
df8f3c0f-f668-4fce-8358-57a169a74010,Katherine Moore,qhill@example.net,2024-12-08 11:39:17,fef84253-3bc3-4bfd-b41a-d8e903115b8f,Mouse,Electronics,61,4fd42ed9-56cb-4251-a92f-b290bbaf7bc2,2024-12-13 01:53:58,5,305
ce902210-ed5f-4e4a-ae72-36878a66ace4,Devon Reed,gsampson@example.com,2020-06-26 13:22:27,f932b01e-2882-45ea-97c7-99744c5c0e0c,SSD,Peripherals,1380,462e70b1-859f-425d-8399-031355e144c9,2023-10-06 11:17:55,2,2760
a8bd3a65-684b-4872-b73c-90f9a2d01454,Joshua Kelley,zward@example.net,2020-03-30 07:28:11,4f1d23e6-6c2d-492b-809d-3d4d1fb11ff3,Drone,Accessories,985,137a7950-fc21-47ee-bd05-c4a4fb0d6da4,2023-07-04 17:52:13,3,2955
7d37875b-ceca-4f87-8110-80395ed0129f,Jasmine Fletcher,tmorris@example.com,2023-07-15 07:44:04,3cd8a555-c1a4-4a2c-b16d-f8207231b081,Gaming Console,PC Components,57,70e3afa0-e4e6-4850-aefe-b6a20b615d99,2024-06-16 23:09:58,2,114
95ad00b8-5e6b-493a-8be1-8e4027593746,Wesley Peterson,kelly47@example.com,2020-06-01 22:24:48,79dc133e-282e-481a-b321-974c1c7841f8,Tripod,Accessories,1998,ee49cc15-839d-4b35-8255-b043f733edf7,2020-08-16 23:31:32,4,7992
232ec3e6-77f8-4f38-89b8-bae1ff7fb8eb,Kristen Calhoun,murphyvictoria@example.com,2022-09-10 16:41:29,71f9d1c3-f4b4-4290-9729-ea2454b99ae1,Modem,Wearables,134,46b28d27-db10-4255-bfdf-2fa6ff33a0aa,2022-09-13 00:25:57,5,670
8bbe5455-ab63-47fe-8926-000b3110b572,Cody Washington,nathan04@example.org,2023-03-06 11:06:37,4261273d-78c8-46b8-a096-6f5e3914ff77,Scanner,Accessories,560,ded6b457-d279-4f72-a690-be8dff189ed9,2023-09-01 19:29:06,5,2800
02055941-55eb-46ac-a972-2cdb6f1c03dc,Brian Reyes,matthewwhite@example.org,2021-07-30 01:24:56,73893046-0bed-4f2a-9abb-588a4921e5c4,Fitness Tracker,Accessories,597,66611d68-4e3f-4b67-a37f-c719eefc70f5,2022-05-09 06:43:39,1,597
4c81222b-af40-4589-b0f0-6db1bf2af0b5,Lindsey Long,michaeljohnson@example.net,2020-09-07 07:44:00,9eb31525-459e-4a20-93a6-84d791e1f161,Network Switch,Audio,1563,1aa7712b-edf3-4045-956a-4d28bd79ea9d,2021-07-17 14:06:15,1,1563
e0e3f1d6-77dd-4fde-9b2c-54443b6b6744,Donald Robinson,gwendolynbarker@example.net,2023-04-24 06:06:34,254765c3-4aad-4c4b-9105-ea2de6795c18,Power Supply,Peripherals,1349,d7859300-f538-4c16-b3fa-2569cfe1f0b2,2024-08-04 18:08:02,2,2698
82ea106b-009b-441e-b378-86a6255a5744,Jerry Weiss,frankmoore@example.com,2022-11-26 12:15:23,18139222-4285-4fb8-9ff5-26c9f666c7eb,Router,Peripherals,995,c5010dea-3522-4305-bbd4-b20041c3e905,2023-03-08 20:48:14,5,4975
940bbbb2-0209-4f39-9f5d-d8b28dd6cfd6,Brittany Lawrence,ashleyhayes@example.org,2022-07-08 16:40:54,57cf1f40-d942-4751-84a9-f6af34866941,Tablet,PC Components,973,261bba58-2383-498b-b076-3a95dc0b610a,2024-10-05 11:55:16,2,1946
1a3336f0-4e0e-4696-a0e2-99c46c26da92,Cynthia Willis,chavezjason@example.com,2024-05-15 19:54:41,d38e2876-4ce2-4da0-a5cb-082196d9e684,Modem,Audio,1824,866cb543-18e1-4d6f-80ba-284ae80b5365,2025-02-02 16:22:03,5,9120
25f9a9b9-a16b-45fa-bada-b083701fc215,Rachel Hensley,christopher40@example.net,2023-01-06 11:41:07,977ef38a-cb22-4c90-b6ed-07a019597a48,Scanner,Gaming,1332,26f19926-8283-4d03-8040-2fbdb211e1f5,2024-11-06 06:46:21,2,2664
e6510be8-5dd4-4aa9-89d0-d4119424c94c,Karen Bell,michelleford@example.org,2023-02-23 02:38:37,af66e57d-c5d4-457e-bfbb-20d1957adcdf,USB Flash Drive,Networking,384,bab2f5c3-9eed-4042-a09d-53a8582f3216,2023-03-25 07:33:01,2,768
31cdcfe4-c4a1-4b7a-9501-0614e24e8ce2,Julie Perez,garnergrant@example.net,2022-12-07 01:08:28,0087beda-94a8-4e60-8a0f-34a4f8536d1e,RAM,PC Components,954,bb92cfb9-30a8-42c9-b70c-6e7787db149a,2024-12-18 22:37:42,1,954
7f9f1bd5-8807-4115-8b73-e0475d74c198,Christine Foster,wfritz@example.net,2023-07-19 08:26:09,99fdd6ea-79f9-45dd-9b85-88cfdb364f78,USB Flash Drive,Accessories,868,38a72ee5-b624-45c6-81a6-216cd5773eef,2024-06-15 04:00:01,4,3472
bab7bce3-75f1-4280-a6c0-20781f2626a9,Victoria Weaver,jbaker@example.org,2020-12-08 16:48:09,79f70967-9cc9-42ef-a724-370af3b6c8a5,SSD,PC Components,1618,27d111c1-3b15-424c-a24c-caa7408149a1,2021-03-02 22:12:41,2,3236
2bd9a239-d7fd-472c-ac03-2e5f230a7288,Martha Parker,sbray@example.org,2020-11-08 20:47:42,4ebe2f8f-6f18-46c2-88d9-3907441e9d5f,Headphones,Electronics,395,656a0735-5bcc-4517-872a-b383f307be06,2024-12-07 10:03:28,2,790
133d4fac-9c0b-4f96-b0f6-9c007c7f7c17,Pamela Bell,carlcarlson@example.com,2020-08-02 23:30:47,47ede77b-f448-439f-8d23-6e66648fc9fc,External Hard Drive,Accessories,122,ad89cb95-085e-41d2-9a35-de494e6d4f11,2023-02-28 17:27:05,4,488
ae401ac7-eba4-485b-b225-e2b7f8a39cef,Evan Oneill,lewiskent@example.com,2024-06-25 07:45:03,85de4d41-90a7-402e-8a3a-8e4dd46640e2,CPU,Networking,1772,52b633c5-d28e-4d60-a792-469271afd574,2024-08-11 04:56:27,3,5316
671b0fd8-f43a-4e87-8996-c57434346e90,Kevin Simmons,wadetimothy@example.com,2022-02-18 06:16:26,e85c772a-1a44-4a86-8d3b-f5bf8749688b,Keyboard,PC Components,186,ab5f0de3-cf23-46f6-9c05-ecf5c5ee8343,2025-01-09 23:45:36,3,558
2350b301-ee39-4c22-a78a-275dbfd3d994,Jessica Harris,shelby10@example.net,2024-02-21 14:05:42,a78ba471-3939-4ff2-bf06-f43455f59903,Charger,Networking,1202,e0a49ceb-cde0-4b26-a5fd-427e273ba3c6,2024-09-23 15:05:44,4,4808
cf749eb0-761b-4882-bc5f-357fa8889a95,Paul Jordan,wrightmegan@example.org,2022-08-06 17:53:44,0723eea5-e8d7-43cb-b904-a831ed316311,Tablet,Audio,1286,a21b2de1-d854-401e-9839-3e209145c549,2022-11-12 00:42:06,3,3858
d725a2b7-2a84-4839-951b-35f054d490c8,William Brown,kimberly81@example.org,2021-04-10 19:18:07,06527cf0-07ad-44cf-ac28-5430065c2359,Computer Case,Peripherals,1611,85eef1e8-99f9-4776-a8a6-f2ab286e18b2,2024-04-06 19:04:31,2,3222
dc858d88-97bb-4229-b265-7b76af34f1f3,Kevin Smith,alexwilliams@example.com,2023-02-12 07:36:33,d7f7c425-5eb9-4025-bda4-230a8f7f1038,USB Flash Drive,Gaming,750,c502a945-7144-4ac8-a785-18306a29c4f3,2025-02-10 00:58:51,2,1500
9bd75ceb-1596-4a9f-9207-b51f934ca402,Madeline Miller,james27@example.com,2020-10-26 13:20:58,01d77e6b-9222-4162-9ed1-090f3e73002c,Drone,PC Components,1941,bca8920e-c28c-4f1c-b03a-dcebc28dce1e,2021-01-06 21:05:45,3,5823
867ed818-025d-400f-abf4-2d6ac356715c,Stephen Carrillo,oliverjacob@example.net,2024-05-23 03:29:09,05d2b218-8ac9-45c2-9f04-c474b90d76b1,Fitness Tracker,Accessories,1802,c08bbacb-3f13-4d5d-a993-50bc2c39675d,2024-11-21 11:35:12,1,1802
d312f043-4927-4048-a34a-f023bba2ec8a,Lisa Castro,eschultz@example.org,2020-12-01 17:50:18,84d11197-4627-4b97-ad3e-27858c85e625,Router,Networking,1286,a1599c15-290e-492c-a3d2-1a71d38e353b,2024-04-30 05:33:16,1,1286
283a3b1e-c0bd-4dae-b377-0553f1724974,Deanna Tapia,gkline@example.com,2023-03-28 10:20:18,9b1e508e-b8c2-4d03-ae3b-bb37b142793d,VR Headset,Computers,1869,b79f8600-e2e6-4087-bc33-3e903e0dc2ec,2025-01-09 16:08:43,2,3738
0b1c6a8a-ac5c-4838-a596-a5a4a43bb36f,Erik Phillips,villajoseph@example.com,2023-04-27 05:13:17,380c4211-2696-44b2-812e-9639ab9ee899,USB Flash Drive,Electronics,612,c3b46868-9e19-49fb-b8d6-d16f76093035,2024-02-10 03:24:31,4,2448
bc2f0cbe-0227-402f-aca7-4894f883ab8d,William Peters,rubiokevin@example.net,2023-11-04 23:47:02,75b526a2-795a-4f5a-93f8-05759c14e723,External Hard Drive,Electronics,225,48b14cdb-0c9e-46f9-88f0-1848d795867b,2024-07-08 01:05:57,4,900
ac7c9452-c304-4b84-a2c3-ef26cb73f6fd,Andrew Anderson,gwendolyngray@example.net,2024-10-29 06:07:09,bd59433e-1515-4e81-9f7b-373e64faa780,Mouse,Electronics,1981,bb7f74ed-e97d-413d-bcdb-8077798bd6ef,2024-11-10 01:56:28,2,3962
0f500ad6-559d-4cbc-89f5-d789a6fd3597,Charles Franklin,osmith@example.net,2022-06-23 17:24:32,26d47d85-8874-4971-984e-91e52151f0be,Fitness Tracker,Networking,1830,84227391-8bd2-4327-92b0-aad196c88141,2023-02-17 21:33:38,3,5490
748a13ed-eafc-419d-9d98-e50ea98c1e89,Ronald Robinson,karen04@example.net,2022-05-03 22:50:32,085ba8ca-7f03-4971-b18f-b44e68a3b8a7,RAM,Wearables,37,7dd3a577-2e42-4b3d-aacb-3bf899b44079,2023-12-17 10:08:43,2,74
a9cc78aa-b24a-42b5-8200-c6f827efa61f,Shawn Reed,tina68@example.org,2022-06-30 21:31:41,9d256aff-0ea6-4185-80c4-708e9bb07b45,Bluetooth Speaker,Photography,1691,f3ba0937-639b-4366-a2a0-c36d0e75656d,2022-07-01 16:08:05,2,3382
1c81ae99-e4b1-4f50-ae97-3dabc6f3f412,Stacy Page,briananderson@example.com,2022-04-17 00:53:48,20303fb9-bd53-4182-a2ad-4bb1a8b7a997,Computer Case,Wearables,588,0867016b-2bef-4990-883a-31ed4b6280d5,2023-04-28 23:11:29,3,1764
db9eb0de-1914-4086-9580-45738d93b792,Cody Pierce,elizabeth70@example.net,2024-07-26 15:50:16,2bd593bf-125a-4d71-a496-bedb0c543b68,Charger,Peripherals,1665,a0558196-d410-4d2e-a7c7-717969801d8d,2024-09-28 08:04:52,2,3330
14893ccf-64aa-440e-9de6-58ebb2e16eb4,Timothy Smith,fcrawford@example.com,2022-11-18 21:26:36,7811ba46-d117-44df-882c-7b394466e2b8,Tripod,Computers,811,554e1338-522f-4d21-981b-be61fd48d404,2025-01-28 11:10:29,4,3244
9fe65ac2-4aa7-4eab-954a-5a34a5abad9d,Robert Liu,ghunt@example.com,2020-11-01 15:36:13,11df3e01-2065-4c74-91cf-77961282c012,Power Supply,PC Components,1772,5b158648-7b9b-45b8-ac3c-3340740c5941,2021-02-04 21:52:10,4,7088
5bb45f43-ca35-460b-88a7-3a2f17ab78bc,Stephanie Taylor,jeremyford@example.com,2022-01-13 01:12:31,df3c9ac2-bb1e-49cb-8bae-288f405b229d,RAM,Computers,1319,ad14db28-ea93-4783-85af-1c1dd0340080,2023-07-14 03:35:44,5,6595
9ac7adfe-079a-46cc-9038-946fbc8685c2,Patrick Pennington,smithjohn@example.org,2021-08-28 00:06:07,c4167f74-febd-42ec-9277-aee85e764c68,Printer,Gaming,874,c129fed0-fb69-48f2-b4e9-171c33a7efa1,2024-04-24 01:36:19,5,4370
89567540-5106-476b-ae48-0c272ee82722,John Andrews,jennifermcknight@example.net,2022-10-02 03:48:49,fd875911-e238-49eb-9b5a-77d7d5781a22,Bluetooth Speaker,Gaming,691,7c95f884-db8b-4e78-b0cb-0cbc37cc76b9,2023-11-03 21:55:14,3,2073
5f6a7468-ded7-4a16-8955-8a5e50dab935,Anthony Fletcher,mark70@example.com,2021-04-29 19:30:17,a4b6b436-5924-494b-a9f0-aa14ba2e8efc,Camera,Accessories,296,fe2f60ce-8f20-40ca-9037-b9c733075939,2022-02-17 03:40:41,2,592
2f96658a-4e8e-42c6-8fd4-a9add47f1a8c,Caitlin Johnson,esmith@example.org,2023-04-10 05:46:23,3b7e2dfa-af89-4ccb-9002-d7d50b7fa1f9,Motherboard,Wearables,1384,98eb5dcd-92e4-40e6-967d-5efdabc6d448,2024-06-29 13:28:43,2,2768
17be34e9-98a7-461f-a36d-c062daecba9a,Cynthia Dunlap,reynoldssteven@example.org,2021-07-20 00:57:55,6f9a9fe3-f599-4a00-849e-d966c10e12bb,Camera,Accessories,250,6ad36095-d9a1-43eb-b2ae-ef9749124bca,2023-01-31 14:34:53,3,750
7e9025fe-86e3-4640-9862-b4b06a71d857,Ryan Walker,monicahawkins@example.org,2021-02-24 12:03:39,b360e1f3-45c7-461d-b951-963bff30217d,Keyboard,Computers,232,c62f0338-155b-4d74-ae26-7626360dfca0,2023-07-05 22:29:53,1,232
1599de57-96f0-4aca-9882-7349ca8d8853,Michael King,michelle31@example.net,2024-11-06 08:48:15,00c3323f-874b-416f-b9f8-46fb6cae4ed6,Modem,Computers,1531,d9767eb7-e4d1-4fee-aa0e-b7bfd2172882,2025-01-03 12:38:46,4,6124
c4c7d547-40b2-412e-8b1c-2e926ad76dc5,Monica Marshall,melissaspencer@example.org,2021-11-22 05:12:33,6de64efe-8aeb-4ed6-9624-fd71376a913d,Microphone,Audio,1431,c14e1f9d-58f1-42db-9eb8-c2bddfb866d7,2022-08-31 10:37:16,2,2862
b2921c70-2987-4044-b48e-85548e43168d,Renee Melton,erin82@example.net,2023-01-19 05:18:40,b28a8bf3-0341-412f-8f87-5076b24f3c7b,USB Flash Drive,Computers,989,f1c624e2-8137-45a3-a76f-57d614f9e346,2024-04-05 10:25:06,2,1978
6162f574-c6d4-4f5b-81fe-2fbeaa570a92,Amanda Griffin,sullivaneric@example.net,2020-10-08 05:11:25,c8074576-f8e1-4c2b-8e97-0a6371d07b5f,Headphones,Audio,1848,bcbbb136-aad9-49e3-ab15-e174fd03b749,2023-12-26 05:40:19,3,5544
fd3eefdb-601d-4194-8a99-87343614f98a,Jonathan Hernandez,owensethan@example.net,2024-02-19 00:10:40,4ef32cd8-1930-4ff8-886c-4ee3324387f9,Tablet,Accessories,1142,4de2ec74-1835-4d2c-8b05-83b6a0b74bbd,2024-06-25 19:59:57,3,3426
69c3a9b9-1d59-4937-8a46-980bd781a8c1,Debra Morris,johnsonbelinda@example.net,2021-05-03 06:10:51,9530ab02-cba9-45c4-8a40-7bc2c4d51334,Printer,Peripherals,218,89fbe78a-f7d7-40f9-86ec-b56a90a96eff,2025-02-11 13:52:40,2,436
ac207a64-f8a3-4f77-9616-6698ef286667,Vincent Jacobs,tmason@example.com,2024-08-08 21:47:33,0a26802d-50f4-4efd-ab1c-c51b4cdff896,Router,Gaming,159,769dd8fe-e716-4201-a8a8-cb91cf070904,2025-01-07 03:41:19,3,477
e73bdb0a-24ac-4b8f-8c8c-ff78fecd95e4,Kristen Wilcox,lsmith@example.com,2021-01-19 03:23:50,7adf7ce9-dc52-41e9-9e86-8f9c4de18843,Tripod,Accessories,43,0c1ec6c2-b135-4bca-bd58-21604e374ebc,2023-02-11 15:56:50,1,43
85aff189-0080-499d-9f29-76b35a30a359,Jennifer Thompson,scastro@example.net,2022-09-11 20:07:06,e0cdb50d-b9ba-4459-b96b-88fb5f46b42f,Graphics Card,Accessories,939,732c445e-f2bd-4c6a-b4e4-8dd8f5a828f9,2024-10-26 03:21:21,3,2817
681087c7-0ea8-41ae-9192-0ef920860b25,Sarah Mack,mporter@example.org,2023-05-01 18:18:14,147ecd67-a1b8-473c-b549-29deff993f9b,VR Headset,PC Components,1892,f1c5c19b-1702-4d1e-b143-ff36c6b5dcc9,2023-08-07 18:44:48,4,7568
5a5c2f55-19d3-449f-a210-dfc6c9271e81,Katherine Foster,usosa@example.net,2022-10-10 20:35:30,9209ed5a-c8c3-433e-b70c-1d0e7b9f80ab,Motherboard,Networking,621,a7ef8457-1af5-4955-8b38-3fce6491396d,2025-02-13 23:43:56,1,621
6172635d-62a0-4be9-bb65-447ea8690c51,Kevin Mcgee,psilva@example.com,2022-03-26 22:23:07,8818d02c-99f1-4a47-a0a7-a7675e011aa0,Printer,Electronics,1640,f3edcd5a-cf19-4f12-ae39-25eaca3038e8,2025-01-13 03:31:26,4,6560
f93889e5-900b-445a-9f38-df91c552828d,Keith Levy,omyers@example.net,2024-11-13 10:16:39,81dac801-5406-451d-85c7-2d11292cda9c,Mouse,Networking,697,db8459d6-d7d2-4299-9922-f5c860ccfac4,2024-12-25 13:11:56,1,697
a48a10c1-5bf9-49c3-9a10-cc26dcb1c832,Kevin Rodriguez,anthony31@example.org,2020-10-13 15:58:49,288ebadb-1e11-45f3-a964-f4552192e671,Fitness Tracker,Photography,1192,1700665b-dc9d-49ec-89ea-4ce923ab118c,2023-10-18 13:36:18,2,2384
3c3a98ab-3c60-4471-a8de-338ffd89db35,Patricia Wells,whitesamantha@example.com,2020-03-23 23:41:24,545cf77c-0ca7-4924-b1fc-f37fb4db558f,Smartphone,Peripherals,1942,580bdb04-c664-4621-89cd-497a3a92754e,2023-07-29 18:07:04,1,1942
43f03943-3300-409e-9d57-319c9a59edd5,Mary Jones,mbaker@example.net,2021-05-09 18:32:43,f278c3f1-db9d-407a-a238-3d96f59e4e0e,Fitness Tracker,Photography,753,55453605-7e9a-40d0-a48e-b84159dec9b2,2022-06-15 14:24:46,5,3765
50b1826a-3257-4274-9cab-47b9983a9568,Julia Brown,tammywilson@example.org,2022-04-10 12:31:50,af84efb0-7a2b-469c-897b-5c19f8dc56ac,Tripod,Gaming,1276,fdceef39-75b5-4454-9333-a3e884eead87,2023-06-19 18:50:06,5,6380
1ed856ee-70c2-4262-b12f-b0fdf7ddd5aa,Cathy Hill,bhall@example.net,2024-06-08 12:23:35,59bff0e7-ba82-4d88-aaf9-b5c600a9ad47,Printer,Accessories,1838,6f4c77a6-c49e-4a10-9f84-8cd063b56c0c,2025-01-12 01:35:15,5,9190
6ab9b7c1-f9cc-4bc1-834e-5da45c989179,Dr. Melissa Russo,frankkim@example.org,2022-08-02 15:08:11,e7a8da67-c4a8-4caa-9c61-698fbf00a719,Keyboard,Photography,1978,993165de-a3c6-44d2-83af-03aa3e672082,2022-12-02 17:21:41,2,3956
ca185cd1-d5a4-46ff-bdce-53adcba33b86,Thomas Miller,nkim@example.net,2022-08-19 11:17:54,3fd15786-3bb9-47ef-a910-641a3b521509,Printer,Wearables,860,95325744-7f03-4a88-af1d-9ed7bf8acc83,2024-08-11 06:05:11,5,4300
818ff9ae-eb17-490c-aec2-77b335bd6859,David Taylor,andersonpamela@example.com,2021-08-30 05:57:17,278428f6-fcf9-4720-932b-c84f88e65dea,Webcam,Peripherals,437,c1d4656d-5568-40a6-a7db-0ec3f493cc6f,2024-07-25 14:33:06,1,437
215d325d-b839-4f2b-974e-4df72c6565d6,Ricky Young,uvelazquez@example.net,2023-10-17 08:39:00,ee4e22e1-8871-4116-a72e-7aebe028b920,Gaming Console,Audio,442,1493cd5e-a678-4d3e-9311-e20837a33646,2024-10-21 19:43:07,5,2210
93a55092-d8a3-4062-b382-84f5138ca10b,James Williams,randyjordan@example.com,2021-03-19 10:42:06,ee5cd81d-b59a-400f-8f36-da9abdb89018,RAM,PC Components,1191,f000eeb6-74b2-48ab-bb45-9c17bdf9258b,2021-03-23 21:09:01,1,1191
3d4901ac-86fd-4b6c-85cc-c02096dcfa3c,Sarah Martin,stephen78@example.org,2024-03-22 09:51:02,1eea8d60-8f12-417e-b3bd-d6c0ca7bb762,CPU,Photography,1969,0a1b595a-f923-4126-8316-7ab4f077381f,2024-11-11 13:05:48,2,3938
66f5e842-1357-4355-a0b3-c81dd909eee4,Danny Buck,vanessa03@example.com,2021-09-21 11:15:49,f1ad8ae8-87e5-428a-9ca4-be725a494040,Power Supply,Wearables,702,8148dd47-277f-48c6-be82-4b1aadd0fe98,2022-10-28 16:09:39,5,3510
adc62250-aa79-4983-838e-687fe8c29a11,Darlene Thompson,natalie67@example.com,2023-12-31 05:52:30,e1d82a28-b420-4ee3-94ab-d77eb10e7d3f,Keyboard,Computers,243,74848588-254f-44df-8598-49f68fa6c465,2024-05-19 04:20:39,2,486
7f1d9f00-f87d-4c6b-a24d-5821a04a92b6,Jason Steele,weberjessica@example.com,2020-09-04 18:55:52,5807ca68-d923-4900-b911-f6c2f2877eec,Motherboard,Photography,965,af5211a1-08eb-4a48-a5ef-5e5d5610fd15,2023-05-22 12:44:25,4,3860
3f2375d3-806d-49af-9035-cbb2b05adc10,Steven Olson,estevenson@example.com,2023-06-19 21:49:36,4d73710b-ba5a-4e1b-a713-d7ec8e425047,Gaming Console,Networking,706,6850c7f5-d312-4638-b2b7-fe656f13170c,2024-09-14 19:23:21,2,1412
f2929476-a749-480a-bfe6-8eed068062d9,Charles Cobb,umcintosh@example.org,2022-09-19 09:30:24,792a7b68-7a53-41dd-af9e-025c0af675f8,Drone,Accessories,1816,c1a34147-e529-41d3-8469-3b43890198fe,2022-11-19 21:44:44,4,7264
b1125be6-ab46-404a-9371-3ae7a2cd7157,Joyce Horton,smithmatthew@example.org,2022-03-27 16:18:35,67f6f5c8-1b83-456b-955c-8685f756b46f,Power Supply,Electronics,639,514c130a-c0e9-4c23-bfe5-22b93e9962d7,2024-01-26 23:26:12,3,1917
58ebe638-502a-4595-9941-35bd40317005,Glenn Bryant,hayeschristopher@example.net,2023-09-01 21:12:22,ad6d7341-f972-4b07-ab2c-05885d8cfd14,Graphics Card,PC Components,817,a30bde43-4f93-461d-bcb2-521fbfaaa16c,2024-12-04 20:26:32,4,3268
6d499bb9-3462-407d-8fea-ac7da117a8af,Jamie Bray,brendan77@example.net,2023-04-30 05:34:56,b142dc3f-66c7-44cb-a249-f2805c3d5f19,Webcam,Accessories,1306,8b4c1eff-25ad-4a78-ae7f-0dbedc89cfef,2024-08-04 00:46:50,5,6530
2290438a-3c9d-44a4-b93c-7428e0fca86e,Karen Murphy,rachelburns@example.org,2022-08-23 11:49:09,ba6e757d-b83f-4034-87a0-4f66c1420216,Smartphone,Gaming,1439,94cf129c-8725-4d28-997b-d98608f6c6c8,2023-04-24 06:18:05,1,1439
742df2fa-9390-401d-97ed-a4ea26a74f9e,Angela Bailey DDS,jessicawise@example.com,2020-12-25 18:50:49,212e814f-e1f8-4758-b990-d327d5873764,Monitor,Photography,811,cb097b57-1abd-4c9c-a431-da7d484f82a2,2021-10-14 06:45:33,3,2433
e8fae77e-7581-4748-97e6-2095749e4523,Julie Henderson,castanedajames@example.org,2022-08-31 02:26:36,d9adfb28-e329-47c9-9a7c-141df7a86ac4,Smartwatch,Accessories,1961,b04ebaa9-0f1e-4e3b-a38b-5c8544cde9b6,2025-01-21 20:50:29,4,7844
95ab1d38-e81c-4c18-88a4-8ab12ce9551d,Amy Hughes,johnjones@example.com,2020-10-24 02:47:33,85336699-d9f6-48a1-be96-6066f427b18b,Gaming Console,Photography,791,58db6074-665c-441e-b909-7ae5eaf92b73,2021-06-19 16:48:29,4,3164
c3d49f47-822d-43f7-b878-7cb5aeb241cb,Warren Smith,amanda27@example.net,2020-08-13 10:36:34,b2dc765e-740d-4968-8a0c-f28874a5a77a,Network Switch,Networking,397,63c287e1-7faa-4451-be19-45e7d877e87a,2020-12-16 03:48:10,4,1588
e39ceaab-2133-4b77-acb9-e219287921a6,Douglas Harper,alexisrodriguez@example.org,2021-04-09 19:00:01,de25e6aa-d2b1-4ace-a557-74a75aabf732,Smartphone,Audio,969,dd4b7804-6730-4a3e-8900-e0d2c3bc5008,2021-09-10 11:58:03,3,2907
6908b6a7-9d1e-472b-bd9b-b1494cee78ce,Amanda Stewart,nbaxter@example.com,2021-10-28 12:33:16,6e7d0cb4-d30a-42e3-890f-109389ff60f4,Monitor,PC Components,868,a71d16d3-b82b-43a8-a16f-91984490c4bf,2022-02-14 11:51:42,5,4340
377aebe6-cd02-4866-b116-60a6c2529866,James Davis,oconnellshawn@example.com,2022-06-08 14:46:39,27e5f6c5-4cc1-4f69-b739-4b07305add5c,Drone,Computers,443,849e787b-d134-4dc5-8e18-67446c614053,2024-11-07 21:45:36,5,2215
82d848b5-0d24-4b9f-8990-1c0b3b5b51ad,Tyler Church,lauren41@example.net,2023-09-16 20:05:54,925238a8-a19d-44e5-854d-d638d6cee630,Keyboard,Computers,1886,a83ee03d-f02d-4ad7-aa6e-1f50e23d0f52,2023-11-08 23:44:33,3,5658
3b050a6e-7e62-4008-8923-2d1cff9598a1,Logan Morris,williamsonterri@example.org,2021-02-26 20:34:27,f5a66b04-d405-46ae-8c80-566c43784b44,Keyboard,Networking,1642,ab5f59c5-e378-42ee-8df9-278239649c98,2025-01-19 07:46:20,1,1642
72e6f162-8d92-4d46-a930-f683395abcef,Kelli Reyes,edwardjones@example.org,2025-01-29 05:02:48,68f53dab-418d-495e-8e93-1dcfe31fa212,Printer,Electronics,1128,f9890464-7b17-4ec8-b1d3-97c3bfabd8ea,2025-02-13 10:50:03,1,1128
fb6bb743-1f5a-4f4b-820f-daff57cc108b,Emily Nelson,erikharris@example.com,2022-09-14 02:46:56,b8a0b38e-4245-44c7-b8e8-536af7328446,Router,Photography,675,8e650cc3-c8d5-4cb4-a039-771d40d0c2b2,2022-11-08 17:47:52,3,2025
0c5700d0-6ac4-40b9-9c0c-af2d20bb4672,Stacey Castro,pcruz@example.org,2023-12-28 19:54:02,a910d584-7518-4b7e-99b7-bedab192b67b,Microphone,Gaming,653,43c93703-a28a-4c51-80c0-ea4ef59177c1,2024-08-06 02:08:26,2,1306
679cfa37-4808-478f-93f0-42a48ae80226,Jennifer Owens,ricesarah@example.org,2021-01-06 04:27:41,cdabb6d7-a991-4873-bdd2-63b6b249dbb6,Drone,Audio,759,bda8f3b3-dfc4-487b-b509-97de58bb714b,2024-05-14 05:47:28,3,2277
7a8d9553-e2f0-4b9b-968c-6161ef4f68eb,Dean Campbell,halldebra@example.net,2023-08-04 22:52:42,ed627e67-70e2-4db4-85d3-6b300f6d7320,Smartwatch,PC Components,118,26a28bc8-7472-4b52-908e-420ff14eaf32,2025-01-10 17:09:09,4,472
eb307124-9e27-4362-8f36-41c5d967d3fd,James Zimmerman,suzanne27@example.com,2021-12-10 19:27:40,34dbde6b-bf1a-4454-a661-3d67a61e74c3,Printer,Networking,977,eaa0bd5f-920a-4b85-a41a-c031df181cd3,2024-09-28 19:15:52,5,4885
c9d64690-f52c-4733-9c5a-83b4287cb4bd,Bethany Mckay,solsen@example.org,2022-09-20 11:22:44,3ad3175f-1e23-4762-af6b-f1ec40bb788f,Network Switch,Networking,1685,46a44a35-3c40-4623-96e7-c2921ae69db3,2024-04-17 17:06:26,3,5055
555da1e4-d334-4f1b-ab57-54aa4eb5af5c,Shannon Wilson,justin83@example.net,2024-05-08 12:38:39,cf1ac1ec-aa5a-47c5-8b83-53eb80902ee7,Camera,Photography,1331,164551ae-5e01-4743-9c83-8e795831091b,2024-11-01 02:18:49,2,2662
5ee10eb1-53ea-4b2d-b293-5cf50984b136,Hannah Sutton,hudsonsteven@example.com,2025-02-22 19:07:07,5b939136-faa1-4e4a-a1fe-0a06543a3bf0,RAM,Gaming,1346,3e81be15-125c-4516-964b-c03295c117e4,2025-02-26 07:39:46,1,1346
9475bcfd-90c7-42e4-89ec-5cb10c9b09ac,Mary Bonilla,bgreer@example.net,2023-05-18 23:15:39,0ff3b3fd-0c1d-4acc-8a38-05d37bf844a4,Laptop,Peripherals,1710,8fa21f59-0b3b-47b7-9936-1f1fe6a3a0db,2023-08-14 01:46:14,4,6840
60b085a0-13be-434a-903c-6d1a09e8730b,Veronica Thomas,jacqueline73@example.org,2022-01-05 02:31:41,28d5d521-3740-496c-bfeb-b2d4a5703ad6,RAM,Photography,1138,40c73e27-b4be-4473-a4b4-65b6d7c4629c,2022-03-05 06:12:49,1,1138
6c19c537-8085-4403-aa8d-d35f8952a490,Denise Tanner,huffjesse@example.com,2023-12-03 17:00:16,9863b58b-0f2e-4384-bf20-20620061705c,Printer,Accessories,383,554a2fa1-c887-48c8-a7ce-a89cb6d8b6fd,2023-12-26 11:02:37,3,1149
3d134eab-348f-4768-acc5-b3b89c04fad0,Brandon Wagner DVM,billyhowell@example.com,2022-05-18 23:45:47,86e19b4b-7646-4c4c-a640-6f87a3bb891a,Tablet,Accessories,864,08dce3ce-20aa-4e3a-868b-26c722dbc7b5,2022-12-07 16:11:31,1,864
6247d89a-dffe-45d7-83b9-4f908c2d3d08,Erik Washington,monica44@example.com,2024-12-19 16:33:16,20d27d22-0e16-404d-b7b1-a43999bbce4b,Camera,PC Components,1031,957930db-cc20-4a7c-b9b9-728a1d1075d9,2025-01-28 06:36:11,3,3093
80d2668a-8e16-4bb4-8c96-1c35cc2e3dbd,Loretta Greer,kherrera@example.org,2024-06-15 13:02:53,a184db27-552f-4c93-95bc-0eb435a170d2,Drone,Accessories,1920,3b2be048-f862-4426-a416-b8ea0e7792ba,2024-10-04 07:30:12,5,9600
b7c7fe07-39d8-47a6-89e2-aff712fd228a,Robert Berger,marisacampos@example.net,2021-06-03 06:17:25,c0caf5bd-c526-4498-a288-372db6467ba7,Motherboard,Photography,1178,7177f479-cfcc-4cbe-a672-e17ed279bd40,2022-10-29 14:25:52,5,5890
065662b0-2a5e-4bc1-bd28-f05b894d183c,Melissa Marshall,kylecruz@example.org,2020-11-09 23:31:39,1d755125-63b2-4c67-8211-4b87faaa56f9,Gaming Console,Computers,310,eef2dc8b-3150-4c59-934c-6788f830a716,2022-12-24 08:50:12,3,930
42daf3f8-7d75-410f-b461-3a352508ba3c,Melanie Scott,andersonwhitney@example.com,2023-09-06 18:07:30,ff9a741f-d725-497a-a044-36cf0f4577d9,Monitor,Photography,1955,5e268111-d261-44c0-9991-cc640f7ed7cf,2024-10-13 09:50:20,1,1955
19d1cfa8-ffc1-4dd9-b210-ffbe49de6434,George Parker,cassandrabrady@example.com,2024-05-26 00:28:48,32b3b042-6ead-4e95-8df3-c4a6c33724be,USB Flash Drive,PC Components,285,5e0943b7-3442-469a-bc58-2582b94a147e,2024-06-26 11:09:50,4,1140
555117fc-33a1-4b6a-8392-1789d3f20c85,Richard Gibbs,nguyenstephanie@example.com,2020-04-17 12:41:34,b1a75479-31fc-4719-94ee-f0f78a1676be,Keyboard,Electronics,1929,aca02a52-e075-468f-9808-3ea91c95afde,2023-08-29 08:44:31,3,5787
c6c118e4-1253-475a-ade3-000a63a1c9c8,Gabriel Torres,ayoung@example.org,2022-11-17 01:07:13,712528ce-6e76-47c6-be45-518e42b77b0d,SSD,Peripherals,824,097b915a-2aed-4f05-96f7-7d8b4daec352,2023-02-18 22:30:13,3,2472
e8df2ee1-8808-469c-bba2-d268f1b4f3c6,Carol Blake,marklittle@example.com,2023-02-23 09:12:26,3067fb43-bf3f-47e9-928b-c472791e3b02,Webcam,Photography,1522,5d3f9b28-b91e-4d57-aebf-487fa0baafa9,2024-10-27 11:48:48,1,1522
dcfd7f49-f35f-4e83-89e2-ec2f543d6bee,Melissa Gonzalez,tinadiaz@example.com,2023-05-13 18:23:15,86795107-c32a-4271-a417-275927e2bf29,Microphone,Peripherals,449,e67205f9-f54c-4c93-9117-acaf9feaeccd,2024-12-01 09:28:38,4,1796
ba3a411e-966a-4f5c-b58e-31719039d2a3,Catherine Rivas,rodneyhaley@example.net,2025-01-06 12:48:43,00daf619-eb34-49e4-8d3a-6c6c125a7853,Mouse,Peripherals,1036,5295f30c-2bed-40ae-a29b-b4bad70cfb16,2025-02-05 17:21:45,3,3108
4511ac7e-bded-47b3-87aa-a049ef05d982,Mackenzie Wilson,rossapril@example.org,2023-10-12 16:52:49,458b35ca-9497-4a68-9ea2-597764c6a7ab,Tablet,Peripherals,1060,d226b24e-a819-4772-83d3-e1b6e7db6644,2023-12-01 08:53:12,2,2120
1b3e19e6-cfb7-4c6b-aeed-17411c5523d0,Gerald Marsh,inguyen@example.net,2023-10-03 08:27:01,3365dfdc-aaba-4225-92af-de46fc6106c4,CPU,PC Components,455,9cf15af6-2dc7-4afa-b263-2b0f0bb1308b,2024-04-25 16:55:44,5,2275
4cf110b2-140c-4bb9-9928-4728363d9d6c,Charles Porter,hernandezcourtney@example.com,2022-05-20 09:07:07,7b1fcba5-adc6-4642-9ad9-13747f3dde8a,Bluetooth Speaker,Wearables,1341,2d509989-7356-4d3c-98e6-ab701dad7e66,2022-07-04 15:46:31,3,4023
7e697ae7-0d5a-4271-b1eb-78c5d9fe7c38,James Moore,harringtonandrea@example.org,2023-08-04 19:49:07,086077f8-20ce-411d-a121-17899406faf2,RAM,Networking,1168,76c3890f-03e5-4ace-ac3e-10b3a48ab4ee,2023-12-26 09:42:00,1,1168
f3a48132-ed76-4458-99a0-1b79c9b912c1,Samantha Clay,heather47@example.com,2025-01-03 09:27:53,96cb43a1-541a-4cdf-8ad1-76f543239421,Tripod,Audio,560,b7ee0a78-1a29-4e9b-83c9-ba7ed18e685a,2025-02-02 19:36:28,1,560
e701f275-de2a-4c7a-9dd3-6bfa3f0a7b14,Carolyn Moore,dianesullivan@example.com,2022-05-06 01:43:07,0fd38ff6-b6d2-4579-965f-7e4178ccc918,Network Switch,Photography,935,0967363e-2ed2-4876-a7a8-ec348aea67b5,2024-12-04 16:49:02,4,3740
eef4f42a-4c9d-47fe-aa78-28afc6988ff3,Daniel Pittman,gmorris@example.org,2021-01-21 08:19:37,3029b267-6e20-44c2-963b-73350f4fa3d5,Microphone,Wearables,1079,d0b11f66-fafa-4ba1-8248-5e509659755c,2021-09-12 12:26:47,3,3237
a3109542-922f-441e-ad01-0e5cb471f3d6,Sara Thompson,wskinner@example.org,2020-05-08 22:20:59,7b443ae9-feee-4886-a6e3-ace72c624d7c,Smartwatch,Wearables,248,91d57c28-5354-4767-9cc1-418af17328a4,2024-03-23 05:14:28,3,744
4985a9e8-377e-4b7c-b8a7-ffb7bc92b28a,Lauren Smith,xkelly@example.org,2023-02-12 03:46:29,edf32bbd-3160-4f2c-8f1d-4b7758f14788,Monitor,Electronics,603,70d08c2f-1dc7-49ac-9944-b5256c1f8a58,2024-08-09 19:06:25,4,2412
f4dc792a-6a5c-4a3e-beaf-ca4900a76dd5,Robert Edwards,crystalwilson@example.org,2021-01-09 00:03:38,e5b10812-9c4a-41a6-9e30-aeb533b8407c,Charger,Photography,1316,62ef9486-a538-487e-9283-010fe92ca73e,2022-05-10 01:14:33,3,3948
1348375d-89da-4a59-81b1-7c5d8cf1ac95,Sharon Gates,saracarter@example.org,2020-08-27 13:16:37,aa7629b5-2ede-47da-bbf4-14ecc977515f,Scanner,Networking,1242,bfd3d8f3-3ed5-433f-9f5a-24a8c20a4925,2023-04-11 05:12:14,4,4968
3766f778-3b02-480f-9b3a-ceac024b6e36,Jonathan Church,dstephens@example.com,2020-05-23 13:03:38,61c12fb9-e63c-41fb-9a94-39899d791d48,Power Supply,Networking,299,13a873df-8931-48d4-870f-9319492d5ddc,2022-10-24 19:13:36,4,1196
d163352b-0858-4d76-91e1-038955948d78,Dr. Anthony Butler,susansmith@example.org,2021-12-30 09:18:44,4b2b0e08-2edc-4233-92fb-b6c3b3f896da,Router,PC Components,1764,8f306fad-fe2c-4746-9d32-883b42573954,2022-01-01 11:41:51,4,7056
24960025-098f-4693-af5c-89550aaf26a2,Keith Graves,rogerstimothy@example.net,2023-07-12 14:18:15,cc62cb87-93d1-4054-a2f4-98e9d0dfd4ee,Monitor,PC Components,1365,00986ea2-e2d6-422f-b555-7d5a8ee0d865,2024-05-26 23:17:03,2,2730
d7cf2685-0a0c-4eb7-951c-709ffb18a41b,Terry Mason,jodi27@example.com,2020-05-19 03:08:19,837b6b3f-9929-443d-b357-896b20526b73,VR Headset,Gaming,1195,489b9324-b729-4dcd-904e-9c4bb8f26f43,2024-04-10 05:59:14,4,4780
5d1819aa-35b5-4e01-a2a4-5a4d968520bd,Mark Phillips,megan43@example.com,2020-06-21 09:29:07,68f59ca8-0504-43df-bd79-4fcc639f838b,Camera,PC Components,52,49bd6800-bb41-417f-b664-19b4f71fdc82,2023-07-24 04:09:29,3,156
6868cab9-62e5-482a-a2f3-b6e635fdbce5,Noah Perkins,ugarcia@example.org,2024-11-17 03:46:05,aa2263fd-47ae-43a1-bc65-a00b471dc4d2,Scanner,Wearables,345,d8410fd7-7837-461b-a3fc-a80b81c5eab0,2025-01-21 04:33:38,5,1725
ca2c279c-1c9c-4055-88f2-9a34fd32a2ff,Luis Brown,aprilsmith@example.org,2024-01-16 19:26:56,f2b32a50-d969-460b-9d35-92c285ee6c76,Monitor,Wearables,21,93525c25-b11e-44bf-ba0f-ef313c097f3e,2024-02-22 21:18:46,3,63
a6262c47-e9a0-466f-ba28-43f41fc3ff14,Lauren Hodges,hendersongeorge@example.net,2023-01-03 10:31:56,b9f156f3-ed39-47d1-ac9f-a729642f3db3,Webcam,PC Components,1442,13a873c7-616f-4c2f-9885-c21d12d5d300,2023-11-14 11:54:43,2,2884
58dd6229-4325-4f66-b0c6-9bc16e54222e,Michele Robinson,frankhull@example.com,2023-12-24 07:39:01,2778e0ba-f422-403a-a674-017ddc9769e1,Computer Case,Gaming,1076,73fa2e59-1c11-4bfe-bf4a-3e4d700aeda1,2024-12-08 22:24:06,1,1076
ba9cc323-75e9-48e1-bf26-6d37f5f78736,Danielle Campbell,bryantwarren@example.com,2020-12-20 07:37:25,e66aa734-80a5-41e6-8d0e-4fd38a70732c,Camera,Computers,603,4189be6c-edee-4346-a744-bee252988946,2025-02-12 15:52:40,3,1809
08dde558-8a27-4520-a497-96a2308ff4ed,Andrew Mccormick,bryan30@example.org,2022-07-12 19:28:52,f5c50c64-f2bd-43e4-a007-90f9a2b8976c,Power Supply,Audio,913,fdff18d0-a79b-4fde-a95a-a24292cb712f,2023-05-21 10:46:41,3,2739
5360b64f-ece9-4040-b34d-41d01693a1fc,Katherine Mccormick,kylejennings@example.com,2024-07-02 09:43:15,77362265-b2fb-42e9-8e37-b62529e87e44,Laptop,Photography,1121,76107220-951c-4158-a442-cf7b68ed1a54,2025-02-19 03:53:26,1,1121
1425c25b-da2a-494d-b5f8-ae69c5cd1e7e,Joshua Blackwell,marysoto@example.com,2020-11-14 02:38:22,3460b778-d23b-4e60-81d6-f66381bed0fc,USB Flash Drive,Wearables,832,00e7b99b-acc3-41a6-8075-a9ce68e1a30c,2023-08-20 02:58:00,4,3328
4829f233-ce6c-47f7-b86b-af710a786632,Jacob Jones,christine72@example.net,2021-09-29 18:21:38,3186f1c1-ec95-4519-ac72-71bb247bf903,Motherboard,Wearables,1852,d0dd87f8-d956-4f53-a712-5b52cf88de95,2023-01-18 04:06:08,1,1852
7295ecdb-1675-4236-bc58-2bf59f4ae34e,Matthew Bennett,reynoldsleonard@example.net,2023-11-15 07:42:06,cfe4bb2b-18fc-411f-8e57-938ec514e6a3,Scanner,Computers,1290,0267ead3-2891-493f-be8c-c97ffee456be,2024-11-12 22:39:47,1,1290
f8b6d24d-9f25-4149-8b17-15f1593409de,Allison Morgan,bassjustin@example.net,2020-08-16 21:28:42,07be3046-bcc8-4fe9-9684-2da0e6a4fc2c,CPU,Computers,350,dc0e80dd-51ff-40a7-976a-1aea6f5e5555,2021-01-28 02:41:24,3,1050
cfc1c0b5-e697-43be-b5ab-c71b66cc53db,Savannah Pham,andrewchristian@example.net,2021-08-29 03:26:51,69505c2c-eb2a-4170-8852-22d0c9fc2d33,Headphones,PC Components,1192,3bb72c92-faa1-45f3-9108-6c2f8a34dc01,2023-04-06 08:22:46,4,4768
c9ddcf43-6998-4423-b895-100c572e7983,Patricia Dean,johnsonjacob@example.net,2023-08-30 07:35:18,f2e5a70a-d785-4d52-8083-d97a36a7a20f,RAM,Computers,1769,f3d733e2-6960-4f80-83ec-10f1de01864a,2024-03-08 20:02:40,3,5307
ea2e595e-a58e-4fbf-b4b6-ddbd5c1fedc0,Gerald Clarke MD,scraig@example.com,2021-05-01 09:17:10,f4efa95e-f5b4-443f-9ef3-ac8b91461ea8,Fitness Tracker,Networking,1947,cc257397-d341-4d17-ad75-95a3f3c00404,2022-08-15 20:19:23,1,1947
ab84cc8c-7ed4-4df0-b241-fac0929ca0a2,Amy Wright,bryan51@example.net,2020-07-20 15:53:13,f8f907d4-74a3-421e-9dea-3a4be0f6d43e,USB Flash Drive,Networking,292,aa964216-85e5-4a31-b2f0-0431815ee61a,2021-07-06 00:03:36,1,292
80b320e5-0ed6-41a2-9833-31cb96a9e7f8,Natasha Gray,chad99@example.com,2020-10-05 03:09:56,12788428-2c58-4b45-8eb5-d565e1f966b6,Fitness Tracker,Networking,1211,151b7894-c1c9-43f1-8f0a-155b6b77620d,2023-01-21 17:54:46,3,3633
d06d9c44-ef90-4f51-8e26-f6d0759472b2,Joel Garcia,wbaker@example.net,2024-12-17 09:32:03,6d592566-8a2a-492a-bb4f-970d85faaa4a,Network Switch,Accessories,494,70cf8f24-55dc-4bfc-adab-ac463b8a03b7,2025-02-25 11:35:20,5,2470
c457a49e-8a98-4df3-b6fc-961ee8f9bba3,Matthew Black,trobbins@example.org,2021-07-20 15:40:28,e35c26fe-bd29-4a32-9819-63f267455d86,Scanner,Audio,1446,65132871-c6dd-4c24-b489-15781b24d33f,2024-04-18 18:04:40,1,1446
2c631c5f-453b-4bbc-958a-1c0a5b84da3e,Betty Russo,jesus15@example.com,2023-03-13 10:53:47,00dc2ff4-359d-419e-acca-497b04f08ad1,Tripod,Electronics,366,651a3f52-7ee7-4b7b-904c-135c54787214,2023-05-25 13:57:57,3,1098
8fd4d08b-9089-4955-a01b-e0bcabc6bae0,Krystal Wilson,psalas@example.net,2022-04-13 00:39:50,e42b7028-6fe2-4bbc-b022-21d8266f812a,RAM,Peripherals,268,1f60b5ab-b2b5-4531-9198-3ee77ce546ec,2023-05-28 08:54:03,1,268
89e70306-3dfc-4fca-8ed9-f12a9c4cdc13,Michael Miller,jeffery54@example.com,2021-03-31 01:21:03,49e00090-0b4c-4f79-8004-c5b012b44c08,Camera,Audio,1275,f6b5e756-7a8d-4960-a932-35abe2393f99,2023-03-10 05:30:37,2,2550
37bb2ec4-f629-40d7-97fe-ac1637538d56,Victor Murray,matthewdavis@example.com,2023-05-12 23:31:14,48447595-1dd1-42de-bc88-372b597c3795,CPU,Computers,1449,82663131-3325-40e7-aa54-20b39d8d6579,2024-09-16 22:32:54,2,2898
f981eb07-474a-4354-bba1-6bcec5b11fba,Albert Pearson,kristy54@example.net,2023-01-09 22:16:13,0329c578-7959-41e9-8c1a-a6b4348fe306,Graphics Card,Electronics,1401,ea56965e-a16a-459a-9cec-115f9a170a33,2023-08-30 08:10:25,1,1401
71dbbd5b-96e5-417b-9ccc-ed5b9587392c,Shawna Miller,sara90@example.org,2021-03-05 06:54:35,328775e9-3162-4f73-9a0e-311c2d82c701,CPU,Peripherals,610,ac019a15-e337-491c-8bde-402a98008c17,2023-03-23 12:28:39,2,1220
ea444395-f469-44ff-b8d9-c837fa73b4db,Matthew Price,collinskathleen@example.com,2022-02-24 04:49:43,7b82fbdf-f52d-435e-89d8-4d21e951afe3,Webcam,Electronics,366,34da33c4-fa42-4fea-8024-c79c50a00787,2023-05-09 21:16:10,2,732
5492b0cd-5c36-4179-9548-720a2918c6e5,Gerald Schneider,shawn32@example.com,2021-03-07 03:47:39,4ba68d97-070d-4d96-8457-094805064479,Tablet,Networking,618,07957394-32a2-4a68-bbb4-eb1602ff39dd,2022-05-30 21:59:13,4,2472
a59ccee2-06bf-4faa-aa13-8fdbb752d170,Julie Salazar,kmccann@example.net,2023-10-10 15:56:30,f89eaeea-7719-4713-a558-83fa49accb3a,Graphics Card,Gaming,659,54aee81f-990b-431e-84f8-1af3b0839df4,2024-11-21 04:53:03,5,3295
c540431e-977b-4090-8c85-8caddf340973,Amanda Smith,abigailmoore@example.com,2024-07-09 13:37:41,11201f92-f600-444c-afe4-2878e3156d5c,Microphone,PC Components,1140,833807f7-ecc4-4a7c-bfdf-a3c9a2bd260e,2024-08-21 05:52:37,3,3420
7ff51448-b3f4-491d-a958-310fee85c79c,Amy Arellano,vboyle@example.org,2020-05-13 05:29:30,1eb9b771-cca8-4010-ac5f-156e7fd23fec,Webcam,Networking,1207,6c1c16b1-96ac-4063-b166-b9400627d1cf,2024-04-03 02:27:39,4,4828
e3301b28-8b5b-41d1-a8a5-9eebdc91973b,Kristie Key,smartinez@example.com,2020-12-20 18:32:26,e309c2af-b2d5-4d00-8ffe-4d33dddd0128,Motherboard,Wearables,1863,f8fef114-efe0-49bb-bcdd-933f0db99abe,2021-11-07 23:18:05,2,3726
94b058f3-4039-4559-aa58-9d92011b25d2,Pam Velasquez,jennifer35@example.org,2021-06-12 23:59:57,c6162a6f-ecd2-4c4b-bb48-da63cc6862d6,Drone,PC Components,750,4a5603a3-e56f-410a-91c9-8dfc3b18a9d1,2022-11-07 14:32:10,3,2250
35562610-a4a7-4e19-a141-2ffbfc14d877,Charles Levine,linmorgan@example.org,2023-04-09 13:26:10,eb71d67c-3f90-457d-b875-1b13c51d8e7c,Laptop,Networking,484,82ffd961-6ef6-49ab-b46d-f2d52e4834d1,2023-12-08 10:55:46,3,1452
c724a736-491c-4fc7-89c6-7992469af7ac,Nicholas Werner,ilee@example.net,2024-02-21 06:58:40,b3bfd611-83ce-44cb-8af1-2b85ec9c6993,Gaming Console,Electronics,855,80d5cc91-8e15-4ec6-a9a4-ca1f26c9e7e8,2024-10-21 02:21:34,2,1710
c3b197d1-65c6-4d5b-b994-34e86ada3f85,Kristina Schmidt,alexis01@example.com,2021-08-31 13:26:18,d716c94f-d7f8-43fb-82ef-70f2d6dd3169,Monitor,Electronics,1595,d612c1d1-75de-4b04-8441-05d7c623943f,2021-11-17 15:48:41,5,7975
cddb1304-9111-44d8-be94-f944f917de53,Joshua Hamilton,cunninghampamela@example.org,2020-11-27 19:41:11,2609ecf8-e086-4c63-b9a2-daa179355cfd,Gaming Console,Networking,888,3409ec66-1229-4293-917f-10303192ca22,2024-08-28 12:08:24,3,2664
cbe7fc62-6e7d-404a-87bc-c8c882007300,Michael Morrison,selenacunningham@example.org,2023-08-11 19:02:36,90c7047d-c7f0-4a93-9df0-547aaafbdec4,Webcam,Wearables,1077,fb809d1a-a9d1-4bb9-8066-fa108b3ae4bc,2023-12-19 07:26:25,3,3231
e648fe74-05b7-4e15-aa66-85bb382dbe0d,Lauren Giles,catherine85@example.com,2024-10-11 23:27:07,61b08490-cb5a-4586-ba49-84e8aceac4df,USB Flash Drive,Audio,237,d8e39345-f87a-47a1-b4c7-1c19d812e69e,2025-01-18 21:17:58,5,1185
b9ad3c66-ee2e-4db4-bc6f-a938bc50c0d3,Randall Hernandez,nicholasday@example.org,2021-12-28 11:43:32,3d6e5fa9-9921-4081-a00c-57e9ffc059ce,Microphone,Audio,751,859cf242-bc97-44c5-bbb4-62befa44dfb6,2022-06-17 23:18:20,3,2253
eac5a74a-bfe1-457b-9563-c1e507f6104f,Thomas Wolfe,qwilson@example.com,2024-09-17 08:23:39,4539375e-ed19-422e-9114-e66ddbcb77c2,Charger,Peripherals,1535,ad706516-0c13-4d87-b30e-533bdfa7845f,2024-10-22 17:21:08,5,7675
5667aac2-3858-42eb-a44c-daae1cecc601,Valerie Caldwell,linkristy@example.net,2021-02-06 23:51:24,69832580-f86f-4566-8f4f-c7d05a80d2ad,Scanner,Accessories,1080,97fc1f16-c5e6-4891-9a38-b16a611f5584,2024-04-09 10:01:08,1,1080
1325fdec-0f71-4a7e-9336-7b928b938731,Lori Patterson,wyattvanessa@example.org,2022-08-23 17:29:13,97251af4-bbfc-4d42-849f-821714771c8c,Motherboard,Networking,1159,9630c97c-ccf9-4224-ae85-e2cce084bf05,2024-08-15 16:45:48,3,3477
12e0ee34-3ab0-4d3c-9959-925abc54e49a,Elijah Henderson,dianasilva@example.org,2022-12-22 10:37:14,81ce3239-fdd6-45f2-817c-6ca34e707272,Webcam,Networking,1551,f5e008fc-c853-41f9-8e60-4fc7394ef10f,2023-11-24 00:16:01,5,7755
21fcf7b7-e9d0-480c-9800-d23446af8049,Annette Kennedy,erica91@example.org,2020-03-08 04:54:14,ce675b20-3e1a-4db1-88e2-ab8dd025bfd6,Drone,Computers,324,eb87f7d8-a53b-47c8-bf8e-26d470017c9e,2020-06-11 08:46:46,5,1620
c4d86df8-0cda-45dd-8564-dca6f7f9d575,Tanya Clark,deborah20@example.org,2021-02-28 09:07:09,96524df3-f367-476d-bd0d-b3ae3e900ce8,SSD,Peripherals,1962,f307faac-6a05-4856-8c49-3120c229761c,2021-08-09 21:37:18,5,9810
ed8fb645-d490-4f7a-803e-1e8353084bbe,Eric Aguirre,micheal96@example.com,2020-09-26 23:44:50,80ba1046-8c24-4d19-ade6-8e5a29835dcf,CPU,Audio,744,d6c8e9ab-4ac9-4257-897a-242e5be3d05e,2023-01-17 19:27:47,4,2976
fd8b4c54-8b4e-472d-b760-8ab7b012edb8,Kevin Adams,andersonandrea@example.net,2020-06-01 06:54:09,8c9d3dce-a6be-48ca-9447-caeaab8cf693,Charger,Wearables,559,b0ca339e-4946-4b79-b703-c887d1913e14,2021-10-03 13:06:24,2,1118
276f74ea-b5ab-498a-8b1e-8f11d4477c45,Gregory James,campbellbrian@example.org,2023-03-06 19:50:39,ad14827a-8827-4f17-af33-0ea072a21d46,Scanner,PC Components,1234,7ec50ec2-1b5e-4f6c-8a38-760f37570493,2023-10-30 17:54:29,5,6170
4c4b076e-9edc-4013-98de-65cc6ac26a88,Donna Golden,dharris@example.org,2024-11-02 17:38:30,d3f70af3-858c-4f40-ab4c-a95dc4352a66,Webcam,Peripherals,1081,89645842-2a0d-44ef-8d06-c9efe7b5a5b9,2025-01-19 07:50:23,1,1081
b2c7972f-3483-488a-9910-e886468b00d1,Emma Anderson,wcampbell@example.org,2021-05-14 10:41:37,2e534a23-2358-4e1d-a68b-991d1ddb0fcf,Printer,Electronics,1044,f11803b2-133a-4ba2-8f87-46afd129ce6a,2021-07-05 12:02:28,5,5220
2335217a-4172-43eb-9b1c-bec07613a42d,Eric Jacobs,jenniferthomas@example.org,2021-08-01 17:17:56,f15ec169-0573-4615-bffc-a955c197ef94,CPU,Photography,1920,89284bd5-33ea-443e-8bf0-907eccc9ba7d,2025-02-09 09:34:55,5,9600
74c153f1-cec1-4379-928b-56ccc86d518a,Linda Green,jacob65@example.com,2023-04-02 23:40:06,95274fbb-e376-41d9-a9af-7b9e5d863a98,Computer Case,Accessories,1430,fcd9a361-cf08-4476-a80f-38146e554dc9,2024-01-17 19:44:05,1,1430
06e67148-5aec-4b78-b09f-d36675163554,Daniel Garcia,ramirezmiranda@example.com,2023-11-14 05:41:45,cf96c207-6530-483b-a12e-8a4afe254e1d,Laptop,PC Components,565,2bac6a26-8108-420f-848c-a7be2ccf89a7,2024-11-06 06:41:36,2,1130
9f527787-0684-4bfc-8892-7df14642421b,Roger Hill,walterlove@example.com,2021-02-13 06:24:36,eb3775a8-bf8e-4b42-ab13-544c69c99a9d,Webcam,Gaming,1291,d5cb56d8-be49-4d20-b554-2c08e0919c2b,2024-12-04 01:13:48,2,2582
d9f91967-0acf-4294-badc-06088e17554e,Kathy Clark,thomas17@example.net,2023-05-28 07:26:41,497fb616-b85e-4ee8-a370-78230feff6e8,Smartwatch,Peripherals,1970,8262a72e-bab3-4908-ac88-3bb2eee6f14e,2024-10-31 06:45:19,5,9850
8205f970-ac6e-4ea6-bb18-8309b58dc483,Jennifer Villarreal,danielsteele@example.net,2021-06-07 22:21:00,b7367c58-dd00-4ca2-91a0-9922f9ae0ee7,Headphones,PC Components,918,a828db55-bb2d-4cc5-955d-7af9d504a478,2024-07-03 02:20:14,1,918
6bb63022-c35b-4a9b-954c-22f8543db0d3,Wayne Roberts,christina76@example.org,2024-04-27 19:34:13,5fd439d5-828a-4412-b42b-fdd899eb7a7a,Headphones,Networking,1111,70c4a562-91db-402c-b165-8b8a53e03000,2024-11-18 13:58:15,5,5555
76e924c3-e7ac-4aa2-880c-1637dff7b972,Thomas Anderson,brittany18@example.org,2022-04-26 11:11:39,59dd720d-6046-4cab-a228-f3bf3385223a,Charger,Photography,1727,cc65a245-fff6-46c2-adb3-bbda5f5c35c8,2023-01-06 05:32:34,2,3454
21a229b7-b796-4cee-b2d4-502692a4d3f2,Brian Wagner,wilsontimothy@example.net,2020-11-16 16:34:10,3185b1d3-e210-420b-88c7-551cd2201d29,Scanner,Photography,1085,e0ed68ef-f766-4407-bab3-068d218e489f,2024-06-08 16:46:05,4,4340
2a50258a-96b9-46d3-b52a-3d8be11670cb,Sandra Davis,stephanie30@example.com,2023-05-10 17:33:43,3995f32a-077c-4029-ba36-8f68403ebe27,Tripod,Accessories,1741,a9a7fde8-e0d1-469e-b9e2-04cb76444491,2024-04-26 04:18:23,1,1741
199ed5f4-a95f-484a-a62e-674214afaf82,Adam Medina,fgriffin@example.org,2023-10-31 20:32:03,7b11c465-5523-4011-b2dd-233fe7af3b01,Headphones,Peripherals,237,41535e1e-592d-4f99-8c52-8740e018f337,2024-02-14 07:21:02,2,474
d06103f0-1fb9-4761-8814-b0615a23e63b,Justin Villanueva,tfoster@example.net,2022-05-23 10:31:14,62d0c42c-56bb-4af4-96db-eaae25275676,RAM,Photography,620,59949ea8-1e34-4c6c-9227-9d1e97373178,2023-03-18 22:09:25,1,620
389b5f8e-5f4d-4113-bf03-9de8e1c09cf9,Nicole Brennan,monicaduffy@example.net,2021-08-25 10:24:01,7da177f5-fb7e-4ded-b5b1-e090a253de44,RAM,Wearables,1768,283ef915-b9e8-40cc-8585-e983b52c5cc3,2024-08-08 05:31:40,1,1768
59c1fff0-2753-4d62-aad5-430f4f380a52,Jason Walls,christophersmith@example.net,2023-03-22 22:28:31,d1fddbfa-3714-4248-bece-9f963771bf0f,USB Flash Drive,Peripherals,1796,4596b1aa-fd06-425c-a2e2-373b46eb6011,2023-09-26 09:26:27,4,7184
58c9f743-9ac0-4357-ab13-d60dd471fcb1,Thomas Burton,ronald75@example.com,2021-11-12 12:17:22,db481aad-4aca-4b69-b424-1e1096b47318,VR Headset,Audio,1578,10fac819-3723-4c1d-946b-3d16e39ed373,2025-02-17 10:31:20,4,6312
a2463b19-3cbf-4bfd-9d9c-32b4bf3fc953,Laurie Avery,williskatherine@example.com,2022-07-13 23:36:14,538fc005-7e0c-4bbb-b0c9-e4b53e64d000,Printer,Accessories,1760,2fd0e9c9-1014-45ec-95d1-6dd948bcc94c,2025-02-23 22:02:55,5,8800
450f1cd9-9c5b-4372-a7a4-0fce1e45b2dd,Linda Garcia,laurenrodriguez@example.net,2023-02-15 15:01:53,cb5f8b19-f174-4bdc-bc8f-159ae38dc987,Drone,Accessories,1841,b7f89d16-4896-4ea5-bc9b-6e20223bb04f,2024-05-21 01:18:46,3,5523
f59e87ea-bb6d-4ccd-aa2f-02e4b7910043,Alicia Woods,tammy47@example.org,2023-12-19 18:50:56,cf467234-a273-484b-a849-d814e85ea605,External Hard Drive,Electronics,254,c73f9a8d-8e21-4828-afc0-813c1e038be3,2024-08-29 12:35:39,1,254
edaf2677-6a4d-4ac6-b6c8-407efd69806e,Jason Miller,fflores@example.com,2023-03-29 15:46:55,0ac7ac25-eb42-4c1a-8480-57bbd3e04d48,Router,Electronics,937,423cb567-3f71-4d34-8881-84bdd466abeb,2025-01-06 01:32:32,1,937
c52ce645-89a4-4139-a707-03a1eabda756,Eric Williams,carol00@example.org,2023-09-26 03:15:53,e31dbb66-2547-48d9-bf3c-b337e599854c,Microphone,Computers,1815,b662dfbf-a280-4f65-bec3-d391bf8453f0,2024-10-06 01:36:27,4,7260
050ec7bf-00df-497d-b8d2-6bbbc67a3d05,Taylor Richard,matthewchristensen@example.net,2021-09-01 17:26:04,502fbb62-d5cb-4445-9a2e-78f27f536bbe,Charger,Wearables,1705,7169bd71-c224-4e67-a582-6446fb3e5391,2021-10-24 23:01:03,5,8525
35e04167-b956-4ced-8e42-53e33a4a9329,Tommy Benson,colleenbrown@example.com,2023-12-08 17:06:03,ea8965c0-00c7-4041-a7d9-c3b533fcfd87,Keyboard,Networking,993,c8363726-52e2-40c7-90cf-cc99daf6ef8c,2024-01-20 15:04:03,5,4965
4d7f25c6-b01c-4fa0-81f3-9312a19c1eb3,Steven Taylor,williamgillespie@example.org,2025-02-25 04:40:25,de266494-cc6e-40fd-8bb0-2413a34f7bfa,Modem,Wearables,1425,d910df04-b92a-490d-bb6e-c801b869db56,2025-02-26 12:39:41,1,1425
a4a4dacf-d38a-4580-bc53-a82462ff80dc,Charles Scott,lindakennedy@example.net,2020-04-12 10:01:36,c7cd20e0-ddd4-4259-a5bc-e2cba25c0aa7,RAM,Computers,1825,f9c3a5c5-8cd3-4c8a-81c3-b586f82da0e1,2023-05-17 18:52:22,3,5475
99239d11-1bf4-4fd2-b095-36d313a7f032,Mrs. Sarah Hurst,woodshelby@example.net,2020-05-02 00:04:57,29d119f4-f9f7-4e70-9790-1afd626af93f,VR Headset,Computers,1377,4623ac12-495c-4c76-a977-bbd1bf9274a8,2020-05-22 19:50:19,5,6885
8e75b601-0d17-4995-ae91-0d7221e11c70,Steven Curry,ericfowler@example.net,2025-01-11 02:44:53,07de47ab-5711-4ed3-b821-18cb0c552abb,Laptop,Wearables,346,38fa92b5-f44f-43b5-af54-0026cc7ab7ff,2025-02-06 01:37:32,1,346
42f067b4-e010-4896-a085-4c8e2e5099d4,Sherri Jones,ashley07@example.org,2020-03-04 23:15:17,85922e65-55c5-4418-9208-d01677d3d5b6,Drone,Photography,1672,4a7ec459-acfb-4f1e-b80c-81b9f8e40904,2022-04-26 18:46:16,5,8360
6cf892d9-c8db-453a-bf22-340e3f2d3fe1,Ryan Porter,maryphillips@example.com,2020-06-15 16:20:40,4ae7f48f-c263-461d-8589-6d8117ae35c3,Power Supply,Accessories,327,c876c465-bc49-4d8e-85de-f50e22df785b,2024-02-17 15:35:09,1,327
8c3a348c-75bb-4936-ac8e-5b09c2ce03fe,Nicholas Chapman,wolfmegan@example.com,2023-06-29 00:50:51,ffaa7ebb-0321-4a0c-8b5b-39ccc7e7957c,Webcam,Wearables,290,acc0776b-2449-4f16-b507-38920fc16724,2024-01-02 22:32:05,1,290
dac927f8-a565-47a8-baee-1f484269bf03,Daniel Fisher,lesliecohen@example.com,2023-03-22 20:21:15,c8bbc4db-3204-4e44-b856-9a540bd59e03,Computer Case,PC Components,83,3826cd36-0bd1-4dbc-9af6-684a9a50d0c9,2024-09-29 16:51:47,3,249
02bf4fc8-6ec8-4412-b077-9fbcb234d77b,Jessica Perez,heather37@example.org,2021-11-10 07:46:11,15eafc89-e5e8-44e5-bccd-b165ec07c84b,Scanner,Peripherals,1244,c0430b0a-b5d1-4b52-81ad-a29e4468c054,2023-02-10 06:28:08,1,1244
73dc7bea-cdb1-4c2e-988d-c0694ae1d856,Erin Anderson,nleonard@example.com,2023-04-20 12:07:38,688553d5-fdec-47bd-bdc5-f89ef57bfd85,Tablet,Gaming,1177,e7d24bca-d3ab-435c-8dd0-c46002de931a,2023-05-17 19:49:09,2,2354
942f4577-2028-45af-bf83-321913866c2d,Rhonda Barber,vcastillo@example.com,2022-01-17 01:07:19,e2f83c99-e5bd-4571-983f-399a99ea41bc,Laptop,Gaming,456,8c5a6589-566e-482e-b8a8-e9390995b97f,2023-05-27 16:31:53,3,1368
ee1bc356-bec3-4ca0-82b8-6447326395f8,Candace Black,cesar75@example.net,2020-05-29 06:48:48,093738c3-e5d4-4ea9-8041-b8137433c1f7,External Hard Drive,Wearables,145,6119d202-61d3-4567-a6fa-d447767a354d,2024-05-18 22:32:21,3,435
168585f4-bc49-464f-962a-753f25d19c21,Jacob King,ejohnson@example.net,2022-03-22 02:01:11,d8712de8-08bd-4446-85d7-a6730296efe1,Microphone,Electronics,162,8b68d3e2-86bb-4e78-8bfb-6c519ca29543,2022-06-08 05:58:37,5,810
f2e39248-434a-4a5b-bbc0-b1b08fa3d100,Benjamin Anderson,robertcrawford@example.net,2020-05-10 10:25:33,32199b51-fbac-48da-a4f2-e5c8682b4efe,Camera,Wearables,949,588c16ba-79a6-4916-a72c-49fae3b36d77,2021-03-13 19:00:17,2,1898
949c0d85-fce2-4f9d-9df7-f42da95f011a,Julia Hudson,william19@example.net,2020-09-24 07:10:41,2016b8a9-5e54-43c5-9aa2-b37b8b558f23,Computer Case,PC Components,387,2d7f5db5-ef8e-4cb2-abb6-92037aecf2c1,2024-04-08 12:27:09,3,1161
f2d5c6bd-505b-4bac-afee-a1e572371ae4,Courtney Haynes,santosemily@example.org,2023-08-19 22:50:06,e967d6e0-e341-4991-b350-f17172935702,Drone,Electronics,795,4858678a-f664-440a-95ca-ed9f2199fc15,2023-11-06 00:19:57,1,795
02ed0462-c55d-42fd-b9d3-e776c0fb46fd,Matthew Barnett,vluna@example.net,2023-11-24 15:44:32,6b0e7376-c8e6-4a76-8cc2-dd031c6aff91,Drone,PC Components,1268,32d79f76-a8e1-4715-8f1c-a0ba84f1bcc6,2024-01-30 12:21:34,1,1268
650c97a8-a491-432b-8365-fdc7b8a9e18e,Pamela Atkinson,kathleen81@example.com,2022-08-02 17:59:45,d2d0d778-982b-466f-ae06-237cd85f6369,Monitor,Peripherals,988,b3182aa5-c096-42ab-94a3-b2270a5809bf,2023-06-06 10:05:44,3,2964
88efd780-a16b-4f74-b83e-7e7c6352ea48,Mrs. Nancy Cooper,julia89@example.net,2022-05-09 20:09:03,771e34ed-75fb-48dd-962a-c2a134f853bc,Gaming Console,Photography,200,a4fdc18d-7915-4786-9d08-8bc6a55290bc,2022-12-28 19:03:08,3,600
41325c41-be06-41ae-a71f-86fd4476c7e4,Heather Leon,richardlogan@example.com,2024-12-11 06:10:59,463274ea-6966-47ab-a0fc-ce1f75aba771,VR Headset,Networking,200,9e7b291a-7164-4db6-b6c0-67c130c5aa99,2025-02-16 01:30:26,4,800
d0ffb1d2-87be-4b27-8b64-42e2637b78a7,Brandon Best,brittanychoi@example.org,2020-11-21 21:07:49,9cd05655-2c38-4e26-a36c-90649130c612,Headphones,Gaming,1651,08c09ac1-d525-41b6-8e5f-b91a1fad3ee5,2024-01-05 05:29:23,3,4953
e92dd894-97e2-4835-ab52-23ed6d04de74,Elizabeth Graham,halltroy@example.com,2025-02-12 03:08:28,1b167752-8277-4b63-8469-2ecbd8c125f6,Laptop,PC Components,976,4ac3a5ea-fe37-4343-8cdc-64313218373c,2025-02-25 00:32:54,4,3904
b203d9a8-6304-4250-a12f-7979f0f542c3,John Hart,nicoleglenn@example.com,2021-09-09 10:48:51,c456d3a6-2057-45e1-84ab-978f1ed4a194,CPU,Computers,173,179cfa0b-57fe-4419-8e97-4920ae269e73,2022-08-05 15:57:03,2,346
5a10d024-f435-4403-8ffa-97dda28ed8f5,Dustin Ayala,zgarcia@example.com,2021-07-09 03:14:02,2cc976a2-7f03-41c6-aad8-d3f980f66081,SSD,Electronics,1847,f6319846-7404-4866-881d-5005e52cab38,2023-01-09 11:44:34,2,3694
e0d664c1-dc35-4979-bdfc-a862994a619e,Joshua Young,newtonjeanne@example.com,2025-02-04 15:23:36,ff70a8f4-3763-429d-ab0d-67566b5f917d,Computer Case,Accessories,1015,dffb520f-39a1-4b0e-a151-416ff0139617,2025-02-10 01:43:40,4,4060
b01fed29-1265-4550-949e-b30fc8b6c61d,Bradley Hale,marilynchapman@example.net,2022-06-02 10:14:41,b9d058c2-dc08-4ab8-a3a4-c4ed49c40b84,Tablet,Networking,1982,34288f65-fb35-43d1-abe4-cca58c43d28d,2023-01-26 04:29:50,3,5946
dcee343c-bf6c-4a29-9f38-def449f2e2de,Justin Huffman,qdavis@example.com,2020-06-18 22:51:18,ede62e97-7e6c-4802-9354-bcbcfce7f0b9,Computer Case,Gaming,390,45061304-a4c2-44b5-b318-1b6dd3e9caeb,2021-08-18 05:25:28,2,780
2b66a15d-4371-4d77-bdd9-ce0d1b525691,Matthew Harris,jamie23@example.com,2022-07-16 20:50:41,a032680a-5c55-4da9-a181-101399897522,USB Flash Drive,Gaming,989,25e15542-d84f-4f97-9a4b-39b63aadf781,2024-09-20 21:23:29,1,989
249dfe15-701d-4d3c-8f6c-28af4f23b686,Tammy Williamson,brownbarbara@example.net,2024-09-08 02:45:25,6106c6bb-4cfb-4f38-8c55-61bb6c4721e6,Motherboard,Peripherals,411,de9e5d24-c98b-4952-8eb3-b66dac491c57,2025-01-28 18:20:24,4,1644
fb2441bc-5127-4421-98e6-ffa993706cbb,Patricia Gonzalez,michellegreen@example.org,2022-02-25 19:40:13,9d66aad7-1484-42c0-94bc-dd19b82e8941,Tablet,Electronics,834,63a89065-051d-46ec-a64a-792099a8badb,2022-08-20 03:33:36,5,4170
3bac03f7-36b7-4360-8bac-39b175486275,Sean Shaffer,heatherwilson@example.com,2020-03-31 07:34:41,3abf36a6-3811-4cdd-81ee-18d601b30a43,Mouse,Peripherals,1605,128853dd-bbd8-4181-b0ec-284cd975d107,2023-08-12 21:53:17,5,8025
9696bdce-355f-4899-9367-6e973b843bb0,Seth Miller,annaburton@example.com,2020-04-21 23:37:59,5903a533-8c62-4a53-a302-0e8fcb69fdb8,USB Flash Drive,Peripherals,292,117454d7-5877-4bea-aa4b-6e5335588eed,2023-01-01 04:50:40,4,1168
c3e46e89-7d77-4490-8410-78dc9538d250,Steven Nguyen,joshuafrey@example.net,2021-09-08 14:22:06,fbcc8094-c09e-415b-b0c6-aa875eb7ffd7,Keyboard,Electronics,1758,f56ed561-57da-4e73-a565-59577b27072c,2022-07-15 03:28:39,5,8790
77725fd3-724b-4877-a895-154c1da0238e,Stephen Shaffer,allentimothy@example.org,2022-12-26 05:55:28,54c511db-4813-4481-8572-907612c6c125,Smartwatch,Accessories,1558,ec0e15ae-05d4-49ed-b785-c58338ca661c,2023-11-02 22:24:03,2,3116
ee559489-3e8b-48b1-8454-07694b663f8d,Jesus Ellis,cookjessica@example.org,2020-10-17 14:07:06,3bdec9b7-f852-4c45-ab7b-c5861ff975b8,Laptop,Accessories,524,a62f2351-bf7c-4c67-adb3-a71b4684dd75,2021-02-07 08:51:31,4,2096
138b650b-e9bb-4d33-8c0e-1fe7d70c2cb0,Taylor Alexander,kristen01@example.net,2023-11-14 05:18:44,18da4d11-0a60-44d5-b1d2-da76f111a5d3,Modem,Accessories,273,7a5c80bf-f325-4c34-9d8d-ac0d86f6256d,2024-01-31 22:59:42,3,819
bd8f261a-1ceb-4540-93eb-9a4beb180d69,Destiny Ortiz,weisselizabeth@example.com,2023-12-04 21:32:58,7e9b1153-208d-48f8-9890-17ac5fe0fdd0,Camera,Photography,779,41db1b6a-cee2-488e-aa67-2bddd13a47b4,2024-10-13 22:33:34,1,779
d0c97f25-fdfc-4e48-9880-35f5985a649e,George Underwood,falexander@example.net,2023-06-22 10:06:42,834016ed-4073-4538-970c-f5e945eb9179,Computer Case,Audio,145,39abded6-72c6-4fa1-b23b-333164d24c1d,2024-02-28 19:01:12,5,725
e5f1e4d9-1841-4bdb-becf-3e5efb348006,Dominique Schmidt,cherylbutler@example.org,2022-07-07 03:03:33,9309e467-1447-4851-a8e6-d6d2599bc686,Drone,Peripherals,381,10864c51-bec0-42bd-84d5-16ab6a5aa8c7,2024-12-30 00:54:04,4,1524
2254d4f9-1d3e-4493-ac17-67a5fdabfd48,Dr. Kimberly Daniels MD,jamesrobinson@example.org,2020-12-05 21:07:16,6a053f85-0b7c-4512-b5c3-2beee44d625a,Tripod,PC Components,1451,6f849a17-9220-434a-a66a-3e8708ae292a,2022-02-01 01:26:17,3,4353
65f1e45a-3497-4a5b-87d5-10e6d60e7878,Elizabeth Friedman,michael40@example.com,2021-08-12 09:44:00,794f0d34-9867-473e-8794-f8041d3d1ba0,Monitor,Audio,1018,5d1ab38c-5715-4057-ad65-d4414fbbf64b,2024-07-18 14:16:23,3,3054
74e7b3dd-5c70-4055-9df0-b1235152dfc5,Nichole Floyd,brianjackson@example.net,2022-07-27 09:41:18,e6e44641-7e3b-4046-92a8-8c490315c7ca,RAM,PC Components,525,9abc2610-5634-4627-95af-f14008fc477e,2023-11-23 12:18:41,5,2625
26956e96-d991-4a10-8d56-37f80c15956e,Alvin Ortega,brady44@example.net,2024-05-22 01:23:57,e03c5f4f-cf76-4d4a-80f2-e308ced7016d,Fitness Tracker,Wearables,1633,4e5e53bc-3070-4824-bfb6-6ea6752bd97b,2024-06-16 09:06:44,1,1633
e2f0336e-94b2-4e70-8e26-af7f0dfbb3fd,Jamie Davis,sgriffin@example.com,2020-09-16 06:14:53,c76b7dbe-b9b7-4697-b1c9-d4ebf5263203,CPU,Audio,1922,8bc5f869-ec75-4572-8cc7-4f42f7d819ba,2022-06-21 04:54:39,4,7688
5c4addd0-3eed-44b3-9b26-d88a0023b662,Gregory Peters,danielsjoyce@example.org,2022-10-14 09:18:29,d038063c-2c80-44da-95af-33145eeff0b5,Microphone,Electronics,554,a1558176-b817-4a04-bc95-027377b9a6f8,2024-08-04 23:57:27,4,2216
378ad0b9-39fe-4440-b0b4-0d1a3f3fbc40,Rhonda Torres,maria38@example.net,2021-10-21 07:22:04,8646a7ea-91bb-48d0-b70e-4298249eaf66,Power Supply,Wearables,759,3b8f0720-713a-42fa-b6ea-70fcd2269bcf,2023-07-25 22:15:05,2,1518
feccccb9-579d-4887-86ff-ef17972c30b8,Ruth Harris,robertslori@example.net,2020-12-31 02:06:48,0bdca9a0-3c83-403b-a554-f016a3856611,Printer,Accessories,1776,b26d1408-3b9b-410f-9b54-6d3f13b43903,2022-01-29 05:37:29,2,3552
a8f03857-e12f-4f43-91bf-9ce80a933eb0,Crystal Heath,bruce69@example.com,2020-11-22 15:48:42,220ecde5-5bbd-4c98-8837-6959ef92043d,Microphone,Electronics,613,6964e349-5a2f-4cf7-aa51-58a99889ecc7,2023-09-20 08:11:08,2,1226
f8e4c47d-ede1-4789-a3a2-0fa5a57c8c1a,Victoria Miller,yyoung@example.net,2025-01-09 17:07:17,f5d6e1de-a29d-4f15-890d-10ff8ed1330f,Laptop,PC Components,1699,6dc406c0-6415-4678-95f4-e8f677939233,2025-01-18 16:40:24,1,1699
5b7eeec3-52f4-48bf-98cc-d1b596f2fe76,Cindy Weiss,cynthia12@example.com,2021-04-14 17:27:47,55e86786-8933-4ac7-94da-62026a26e4a4,Camera,Peripherals,1533,8a713554-6e3a-4eef-9763-485de313ff43,2023-09-11 05:00:41,4,6132
f9b0cee9-fb03-45ef-874b-28892a1eb044,Hannah Ellis,tristanbrock@example.net,2021-08-01 21:53:33,67eb91a0-3e1f-40ad-9e68-824bcf24474f,Tablet,PC Components,1608,40dc1789-4e28-4bb5-be26-5512fff6e74d,2024-12-28 07:07:02,3,4824
6b86a21c-717c-4b4e-b253-667e6f11e335,Zachary Murray,dawsontracy@example.net,2024-09-08 21:17:44,c34aa1ed-11fa-40ad-b2d1-1b3e8cc5a449,Router,Peripherals,1861,df89bab6-f947-4fd2-bd4e-b40a84a91fc3,2024-12-18 21:10:52,1,1861
a684a505-0af4-42d0-815b-5dacc7a15cbd,Regina Nelson,josephsmith@example.net,2023-01-29 05:47:18,76cf5ace-763b-46a3-af87-d6dd3b8bc794,Webcam,Peripherals,926,1d2de7ce-0f9b-4b7c-a736-3343d936d4f5,2023-10-21 17:03:40,2,1852
cf37a023-3f68-479d-9b9f-fe1f6c296a38,Alexander Kelley,santosjose@example.com,2020-05-07 10:13:17,e9756e8f-e3c5-4dc9-b619-57edb4f52b66,Fitness Tracker,Peripherals,1047,e71b4f59-5fb4-4009-b863-b517d2ad4cb2,2024-09-28 15:00:06,3,3141
e58776b7-be9d-4c80-9cee-763249720001,Charles Brooks,terrifrey@example.com,2021-04-11 20:04:16,dc65d4f8-c15b-47c3-8df1-0d0448905d30,RAM,Computers,160,280bc1b5-7f7a-4a64-86e0-5d2b12026c34,2022-01-17 07:16:08,3,480
cf1dd323-8e05-4181-8f20-82dddd66699a,Sara Weeks,wstrong@example.org,2022-01-29 05:54:15,f33659a6-e55f-4cb9-bfd0-7c691dbf55d9,Smartphone,Gaming,1038,7bb17c6a-5ae1-4e32-bad0-2ab8adb57ad5,2023-09-21 07:32:54,3,3114
b6e02fb1-5271-4d89-8cf1-73452ae0de48,Sonya Baker,gentrybrittany@example.org,2021-01-26 09:58:22,2e3d9ed2-af3a-40f7-ba37-be708dcbfa85,Laptop,Gaming,1411,fa281dd0-96d9-4883-8850-9df4f83ed95e,2024-09-03 10:52:41,4,5644
15bd0e71-8d54-4229-9601-8a794c49e593,Melanie Davis,emilyparker@example.net,2022-12-01 12:43:21,08cea59c-2c5e-4533-aee8-8c086871d0ac,Camera,Gaming,1153,15a214ac-3ea0-49b4-a684-d7d0f8a20070,2023-05-21 15:53:06,4,4612
36ec3e17-9589-4815-93c9-294994b47859,Matthew Brown,fhunter@example.net,2023-12-10 08:29:32,54a08dcb-a591-4b57-962d-4850248f496a,Tablet,Computers,889,61643054-a33a-4f65-bda0-07f5ef835ff1,2024-07-01 09:28:58,2,1778
904e9316-0c93-4a00-adc4-06e422382673,Robert Williams,christinajenkins@example.com,2021-05-03 03:25:36,29595877-b9aa-454e-8387-d374e17f363b,CPU,PC Components,400,c8241099-52a4-465f-ac3e-d7a800f227cd,2021-12-30 02:50:11,2,800
86237f1e-4f7e-49f4-9323-aafa9dbe662a,David Schroeder,dcannon@example.net,2023-10-14 02:26:16,b3fc97fe-f201-4bcf-9220-3587dbd66e3d,Bluetooth Speaker,Peripherals,162,ae13d2eb-df16-4c10-919e-4b40ecfbf24f,2024-06-18 08:19:27,2,324
2a956e1d-35f2-48a6-bf8e-b6916d5e52bf,Rachel Johnson,lcoleman@example.com,2025-02-01 19:45:55,9d737cd9-b592-494c-adb8-5212d0236267,Scanner,Networking,1232,ee7b3c47-4c37-4154-b018-6adac29dd20c,2025-02-25 17:11:31,3,3696
81ccc0d9-f501-46b2-b8a4-04d9e8763008,Daniel Miranda,angela88@example.org,2022-11-22 19:05:42,dde015b9-c816-4048-a5d0-356ed29f1b20,Mouse,Networking,574,b4ddac12-cd68-4b10-9fed-6152aa7da89f,2024-07-16 16:54:06,3,1722
1efc7428-fbc9-44cb-a73a-9c6bded55a50,Joshua Foster,byoung@example.net,2024-03-17 10:17:44,da34c616-5c2c-43ee-93d4-ebb6ea3d3012,Drone,PC Components,1787,64f2bad5-bb21-489f-a175-22dfac7d5ccf,2024-05-11 10:24:44,3,5361
2032b723-4270-4a42-af9f-0a3ed5faced3,Diana Gonzalez,robertpeters@example.com,2023-05-10 19:07:39,e88a3357-604b-4760-81fe-93c892c1a596,SSD,Wearables,678,94c210d1-ca34-4bfb-85b5-5904a23bf67c,2023-09-27 00:38:59,2,1356
64b4244e-bd72-459e-a263-3429500425a0,Robert Howard,lori53@example.org,2023-10-15 03:18:54,b61dfa60-5f3e-48ce-92cd-def3148e19ef,Smartphone,Audio,262,c25d53b0-603c-469c-96ad-3fef51f7e088,2023-11-27 01:13:50,3,786
2cb0ad6f-0756-4a8a-89bd-bd0a451e34be,Aaron Mccormick,yalexander@example.net,2023-02-18 08:24:39,0aabb7f0-6095-47ad-8bab-6bc03d3491b3,Printer,Accessories,599,2f6a77c1-4058-4e1e-bbfe-b346ab01ca1c,2023-03-12 22:24:36,3,1797
0e54abf4-55c3-489b-a30a-9a755be53b0d,Melissa Medina,jpierce@example.org,2022-03-17 13:20:12,3973d82e-70fd-4494-88c9-307a350b1c3d,Gaming Console,PC Components,408,71e7786c-3ac1-4ccf-bc19-4b82b879eeea,2023-11-30 00:47:36,4,1632
34ee596b-b2fb-42c9-bffc-1f7b7636d34c,Jason Gill,jeremy92@example.com,2024-01-09 01:26:43,a5ceb1bb-0e71-4b0e-96a7-5e51363f0556,Microphone,Networking,83,99ef645e-3c4e-4b12-ba81-87e219f5b3c9,2024-07-20 20:33:54,2,166
0e230809-a74d-4472-a665-847f59a7401f,Joseph Thompson,amanda80@example.com,2024-03-16 19:30:15,ac9730ba-a4e6-44ee-8e85-7c757405a4a3,Monitor,Computers,1566,e0d8ccf9-bfe5-4c21-ae24-d2a0ba0008c2,2024-06-17 20:17:14,5,7830
b85393ff-a0cf-429e-a625-155abe16e65d,Aaron Garcia,gutierrezchristopher@example.org,2020-04-02 17:30:22,bfcc1e3d-818f-45a8-950f-dff9f9f09fa1,Network Switch,Accessories,1406,16ddbbb7-eb3a-4349-8d5e-dbb17b8afda8,2024-09-11 13:49:48,5,7030
230efdac-25a0-4209-9598-9fcd298ae9c1,Lauren Cooper DVM,ftate@example.org,2022-10-22 11:24:37,fc7a7e53-9c59-48e4-90f7-39c40c6c9f2b,Fitness Tracker,Electronics,759,f09d52be-3e99-4918-a1a9-ae2e827b4485,2023-04-23 00:36:32,4,3036
f262ed47-a80d-4865-867a-cfc00ed5473c,Joy Shannon,grose@example.net,2020-08-08 01:15:41,ae684078-4bd9-4e45-a7aa-d274b9e75026,Power Supply,Computers,178,4cb101bd-7494-4fa3-a1d8-13587a4562fc,2023-06-14 16:18:56,1,178
15a3c1ea-2927-4338-9d2c-358e39887967,Jillian Evans,khaynes@example.org,2023-12-03 19:31:01,b4c227d1-de39-4a5b-a229-e062ab5fb4ec,Webcam,PC Components,358,f9321a4c-6b88-434a-a67c-3fa6e0ecef5e,2025-01-19 08:40:04,3,1074
85f0dacc-9896-4c46-b6bc-a11fe8417ae5,Cassandra Lee,renee73@example.net,2021-09-12 08:52:26,c233bec4-bc2d-4c4c-a212-5f5dbf223988,Headphones,Gaming,459,f29dddbd-1cb8-4aed-b224-27383ead6433,2021-11-17 19:03:44,4,1836
ed982b12-cfbb-4e5a-8c68-c59d2b0d4a67,Meredith Pittman,tanyataylor@example.net,2023-03-02 23:31:19,3fd06238-f27c-4565-9f70-112233b960f6,Tripod,Electronics,666,7d81c0bc-7062-45b4-b6f0-19f885594299,2025-01-01 03:05:24,5,3330
7db8052f-7f35-467f-916c-6a509fa3682d,Shane Boyer,garciamichael@example.net,2024-08-18 02:43:59,20ecdfdc-f69d-47ac-98ab-5cf7984f3d8b,SSD,Audio,231,336358c6-3836-46a8-a04f-8a350b386031,2025-02-03 10:10:04,1,231
76afe50a-8ee2-48b5-8d23-83b2811a5b0f,Brooke Francis,richard97@example.org,2020-03-14 22:55:57,15dbabb4-036c-4d17-8cdd-4f9105f6a0eb,Headphones,Peripherals,1539,a5f73aef-6562-4f29-b5d4-2319ddd039b2,2022-12-28 22:04:47,5,7695
ad7fcd09-f6f1-445e-bbf8-86a5b02a6a76,Kimberly Johnson,theresafisher@example.com,2022-05-30 07:42:27,b69ede4e-b0e1-4d96-85a6-48791b4e7c3c,Smartwatch,Gaming,420,882f9e2e-898a-4449-ac1d-76b4c85da2f8,2022-09-03 01:27:02,3,1260
6ee4be81-82ae-4d38-b670-ef5621b4300f,Michael White,russellchristine@example.net,2023-06-15 11:01:10,ad84b90e-87e9-47b6-9927-d4cae6d25808,Charger,Audio,1073,baafedf0-fa05-4b32-b0c8-b16369f100f5,2024-01-06 10:22:24,1,1073
16f72f73-ed89-49e7-a8a4-358ef0d72dd6,William Chavez,nicholas84@example.com,2023-03-04 20:23:34,b0e1d981-5814-4ee9-b9d9-525d6ca48b93,Motherboard,Photography,1946,ad8bc160-fbb3-43e1-96c0-60a81f673dc2,2023-07-06 01:05:20,3,5838
0c61fb83-9c7b-49c5-8548-ffad899579ee,Shane Nguyen,ygray@example.com,2022-03-30 15:40:19,84fe2d01-d0c1-4d36-acdb-c60bb19e8791,Laptop,PC Components,1873,9f2be9fe-736d-49cb-9ef6-db71be3b0292,2023-02-23 05:47:51,2,3746
26dffc9a-56a7-4939-8d7e-8178b96d8660,Shannon Mcdonald,xrobinson@example.org,2024-07-24 10:27:07,3c2ef462-ce53-49ce-bebe-bfb88e1a8f6b,Printer,Electronics,1779,4155673e-d6db-4964-8530-62b57fc2027c,2024-10-10 08:22:45,5,8895
7c73568a-32e4-42f3-aa41-7c505f1d9833,Laura Barrett,victoria45@example.org,2023-03-19 07:38:07,4a9436b6-edc3-43d0-b862-28df3fb81295,External Hard Drive,Audio,30,bf8f7359-7fb5-4986-bb82-51bd49c9b86f,2024-06-12 20:44:29,5,150
5002999b-59d0-42a6-aac4-c16637649bd9,David Silva,kathy51@example.org,2021-06-02 11:26:11,b960f9dd-f718-40a9-89b6-c9dda8078aec,Charger,Computers,1982,56cfdca3-2a5b-4115-a8c1-97be557e54bd,2023-09-15 11:19:59,1,1982
1d45b69d-4493-4d55-9389-72194bb38f24,Sharon Montgomery,valeriewilson@example.com,2024-10-20 19:47:38,4129cc51-b3df-4df3-9130-f8c37bd1a89c,Power Supply,Networking,1937,40e0cdda-a08e-41ad-9506-0bbfed4105f3,2024-10-27 09:31:57,2,3874
49226a0e-e111-45c2-85a3-20ab5eea8543,Brenda Greene,reyesandrea@example.com,2021-06-08 14:29:54,c171b40d-00d8-44ee-846e-0248f02340c7,External Hard Drive,Peripherals,1033,3b1a4552-ce6d-4c38-8841-395dfab03ffb,2024-12-25 14:26:10,1,1033
59c31543-6035-4e9a-bfe0-4692bb274c34,Nathaniel Baird,codycole@example.net,2024-11-15 10:16:49,3af5c511-f190-4af8-b2ed-e093c6937c0f,RAM,Computers,1770,df34c27a-e49f-4c4c-84cf-0e8c30f9ed22,2025-01-10 13:26:17,5,8850
a738dd06-7df0-4533-a466-066d6147ba15,Charles Spencer,patrick96@example.com,2024-08-26 05:46:34,9c7f4ede-93f0-4696-8a2c-cabc6c4e2fa8,Modem,Networking,49,61f1d3cb-5aaa-49a2-bf25-76c20ae84416,2024-09-10 14:06:48,3,147
985194e2-1b3a-4ce1-865f-535d5cc5e7a7,Corey Nguyen,patricia20@example.org,2020-04-18 08:03:34,1936142b-d2a2-4e8b-9fd6-fe7f2de13890,Mouse,Electronics,1418,ba27b489-ba62-499e-8f7d-6a49acb438e7,2023-03-10 15:11:27,2,2836
598f6edf-f9d9-44be-aaeb-6ddaa8b0622a,Jerry Martin,lwaller@example.com,2021-02-18 21:19:36,44454a98-a201-4634-b384-2b97f8889218,SSD,Computers,1194,e31e7cfd-8e9b-4d6f-b061-622af3422f23,2022-09-12 16:10:24,1,1194
e93647c3-dc0e-496b-a6ca-dc8b6e0d953d,Brian Ritter,kathy28@example.org,2022-04-27 11:03:21,f97de35e-8b2d-4e60-96ff-9eabe29d054c,Printer,Networking,1096,c757275f-a9ad-4d0a-9c74-2723f3e03a73,2023-10-09 21:00:49,4,4384
ecea0832-1e55-4c4a-becb-58e193cca56b,Joseph Washington,schwartzkristy@example.com,2022-04-06 20:53:35,e7b7b01c-363d-4297-8443-320415fe263e,Microphone,Accessories,1162,ee014b99-6867-47e9-904c-b5918b005b1b,2024-10-17 18:16:02,5,5810
fee1909c-6d4d-4bdc-a914-f39d8cc0d880,Sarah Smith,alidavid@example.com,2023-03-22 18:09:23,3d02f0dc-3392-4176-93c7-1a2fd9cf312c,Network Switch,Electronics,386,c0da8650-055b-4152-9caa-cbde92bcacc4,2024-03-12 06:54:48,5,1930
b53a22b7-ba54-4dbd-9d4c-10a131068b72,Terri Sloan,victoriaadams@example.org,2023-02-01 06:56:50,4f243b2b-b57a-4502-9fca-045adddb9b8d,Webcam,Audio,617,caa4c35e-c204-48f0-9e7b-36cbe201bf84,2023-02-19 02:53:05,3,1851
3e42d45b-6fb5-454b-9c2c-ae2c4f4166cd,Mark Garrison,michelle44@example.net,2023-02-04 00:52:43,e99e8f89-f823-4f62-9397-a9c68a8127d6,Motherboard,Photography,585,a4aca3f1-d9bd-4db2-85dc-afc8250febbb,2024-08-30 06:42:33,4,2340
d8f38e13-7f71-4f7e-af0f-17ed6f19271c,Jennifer Anderson,nmartin@example.net,2020-07-11 14:18:49,99a15034-dbe0-4cee-806b-4c715c50bc53,CPU,PC Components,91,74620500-895f-4d06-b3e2-43ebcf9ced52,2020-12-26 02:52:40,4,364
96f9594d-dcf5-44e2-93c9-76078abd9f90,Joshua Howell,munozsara@example.com,2024-07-09 07:47:37,3aa7ebf3-cb8d-48b1-b844-986c6c8d41bc,Power Supply,Photography,712,ae9a757f-dac4-4db5-a6ee-dcbcd4ae2b90,2024-07-30 10:52:01,5,3560
1e8a69b1-b170-459a-bd98-22ee62fd7877,Michael Cruz,brandonkelley@example.net,2024-11-20 08:35:30,280f336c-4ea5-49b8-b06f-411fedc80f83,Network Switch,Wearables,192,8e3dc6e5-6c3d-4c09-92f4-8a3ddfea4af0,2025-02-05 22:46:07,3,576
620ee1f6-e497-4856-8c55-323777e6ee46,Brandy Rivers,ilarson@example.org,2023-12-19 11:48:09,62b9725f-ba18-4a74-bd07-6e6307aaaad7,RAM,Wearables,1210,713bcef6-0770-4ceb-92a8-595fedd1f439,2024-05-06 07:09:00,4,4840
d1e64499-d442-4370-aec1-a6f50830aeee,Renee Carter,brittany81@example.com,2024-02-27 01:56:07,0ee21b1e-382c-4242-9186-2b36f5870a4f,Graphics Card,Computers,1934,e54fdc9e-258a-4043-a25d-ed0b74334912,2024-08-28 22:11:38,4,7736
62a6ce6e-1f8d-4d06-94cb-d75353dc1f97,Keith Pearson,stephanie27@example.net,2024-05-02 05:58:51,fb3ee7b3-85a6-425e-8c5a-90a1eca7ee87,Router,Networking,970,c66e735f-5fd3-43aa-8a45-1355997d3d87,2024-12-24 22:53:29,2,1940
2de679cc-5217-4aec-b69a-266d38c6ce42,Alicia Burns,mcook@example.net,2024-06-22 00:42:00,0e86f539-1cd4-464e-8224-edf0740795eb,RAM,Networking,322,3dc1ca75-2833-4b4e-836f-ef2bee52d7f5,2024-12-30 13:43:07,3,966
80f4e779-841c-4132-898d-1e18bdf7b656,Michael Young,thomasjessica@example.net,2023-05-05 17:27:18,8d069430-6bf1-4abc-b341-b3778b61edc6,CPU,Photography,279,6c7fe854-7699-4056-a9fa-b98fca5b8fed,2024-05-15 11:31:34,3,837
d3f9052b-2bcd-4ccc-b5d3-645e5eb91efe,Jaime Jones,coxrichard@example.net,2022-10-25 07:40:56,48442a10-0913-43a5-a6a5-2ecb375b37f2,Power Supply,Electronics,1279,d2c79c57-5071-41cc-9f77-4f0c939ea9a8,2024-06-08 20:06:56,4,5116
989b5a3d-396c-4a8f-b0eb-ab35a8b5d4b2,David Harris,wday@example.net,2023-08-18 03:30:36,7fc0c58e-55b1-496c-abd3-5ceb88ca8cff,Scanner,Wearables,1280,4803c5ce-13ab-44a8-88a5-6ac4e5ffea40,2024-02-22 07:53:16,4,5120
8fe91898-2d6d-4f04-8494-27dd9055975e,Amy Lane,michaelprice@example.org,2021-08-04 03:23:45,2d706b42-4f1e-46b6-8e6e-8be2476521fc,SSD,Gaming,1301,e8b24853-b21c-4c72-a420-b376d6ee0b78,2023-11-19 20:12:43,3,3903
4dcfa5ba-baa4-4212-9d82-4223bcb65ec2,Melinda Johnson,ashleymoore@example.org,2020-06-19 16:56:10,197eaaa3-6f8f-4a20-b52f-b1413e9f534b,Tripod,Photography,1816,19fc31c8-8e65-4ae7-b249-99b8cfef12ef,2022-07-31 15:31:52,3,5448
a93eeb0c-7889-4a9c-88b5-94e7227a78fb,James Sampson,peterhall@example.com,2024-06-01 04:47:02,924a6eac-98e4-4b85-9c03-2b69c4c1bb3b,Camera,Networking,1776,1c9b6cc3-2054-4c61-bccd-1abf7ea6d3c4,2024-08-22 05:38:51,5,8880
ecb6b08e-b670-489a-88c9-67ebc49d4c5e,Angel Boyd,candacecampbell@example.com,2024-05-13 03:10:44,19bed139-6abb-43e4-beb2-a7bf10bdf121,CPU,Wearables,40,650d0fd3-b3d4-47b6-8027-409bd713d20e,2024-12-09 05:53:11,3,120
ccc40902-8f35-40eb-a13f-08d21f3fb18f,Lisa Espinoza,kristachavez@example.net,2022-07-02 15:10:02,7ee66544-4c4e-4167-894e-54ba9b56d371,VR Headset,Wearables,1563,5dfef114-c272-46d9-acc6-e0105a553a66,2024-10-05 13:23:17,5,7815
c164a0da-13d2-4586-9026-c2675009b3fa,Jessica Snow,nathanielsmith@example.org,2024-04-26 01:36:45,c05ccc94-ba43-4174-84ab-8c1800601cc6,Motherboard,Electronics,1159,02c8cfd8-9322-4793-a21e-7a21849195dc,2025-01-18 02:43:03,5,5795
95a20e67-18bc-4c77-905b-bef5e0e5bc6f,Angela Gomez,raymondtate@example.org,2022-01-13 11:16:17,b92fb1f2-c696-474e-8410-4590f326f598,Bluetooth Speaker,Gaming,838,53a6f5be-a66b-4773-82e0-c3710946c7fb,2022-02-15 12:30:54,1,838
0199a778-2808-4e78-a7b9-c94f30ff733e,Ruth Navarro,brucejones@example.com,2022-02-12 07:42:04,189d2d8b-3696-4f78-bd03-4adc5001b4fd,Graphics Card,Electronics,879,1b29af8a-eda4-4300-90fe-ea4d519f4b0f,2024-02-12 06:48:43,2,1758
7664abb7-0f50-4c5f-9338-c4f5263a1b6d,David Hernandez,paynewillie@example.org,2020-08-09 01:35:59,958a1dfc-7aa3-404e-b90a-4c70200c52c8,Smartwatch,Wearables,1796,0c4efecb-c83a-4d47-864b-be2644a54d1b,2021-07-19 00:51:55,1,1796
6b5a6709-f38d-4609-8f54-0eb199cf3fda,Christina Adams,edwardjones@example.com,2022-02-27 09:07:23,3c94e74d-f3f2-423c-937b-2372f7a537fc,Headphones,Photography,1560,c9e871f1-edcf-4b41-ac09-624a0147366f,2023-02-21 17:19:25,5,7800
1463dce6-f50e-495f-bed3-26cc68a39bdd,Kellie Duke,timothymorgan@example.net,2025-02-23 20:58:27,eacc587f-2810-4ee8-a1cf-9017fe4c3632,VR Headset,PC Components,1549,3df387a7-65cb-4b2c-815a-66dbb09166df,2025-02-25 12:51:44,1,1549
ef56166d-b01d-4f15-8cef-f6ae9acccdba,Janice Lane,williamskelly@example.com,2022-07-22 16:06:22,94b19c50-1fc7-4da8-bde2-0ae9f38d83b8,Network Switch,Audio,539,4ef7a4fa-5254-430d-9caf-18f8c2d42714,2024-02-12 00:14:20,4,2156
f0715df0-7804-46f9-a90d-261af1b6ca85,Benjamin Bailey,brettdalton@example.org,2020-10-02 14:52:44,e1e94c28-1b2b-4a8c-9dbb-52c7f019709f,Fitness Tracker,Electronics,918,4fd478a6-cfd0-4faa-b78b-8605a7a91a5b,2021-01-26 13:54:19,3,2754
9be8379a-6e4a-4ade-836c-975d86c58ea1,Sherry Baker,uadams@example.org,2023-03-04 16:18:34,053a5d19-42d7-463b-9f34-029a89cec443,Headphones,Computers,1811,662a90a3-0df8-4993-a68e-ab2803d3b47f,2025-02-12 18:29:13,1,1811
949d016d-1bb8-4a5a-abfc-a3ce0b3f25ed,Michelle Larson,natasha24@example.org,2023-05-03 00:12:53,8eb4d433-807d-4d34-9abd-57cf91f02346,Tablet,Peripherals,1616,b2784184-c93d-475b-9a64-8dfe5ccb56a1,2023-06-29 04:18:48,4,6464
450ebcf7-c77e-4931-9593-6247ae74c9ab,Andrea Burton,jamesmckee@example.com,2020-11-19 04:59:20,256f8f96-0a9b-45c1-be9d-6999a7e0b4a5,Laptop,Peripherals,429,38aa0a41-41b8-4599-bfc0-179a89315234,2022-08-03 16:37:06,1,429
ced672cf-a1c1-430d-8b61-1828dd3b69d4,Ian Anthony,ellispatricia@example.net,2023-10-01 23:06:19,bc13caf2-e1ff-40a2-92c0-748e7aba0f31,Laptop,Audio,554,c946f5c8-068c-4073-bd0a-61b9baa07428,2024-08-17 01:38:10,4,2216
9376fa5b-b271-4143-a49d-e51f586edfeb,Jeffery Jimenez,christianmendoza@example.net,2020-06-26 11:51:35,b6275bea-5ab0-4cdf-8e52-e925e9df3abc,Microphone,Computers,85,5ffbfd15-8433-4a11-9ab7-6ead91dc2b31,2022-08-12 02:27:15,3,255
ce530aea-da29-4bd1-9f42-a158cd24a009,Kelly Dean,rachel80@example.org,2021-08-15 22:01:54,a75ca27a-b368-40f9-92f2-ec7beb5631c5,Drone,Wearables,1334,23cf4e43-bd33-4e86-b1e0-1040013d5e03,2024-05-26 01:30:24,4,5336
188b3da5-6f68-4fc6-aca0-256a73ad2739,Mary Weaver,danielrogers@example.org,2023-06-06 21:57:29,5857635c-daef-435f-af79-441da9c559c9,Keyboard,Accessories,1607,807a3338-5c77-4c33-9c17-72316b64309a,2024-12-13 17:15:10,2,3214
9fc70d08-ef6f-48cf-beaf-3d21069bb535,Janet Zimmerman,archerstacey@example.org,2020-09-08 00:10:16,61a8f7d9-c870-4017-9bc0-3e8e1b7e4c98,Camera,Electronics,387,df67f888-2c33-4ee3-ae1a-a3f9229ba89f,2021-12-04 04:52:21,4,1548
0c66c7b6-db77-4d8f-9f48-468655ef30a1,Michelle Hill,wflynn@example.org,2023-11-14 03:44:27,73a165f9-45c3-4d27-9a75-775b396f8860,Webcam,Computers,1842,38a5bfc3-7808-4898-b646-76e2d13afd75,2024-03-24 18:26:34,1,1842
b9154a59-bfd1-4aa2-9409-2c15e418285b,Justin Navarro,bartonnicole@example.org,2021-03-12 05:10:37,0fb83d91-c2f7-40ca-93b6-dcf0de1f3b6f,Drone,Audio,836,a0c94e98-3e10-43cc-a398-71eab6ae0cc4,2021-11-04 13:46:01,1,836
c694878b-8e11-4235-a6d7-2bc4ba9d8c8b,Brittany Parker,michael08@example.com,2022-05-05 16:17:20,1a896b97-7492-443f-aec0-979c93721ce5,Bluetooth Speaker,Networking,1361,3dc5ccc4-8f7a-46d2-b138-d8ce8214434c,2023-01-23 09:33:17,4,5444
11f315cf-7ace-4c2a-8778-02b9857c33a7,Peter Henry,christinastout@example.org,2022-10-11 11:57:55,2fed2c12-6679-4f6c-abce-7da822fcd613,Computer Case,Networking,1118,5d582590-5a78-4b4e-86b1-bcbc969524b2,2023-09-21 19:20:27,5,5590
695d8d0f-d36d-4c40-9ce5-a2432a1e2c0a,Harry Jones,shepherdjames@example.org,2020-11-28 02:01:40,91bc0d6f-1d9c-481b-aa3f-7fce2f997d5c,Laptop,Photography,330,3ff67eb1-0584-4703-9e35-d312c156717b,2023-04-17 08:21:13,4,1320
cb3ff524-1dbb-4c53-ad00-f8e02b68d51a,Tricia Lewis,lsilva@example.net,2023-10-22 23:06:00,c7305b01-757e-4929-9b84-4d1df222e41b,Microphone,Electronics,1183,a42da0c9-7f3a-4da8-9fac-b602db21c419,2024-02-18 14:13:45,2,2366
dd9d5fb1-b976-4697-bd91-25582fdeea62,Destiny Turner,christinejacobs@example.com,2024-07-16 14:27:18,fffb6a82-a2c8-4fdf-ae9a-eedd9657afd0,Headphones,Computers,1423,325c09d3-6425-4b6c-a53d-ab64b312ffb2,2024-12-02 19:44:34,3,4269
5a84e4b4-7079-47a4-856e-7f29a1b92adc,Michelle Brown,kimberlymedina@example.org,2022-05-12 19:26:24,115b04ab-f392-490c-88a9-a1fd43e61c38,Smartwatch,Wearables,297,ce19c64c-dc14-4b32-b207-15ca9380bd03,2022-12-06 18:06:41,4,1188
7622f980-7580-467a-b7ea-022748499363,Bridget Golden,hayleychambers@example.net,2024-07-13 18:40:23,634158fb-530e-429b-a2e9-9119ecd0dd9e,External Hard Drive,Wearables,1162,83a92730-939a-486f-88cd-f958e921f6fe,2025-02-19 17:43:46,3,3486
f6c1fb43-5c76-4c9f-b869-08d034d550e3,Robert Sanchez,lhanson@example.com,2021-02-22 15:37:05,c81c36d6-f276-452e-b6f6-b69e311efa74,Graphics Card,PC Components,943,f656c5eb-f33b-48ac-904b-ba5c9ddea9b1,2021-11-26 19:24:06,2,1886
75363082-33b7-4f91-90c2-e862955df613,Patricia Contreras,jesus24@example.net,2024-02-01 09:29:42,af22a1c2-61ac-4f60-8cda-ee28bef32528,VR Headset,Peripherals,1000,618d2437-257a-4b99-ab36-b883066115f7,2024-12-23 09:11:10,3,3000
b29c975e-c7a3-4649-8176-40ce1d13780e,Christopher Ruiz,danielsmith@example.net,2024-06-02 06:43:34,f5228b59-96fb-429b-849a-52e994980775,VR Headset,PC Components,1115,dce0c7ab-c3d3-4f9c-b522-94ef5b771c13,2024-07-19 23:02:47,1,1115
35f7be02-a164-4132-bf03-27512248416a,Raymond Olson,nancybrennan@example.net,2023-05-05 17:02:44,26b60f26-b805-44c6-a61a-14a9ff77665f,Modem,Audio,1774,6d28c602-57b9-4350-bbea-72f2f7757679,2023-09-07 08:54:33,2,3548
26343c5e-013c-4fab-82c5-5e09b12bda7c,Cody Flores,lucerokimberly@example.com,2020-03-21 18:57:37,b80284b9-c4d6-48e4-bf3e-4e54e695264e,CPU,Electronics,958,a62f85a3-7384-4f74-a48d-29e165d046fd,2022-12-30 16:15:58,4,3832
20d40cbe-e893-452c-9977-b87b60c76ec8,Christian Bowen,rodney84@example.net,2023-03-18 06:47:23,5e61f418-445e-4e99-b183-e213921529be,Modem,Audio,288,60741746-93fa-4dfd-91c9-578718bf86a2,2023-07-06 18:44:53,5,1440
2940f118-bed7-47fa-91ba-242288b78b64,Corey Buchanan,cking@example.com,2022-08-12 03:00:44,f49f7829-1157-4e17-9add-688e58e0bb6c,Headphones,PC Components,969,f8e144b8-9464-40ff-b651-799a914b5c58,2022-08-18 23:04:05,2,1938
67509626-1486-483b-bdeb-13192664368f,Willie Hughes,rodriguezralph@example.com,2020-05-17 15:13:17,14f84332-cc89-4127-9536-52dcff68fa90,Charger,Gaming,821,c22dc127-e853-4ea5-be38-3e405839e1ad,2023-11-15 21:08:29,2,1642
7a633451-3b7b-4ff4-8ca2-dd97a5c06bdb,Samuel Allen,boydmolly@example.com,2020-10-18 17:38:17,73cd3f18-d683-4f6e-9bb5-161cee1f7fa2,RAM,Accessories,1478,4279bb02-e66a-4528-a594-c4b357963f9a,2021-05-28 19:17:28,3,4434
de5ae101-43c1-4946-8306-992f4911f949,Omar Zimmerman,sarahrogers@example.org,2021-10-26 19:06:01,dc5b3bc2-45ec-483d-9882-c4d88116b8ae,Smartwatch,Electronics,1124,82166e74-e755-4f15-ac45-3da13bbcd6c0,2022-11-13 00:55:47,1,1124
51e7e5c8-941a-4afa-bf15-221823d777aa,Victoria White,jenniferhill@example.org,2025-02-21 07:34:39,db215993-444b-442f-9c51-2a2d6492bdb6,Smartwatch,Photography,117,7e2a06b1-93af-425b-bfa5-1fd5c635bfd3,2025-02-23 18:22:28,3,351
fa33bee9-dd69-4171-86ae-247915ca1894,Erik Perez,bmercer@example.net,2023-03-29 12:08:24,ed0c7e30-f40b-48a7-b235-177a7dbdca84,Monitor,Electronics,1147,1c3b93f9-5524-4fcb-9873-36319bbc9ef3,2024-12-21 04:43:47,4,4588
bdb64df6-75db-4e21-85ad-31f083a1d689,Lauren Melendez,ashley04@example.org,2020-10-29 14:54:27,29cd5877-47fa-42e5-8679-1e487b1cd6aa,Tripod,Accessories,1704,8ce364c2-5039-4cf3-83cd-fb31243a1004,2022-04-26 13:51:54,4,6816
adb8d198-1979-49ef-85a9-5d9dffd17dfe,Rachel Blackwell,allenkevin@example.net,2020-05-29 14:47:15,d7a859db-0a14-4f7c-a3b2-420b61f9bf03,Charger,Gaming,1220,e376d0c2-959f-408e-a149-e60d74f3e163,2021-06-07 02:16:14,2,2440
9f1611f5-ae2f-4878-9cc5-0c86c7ecb193,Gina Brown,oliviafuller@example.com,2021-02-27 06:39:13,e1232fff-dccf-40ae-9515-84cac8589094,Microphone,Accessories,1939,5ceb7c86-a1e8-457a-8f18-1a52194b33a8,2024-02-22 22:46:26,5,9695
f2ce0940-93a3-4e1a-a5f6-5253373bd79e,Kimberly Davis,jamesbaldwin@example.com,2021-06-13 10:32:17,38d69b0a-a2b9-4409-92c7-9ae15ad95917,CPU,Wearables,455,0054bde8-cc6b-4138-9476-aab0d63b008b,2025-01-27 11:34:46,5,2275
795455e4-c3bd-4ad6-8ec7-198e983a74cb,Patrick Hudson,paula34@example.net,2024-01-26 18:13:47,b99d6d48-d3c2-4c2e-ae4f-2fdcfb2b06c5,Motherboard,Wearables,1251,a1a6fb4a-5e60-4b9b-8702-65163fc7787d,2024-07-03 18:01:00,2,2502
77f835d1-810b-4eee-8b19-7b305a175a5f,Brandon Graves,shelby32@example.com,2024-03-13 11:22:36,67a2ac96-03a6-4450-aa8f-e7720a4dadfd,Printer,Electronics,307,9a2b4fab-308a-4cb5-89bf-7abd43ee41fa,2024-08-28 02:56:03,4,1228
22dfa4f9-c158-4d77-9434-efe65386d3da,Renee Roy,brett70@example.net,2022-02-09 06:16:45,74f88883-e346-42ca-8029-683cee8ad9c5,Tablet,Gaming,1790,51f75dcf-477d-4316-8f19-892247e78e04,2024-09-01 00:59:57,3,5370
13f40bee-c586-4ef5-bb00-a1e5631d22cf,Leslie Patrick,tiffany35@example.org,2021-02-08 02:45:17,86f7eec6-2eba-4fd9-839e-85cf80bb04bf,Motherboard,PC Components,1734,04f649af-affe-4eba-b907-20ff0f567144,2021-05-20 11:20:47,1,1734
ed10d616-eae8-48a9-8963-89786f11fbea,Jeffrey Spencer,jaimewalton@example.net,2022-06-15 13:53:26,cc1893f0-0af8-4887-8940-81d0d3a1f0d1,Charger,Accessories,824,f935fac1-57b8-4a2b-b706-bd5fe0d1d663,2023-04-19 19:43:52,1,824
7b043539-ec68-4dbc-b81c-1980c7408623,Dylan Meza,ewest@example.com,2021-05-24 00:53:06,5fed1e4f-d224-4f5c-a39a-bd7e44653130,Laptop,PC Components,1230,e2a13b0e-9de0-42f1-9fa6-9c9a475790a5,2024-05-08 01:14:31,3,3690
ab71a97d-0347-4f32-be58-cfc5a525dd83,Eric Smith,nancy52@example.org,2023-02-12 13:56:32,017e2574-d741-4034-ba9d-a0d380faef2b,Tripod,Wearables,866,2e21bd78-1f51-4d67-b527-aa89fbe03d9b,2023-04-18 08:16:40,3,2598
9bb21552-9884-4bc5-b8b4-5473880a39ff,Marcus Ramirez,joanne75@example.net,2021-05-31 09:37:36,0f6edca7-e012-4475-a5c4-f52ec8305c4e,VR Headset,PC Components,120,7fd0eb1f-c316-4e40-9a2c-e61eafd78a64,2023-08-25 11:48:20,5,600
d38e9c7b-291f-4268-bfec-0101651a7391,Charles Ballard,jeffersonkevin@example.net,2022-04-07 00:22:58,03c41c39-6084-46df-bfc9-6aa703013181,USB Flash Drive,Electronics,989,984b203f-2e5c-40bd-900c-8f0fb5037604,2024-04-06 03:58:31,2,1978
3552348b-bd2d-4ca5-a025-c38128f4bfbf,Michelle Lee,brendaperez@example.net,2022-12-18 04:54:36,3a1932bb-0748-4a79-ba8e-7ce0f4db2433,Mouse,Audio,50,3d74905d-f929-4b4a-b12a-53cc6052a3bd,2023-11-04 09:20:15,2,100
1b123d03-c6cb-4856-acdc-c25a3352b3b8,Debra Riggs DDS,zhangjason@example.org,2023-11-22 09:51:39,c6c87247-c2ca-4393-8dd5-9432323c15db,Microphone,Networking,1818,eedf4bb1-0fbb-4423-aeea-790f4f99ce01,2024-06-07 16:45:05,2,3636
5990f235-c67d-4094-a69a-3e2f6da9be02,Amanda Mayo,simmonstracy@example.com,2020-12-28 20:47:28,9e72ff9b-bb84-4673-b378-74af45fb8851,Charger,Photography,1981,1dad1efa-506d-438e-b667-2535c2cf6534,2023-07-17 05:01:53,1,1981
26e876a8-22a6-44d7-b98e-a554c6f7fae8,Pamela Jackson,fnorris@example.com,2022-08-27 01:59:23,9ba1870d-a220-4d2e-8559-245fd7d8054b,Monitor,Gaming,68,f0257c7a-225e-42c7-a914-d8b0e6f21b9e,2023-02-03 02:30:32,4,272
9269e49a-5770-40d8-b0ea-8da035d873d2,Ashley Smith,julia73@example.net,2021-02-13 20:54:33,781be7b0-de9f-4248-818e-15801870f0ff,Headphones,Electronics,1755,09583f3b-3595-47f8-8a37-56348f6923ff,2024-01-24 08:02:50,1,1755
02fad7b3-3c9e-451f-b41e-60fecffe2172,Cindy Johnson,drewhernandez@example.com,2020-09-18 08:12:03,42e7c55d-18b0-4797-a616-2f91254ac3d3,Webcam,Wearables,635,f75517bd-5e25-449f-a1b0-d70aa896180b,2023-04-10 19:13:27,1,635
29c88e78-fe74-4dc4-9156-219420608143,Ashley Bishop,andreafloyd@example.org,2024-12-23 14:36:54,806b6055-1bf8-4d36-818d-222b4fe3ac2e,Mouse,Computers,703,c40749ec-0d56-4c7f-a2ca-8c490a6fcb50,2025-02-16 23:02:23,5,3515
1da8c7d2-2bfa-4204-adc7-8e7b293ac1bf,Kathryn Logan,cbradford@example.org,2020-06-14 11:24:54,9cb013e7-5d73-41dc-bcc6-2bbb86b250c5,Bluetooth Speaker,Photography,1026,c58e5393-8853-408e-b4e7-57edc1f12840,2024-01-02 18:23:22,3,3078
62cb86c0-2bf4-4e78-a0d4-814ce0662ecc,Richard Leach Jr.,acostathomas@example.org,2021-10-21 19:46:36,b046abd6-acb9-4788-860a-cf90bc18a737,Headphones,Gaming,863,f9e04274-7a21-493a-aa72-d5b45ac0f63e,2022-09-06 07:05:20,5,4315
2f0aa82f-99b0-4f6d-a7e6-62e3f4003f34,John Carpenter,emilythompson@example.com,2024-11-15 02:24:27,f7212c80-75a1-476d-b02d-9803b4881459,Smartwatch,Gaming,1845,6e4e6de7-c66d-4020-aba4-57437618ffb4,2025-01-13 03:58:51,3,5535
084c0673-f7ee-43a1-8bea-a8cf8ec9e27a,Michael King,daniel12@example.net,2024-01-31 17:55:34,7639394c-126a-4ecf-8f1c-22b1fbbe5588,Charger,Peripherals,1724,75e41553-6c08-4c91-a287-df10dd548912,2024-05-29 19:09:55,2,3448
02cb9551-a232-4c8d-b51f-61976bf6869f,Sergio Peters,amcdaniel@example.org,2024-12-03 06:57:17,9fde7de7-b3bb-4107-a03f-187f3c60d7db,Drone,Peripherals,1824,058efb8c-c31d-4449-b595-88acbf4af8cb,2025-01-28 00:35:29,2,3648
fd699b68-9b9e-4773-8f10-6ffdb6c82234,Jeffery Morales,jilljones@example.net,2024-03-03 04:39:29,50e992be-2e6d-4932-9358-3980f1b0efc2,VR Headset,Wearables,1210,5fc72292-3584-4cc5-849d-7143b5bc563a,2025-01-25 10:21:36,1,1210
871e285d-a593-41cc-bc97-319db54f91db,David Morris,ortegamelissa@example.net,2021-10-01 22:22:45,db528e76-d117-405d-999f-7d7a99299922,Tablet,Accessories,41,a720ba53-3ca9-4af4-b0c0-7ebb58dd2caf,2022-08-22 22:11:13,2,82
f80a30e9-d83a-4860-ba9a-395fc9d4e941,Kelsey Davidson DDS,beth64@example.org,2023-08-21 04:42:21,a0ff01e7-09cf-44ec-a875-584c5b890dd7,Smartphone,Peripherals,1100,4c6f4721-5bde-4dbf-a3ca-58844b97e4fa,2024-12-31 12:38:51,2,2200
e650f5dc-e2ca-4394-a59e-02daf7dc56c9,Christopher Mcgrath,virginiabray@example.org,2025-02-08 09:00:28,85118075-d7aa-48d0-9657-5068f51166db,Router,Accessories,524,62b5c426-f817-41a6-aa81-584b39e46a67,2025-02-24 08:35:41,5,2620
c152f163-583d-453d-bb25-4fb04d7015c5,Michele Spence,sperez@example.org,2020-11-08 06:06:00,e2bdb811-1806-4109-b61a-4d3e813da79c,Keyboard,PC Components,1303,2c27c5a3-2b4a-4aa8-8ffc-f6427c4ea0f1,2021-07-30 01:34:12,5,6515
06fe03cf-0bb7-41ef-80d7-9907253d802f,Mrs. Jennifer Smith,onelson@example.com,2022-11-05 10:26:34,b3bbf985-2751-4de1-859b-67e22e9d5adf,Mouse,Computers,631,6f5b4b8b-235c-42a9-95a6-b5a94274a090,2024-07-09 16:45:00,3,1893
2d165139-2071-46f4-be77-49f6f4342c2e,Paul Russo,ann86@example.net,2020-03-23 11:59:11,8a84f840-0cc6-43cb-b7b0-e0994c3d9051,Printer,Gaming,178,5e278c1f-03df-493f-83ad-19205fbe03c8,2022-06-14 01:58:27,4,712
8e20afd2-a5ad-4f8f-95df-6631bd4a2edd,Kelly Peterson,bruce98@example.org,2024-03-27 01:40:10,9f69ea4c-c3c9-4c8d-a93e-28befaee3b02,Headphones,Computers,1102,821f05be-4166-43fd-ab8e-c3e01c811cda,2024-09-27 03:32:06,2,2204
c93ad55f-4850-43ed-9b16-2ed98fa396cd,Kristine Nelson,dicksongeorge@example.org,2023-09-26 20:10:13,1e5c3d9e-c10d-48bd-af3d-7069d0c2949e,Power Supply,Networking,473,8a88918f-e21c-4229-b8eb-53c397f03d33,2024-10-31 20:32:05,4,1892
1fa5a63c-be84-4509-9b88-b43540526614,Lauren Robles,fknapp@example.com,2023-07-18 01:56:42,0ac44123-2821-418a-9b28-edfff3d2fba9,Scanner,Computers,181,71b5b6e5-d165-4854-bc21-79bb022001e7,2023-11-15 09:33:01,5,905
c62ef076-77e9-4d7d-a851-3eda88fd8928,Joe Goodman,lopezemily@example.net,2021-09-29 12:45:37,34d28c28-dd4b-45c7-98ef-8620d7663100,Smartphone,Accessories,482,70237294-ce45-4995-9c25-464cf723caf2,2023-05-27 08:16:29,4,1928
99ba09e7-27f4-4309-b1db-9b328dbfbb25,Ellen Landry,vargasmichelle@example.net,2023-02-28 23:53:58,a6c926b5-0b59-4950-a66a-363847ff4e6d,Mouse,Audio,1996,907adc0f-2800-43f7-baee-afc1a5713b51,2024-05-13 15:09:32,1,1996
979d6ee3-0503-44b6-b259-2b45f51b1f65,Susan Carter,schmittcathy@example.net,2022-03-24 21:25:15,6e730008-0aaf-49d1-aa62-2f79137e0d2f,Fitness Tracker,Audio,1974,b1311f59-602f-49d8-8f47-bd69b729c2ea,2024-04-09 21:52:29,4,7896
1349cb7c-a105-44cd-9f2c-0be1f43a0ce1,Diamond Watts,drussell@example.org,2023-09-26 17:50:08,8e34fc7a-3d3b-43b9-be26-c941c2cc23ad,Bluetooth Speaker,Electronics,1419,c24139a0-6388-4007-aa13-21b578892a10,2024-11-01 05:31:42,2,2838
c00075d6-6fb8-446a-90ec-848d8ebafd48,Stephanie Dean,johnsoncaroline@example.org,2024-02-22 22:17:40,71267fbb-c5f7-496d-b39a-c260eddbf602,Network Switch,Networking,51,5cbd2e86-1b2b-42a1-84b1-39506679e4dc,2025-01-05 21:40:33,4,204
9b18a58a-f156-46da-a71f-d83647552115,Laura Adams,vmiller@example.com,2024-10-31 14:29:47,cceef9c4-a628-42b7-8bc2-feb2479aaf6b,Headphones,Photography,1143,89132bae-50e5-402f-ada5-a2408a73da01,2024-11-21 02:46:28,3,3429
250b5aa6-afb9-4eff-a144-6aced20aace8,Margaret Walker,cthomas@example.org,2021-10-22 03:10:51,6ed4e95d-21e7-4a61-9206-7b03c1438cc0,Motherboard,Computers,152,4eb9d663-8e07-40f6-afd5-a37cde730192,2024-08-19 01:18:32,4,608
d51dcd68-d3e5-4010-90e1-ee0dafdde6d3,Ann Garcia,faulknertaylor@example.org,2023-10-10 10:57:45,91ec94e6-3336-4fbd-b8ad-39cf1fe0900d,Power Supply,Gaming,984,51a85214-3f74-46b9-b13e-aee4ffde3ae5,2024-01-27 00:05:46,3,2952
3395a794-2c05-4db3-89e8-ff9d16e417aa,Michael Garcia,thomasangela@example.org,2020-03-28 23:10:02,9fb3b255-9bcf-43bb-b645-26f2567a5229,Charger,Photography,1379,ed791cc3-7093-4751-8966-4fd9d861f6b4,2021-02-03 21:31:57,4,5516
948de3a6-5802-473c-b04e-8cf63faede5e,Anthony Hoover,jorozco@example.com,2023-04-06 04:22:25,2644b1ad-0bff-42cf-b1de-9535ffe8fbf3,Scanner,PC Components,1568,1b85e5e6-2fe7-4cc4-9964-17fccc769a3f,2024-02-07 02:44:18,1,1568
d392cc1d-507d-4413-86d9-08e3f828f6a7,Cassandra Avila,darren16@example.org,2024-05-27 11:14:54,3f1deef1-684a-4197-a1be-1679950c3cb1,SSD,Gaming,1551,32023450-dee2-456a-a340-bedc7d7543d6,2025-01-17 07:02:03,1,1551
e768e39f-0c58-4c6c-8f13-dd3cf20a0edd,Jacqueline Larson,jcox@example.com,2021-06-15 14:49:56,1ae68397-0002-4ee5-abcd-abfc27c4785c,Computer Case,Peripherals,1208,a0592291-8a5a-4f18-8687-19770e6f8c99,2021-11-22 13:56:34,2,2416
0459ac00-7f1d-4953-9dec-5a2eb6da7c3f,Kelsey Best,lwilliamson@example.org,2023-04-21 09:11:45,6ab7cf3f-88c6-42a7-b33a-17c494a30081,Mouse,Photography,764,85f2285a-d29d-44fc-b3f5-57ea55cdec54,2023-07-11 01:28:10,3,2292
0479a7b2-66ca-4688-8306-73b74cd28621,Marc Martinez,carla52@example.com,2020-09-24 22:11:08,e936a643-b84c-449b-b070-bfa83bf5e648,Drone,Gaming,739,9be95186-fd88-4500-a252-faaf0dda9dc8,2021-01-18 07:58:44,3,2217
37367da3-0546-4d1a-81cd-a81e0d5c6d1a,Thomas Powell,tammythomas@example.org,2020-10-09 06:12:58,f2346f9d-7ba0-4a12-889c-78ea1b24b609,Gaming Console,Accessories,1154,87b9b5ac-8d31-47bb-9b1c-50cc6db9652b,2021-02-13 15:03:41,3,3462
aa9a9d17-8582-42bb-b5a9-0eaf83402f14,Stephanie Price,smithmelissa@example.net,2020-11-13 01:46:38,44d5a84f-f638-4faf-b9ad-f1ad76c6e9d7,Power Supply,Electronics,524,59b48008-30d9-4a10-a262-50452afe4efb,2024-12-22 00:19:26,5,2620
001a816d-8d58-403d-a7d4-2c37f9d7ad05,Anthony Sanchez,teresaadams@example.com,2022-11-13 21:49:30,544cfd8e-e36d-4ac9-bb4a-8cf5d65f0766,Motherboard,Accessories,1166,6c6524ce-0ab2-49d7-9e37-41d16e3d3486,2024-04-22 23:45:13,4,4664
a5815d3f-1a9a-481b-8f04-ba876d249d4d,Hannah Reese,scox@example.com,2022-04-23 03:17:13,02952270-3a3e-4fcf-8c77-dc70edacdd57,Graphics Card,Peripherals,596,c5407de2-6a76-4440-b537-9dff2fc5f82f,2024-12-22 15:56:35,3,1788
56877f31-2142-4f3a-a8ae-ca9a236aa55c,Brittany Stewart,spearson@example.com,2021-11-18 16:29:17,a8a8d463-714a-45fd-a190-edfc53d1b769,RAM,Wearables,597,7551c78b-e09c-4b1e-8dc4-3f5a5fadc89d,2023-09-01 21:24:09,1,597
47bbdcce-0f4d-4a34-bf2e-943749db7639,Karen Bryan,emitchell@example.net,2022-04-29 13:38:23,54080c9b-dd0d-43cd-a4a4-c50c78d0acd5,Tablet,PC Components,410,490bcd40-c987-4a36-b05d-21cba76126cc,2024-08-30 20:33:22,1,410
f54bdf9b-8c7d-4366-a40f-b3a680bd5d40,Penny Berry,jonesscott@example.org,2021-08-19 02:00:42,ce841795-7c72-454a-b852-896baaf808c0,Smartwatch,Wearables,676,78b9e192-7d76-4af6-b5e5-bb5eb46b16f5,2022-07-07 08:12:58,3,2028
d19b79c2-575c-4aae-bf82-70152a89ce15,Dwayne Bowers,grantdrew@example.org,2022-12-04 12:16:24,3cdbae83-2278-4199-8ef6-2b777d7fb9e5,Router,PC Components,587,a8b96f17-7cf5-4eb7-8813-23a1270195c9,2024-05-23 11:04:21,5,2935
88637514-283a-4590-9089-fa608e6af596,William Campbell,stephanie64@example.com,2024-10-15 21:40:13,ca99189d-becd-4d9f-b26f-1c90349783d5,Charger,Electronics,446,8416c716-62a0-4990-96ca-658ea2f730a2,2025-01-27 19:19:09,2,892
ad5f9204-1eb9-4de1-9690-aa3c32eea9aa,Rebecca Moore,andrew72@example.net,2022-10-10 22:58:47,691cc5ba-4e88-462b-82a5-5d5ed06412b8,CPU,Electronics,374,d964ac22-7b8e-4803-8f53-c66627547be3,2024-02-18 17:24:05,5,1870
650ff2bb-6859-482d-a9be-4d928a91b32c,Wanda Clark,lisa34@example.com,2025-01-20 00:46:18,d8da160f-1134-46b2-ac2d-7810afc3473d,VR Headset,Wearables,973,aed5a780-6fa9-430e-afa8-65aec4901c86,2025-01-25 06:31:14,1,973
2eefaeec-cdfb-4a99-a0bd-fa3e50ede91d,Elizabeth Luna,christina26@example.com,2022-05-11 02:08:52,59bd60d6-1f64-47d5-ac64-6c4027571b40,Charger,Peripherals,1270,aee76fef-458f-4165-b02e-e3d1cf69ebc2,2024-03-02 16:44:36,1,1270
ba814945-ebc9-4abe-8d67-0893995817dc,Taylor Garcia,kenneth51@example.com,2022-04-19 00:17:38,54d58986-25e2-46ba-8cfb-42e9e872ef82,Keyboard,PC Components,358,c6e504fb-6bd9-40d2-8279-085c69718701,2023-05-18 20:42:43,2,716
b32cd1b9-52d2-48b6-a609-ffea857ab7f8,Mrs. Adrienne Jordan,jaredhart@example.org,2020-12-04 19:06:55,d36ba936-ade1-42f0-bb30-0b8a85982f31,Monitor,Electronics,1141,7e7111ad-439a-43c2-b813-7486b7babacc,2024-12-06 07:04:43,1,1141
0108af67-200f-4be7-8242-6f08a1af9b18,Nancy Sanchez,tchurch@example.com,2023-08-08 22:07:11,96c13931-85b4-43c5-b97e-b2c4c5a5f4c7,Modem,Networking,778,6b31d043-660d-4ec4-bdf3-8dbb922d7334,2024-09-16 00:30:52,1,778
837c0b5a-c4fa-4719-8973-12481c9d4f42,James Ortiz,scombs@example.org,2022-09-30 19:07:35,4c711397-a767-4d73-bb4b-a63fc0fc5b19,Graphics Card,Accessories,268,c493f2ce-ec52-463d-ba8b-cdafe7ad2f88,2024-06-27 16:23:07,2,536
f01f4937-9f87-459a-833b-c940e6e0647c,Justin Miller,robert45@example.net,2023-10-17 03:21:59,9cdbf447-ea8a-4360-9ccc-437b38bdaeba,Graphics Card,PC Components,1314,95f740e0-a1da-4107-9a21-e716d8d4f0b0,2024-09-07 11:07:38,1,1314
f2dc137d-f5e0-4ecb-bdc4-a9588c91abb2,Molly Rivera,paul03@example.net,2021-01-31 13:48:15,cc6b1bc7-e8bf-4bc0-97d7-6d52ef19db57,Drone,PC Components,1574,13c697cd-eb3d-463c-a0f6-9e9031224fc1,2023-07-18 16:29:11,1,1574
3d925e8a-4d0a-4498-b02e-add4ed0df5e3,Sandra Smith,jennifer57@example.net,2022-10-10 08:58:31,46096faa-a7de-41d9-be6e-5aa4eaea3d68,Smartphone,Wearables,885,fd130653-41f9-4980-962c-683a07c6a60e,2024-06-17 07:22:27,4,3540
78df3f72-0422-4a7e-a2f6-3fe2790c9623,Susan Mcfarland,marcuspearson@example.net,2021-03-29 09:30:13,3dd5864b-3adc-4a9a-b6a9-02e418db5b17,Gaming Console,Gaming,1623,be35bcf1-7275-48db-92b4-15fe5a41f20d,2024-12-07 04:52:15,2,3246
758623b0-2fcd-47ff-a954-41da30f4bf4a,Mrs. Lisa Brewer,ramosjames@example.com,2021-12-02 14:19:26,ecd831c7-e5a6-4df1-b7ff-ac60ab29eeaa,Scanner,PC Components,313,f63e89e0-f6ac-4eb1-ac82-fb37dea63ca4,2022-06-13 04:19:53,5,1565
23fdbcb9-8da0-48ed-b744-cf9fd1dd8866,Chase Bishop,katie87@example.com,2024-02-04 23:50:14,7c0198f1-9c3c-4efd-990d-a0d03916ec56,Network Switch,Gaming,748,52d56b36-05c9-4a88-9855-a4689b12b6a1,2024-02-16 22:18:59,3,2244
39f56fdb-4c78-4350-afb6-61e9cd80c986,John Fisher,emeyer@example.net,2022-09-02 23:22:17,629a0409-5170-4f8f-8032-563546d29e55,Mouse,Wearables,848,8b15ece0-6472-42b3-bc06-0bbd69f799d1,2023-03-07 06:09:26,1,848
34aa94c2-45d7-4ca6-bb0b-7e84cc19b457,Katie Foley,jonathan15@example.net,2024-11-14 03:29:57,3911165d-45cf-4e42-b82c-4dddb328b19d,Camera,Electronics,801,ba2e5588-8a82-4057-841c-0597e88bbed9,2025-02-03 21:12:17,2,1602
c7901999-d742-40fe-9d76-44790758fa5b,Abigail Stevenson,tracyphillips@example.org,2020-09-16 12:30:45,8454b71b-db2d-49c6-9a6b-aec90dc5fb5c,Smartwatch,Accessories,235,65f0e1d0-b891-49f1-a0b4-ea1411ee08ef,2023-07-16 12:31:07,4,940
26729829-249f-4023-82b9-bbfe00e345f1,Frank Hopkins,donna36@example.net,2021-10-07 19:19:27,4d8f500a-89f5-4f32-9f69-234d7df9ea92,Monitor,Networking,813,5f35d3e1-deca-40e4-b44d-406713e77aba,2023-03-28 23:59:36,4,3252
1a3623db-3644-4517-a2ea-db9053d46be6,Jamie Brown,linda52@example.com,2024-01-13 08:44:46,80d778f6-0d71-4278-b72a-9048e9fc0eb5,Charger,Accessories,242,2c71717e-849c-435f-b2a3-98d7272eb4a6,2024-11-22 16:59:22,1,242
38a94d30-cf2b-4d6a-8d12-b6b4a55a97ec,Linda Johns,daniel03@example.com,2023-01-16 12:41:30,4e04430b-3c9e-4b28-a9e0-2a7e2bf4f186,Scanner,Electronics,182,72fdf67f-6001-4120-97c2-32081339fe7d,2023-04-06 16:16:55,1,182
5649775a-72c3-4ce5-a859-e2d7f3255add,Mary Bradley,zbates@example.com,2020-12-05 13:52:46,b9720c73-7169-4381-892d-1b265a9d9e20,Motherboard,Wearables,1324,8cc49288-7db3-4dba-b50a-d76d17c26363,2021-07-24 13:20:34,5,6620
5fabf5f6-4c0b-466e-bb0d-7103ffe82806,Donald Thomas,stephen39@example.com,2021-12-21 12:50:01,f49233f3-fe9d-4e40-8c69-9c4b8d8529ce,Drone,Accessories,1164,14647eff-a0cb-4247-abcf-97db7828e9b8,2023-01-18 13:28:53,2,2328
e798c8b0-c649-4e84-81d8-acd7712500dc,Judith Green,lovekatrina@example.net,2024-04-30 01:55:14,50bdb913-1a25-43bd-8bee-225b6f276e5e,Keyboard,Accessories,454,394330eb-04ae-4913-808c-920ad6cc26d1,2024-05-24 05:25:37,1,454
f71ed2f6-e8d0-4634-bd93-88f5ecfba3d0,Janice Mcgee,johnsonjohnny@example.net,2023-10-27 19:59:45,6d844ed2-639e-42e9-ad0a-1f40affe2672,Power Supply,Accessories,492,c8cc505b-29fe-4df0-ab25-bb3895981f56,2025-02-14 04:54:50,2,984
025e541c-df71-4444-bfc9-61b6956ebb9d,Katie Blackburn,klewis@example.com,2021-08-15 20:45:40,cb5f89d7-1a3d-49d7-b1c3-b6d1961823e6,Router,Peripherals,1272,f2bdbb97-b6bc-48c0-9698-4d209c72245e,2024-10-16 14:51:55,4,5088
be901769-d0bc-440d-8a8f-af8c449d1a66,Debra Hendricks,cisnerosshannon@example.net,2022-12-21 07:26:00,961797b8-f4e1-494c-a28f-d0aea06e1cd0,Charger,PC Components,506,4a21adb0-701f-4914-837c-47da488000bc,2023-04-27 22:05:28,4,2024
5f61c647-ba43-4907-ad49-4f772c08c433,Tyler Miranda,tammy28@example.net,2023-11-11 21:36:45,830ff807-9d57-4b03-8d19-73ede6970ff8,Fitness Tracker,Networking,1835,1be6297a-c7bd-4fa5-91e1-b0f27394a3f4,2025-01-06 06:07:24,3,5505
fcc4c546-1e87-4158-b22a-963e3f6dfbf1,Samantha Campos,srodriguez@example.com,2022-08-05 11:55:39,7cb7d30a-2fe1-4b5d-a795-4a9fc7241b5e,Network Switch,Gaming,1385,7724d0cf-a2db-48a5-8ecc-0d0df14a8756,2024-09-25 16:39:53,2,2770
b52d56ad-d691-4d97-8382-e056a1b371f0,Amy Collins,james33@example.org,2021-10-19 11:55:13,d7c3b82e-1796-4227-9030-9bf14243c422,Smartphone,Electronics,855,237b9c6e-ee14-4404-877e-e92b4ad12dd7,2024-02-03 08:48:02,5,4275
cb29dd5f-bba9-48ae-bf6c-4ac4cd1496c0,Brandon Stanley,ngoodman@example.org,2021-06-21 11:06:05,85542299-35ba-4b0e-8781-fbd84e4d905f,Monitor,Audio,1911,b5a637fa-a3df-418d-b938-70f8a3a007a7,2023-02-12 00:38:42,2,3822
5f0c93af-886a-4318-995b-65693480a356,Tara Jackson,ebrown@example.com,2023-11-18 02:43:28,87d04e3b-b8e6-4942-a40e-e9076a950c54,CPU,Photography,1037,d95fde94-5f0c-485c-84c9-32ed7a18e68a,2024-06-20 03:09:15,3,3111
166e7e69-6644-4fcc-bf70-31fdb9948580,Caroline Logan,bryanshirley@example.net,2022-11-29 16:14:17,24bdfa08-4b3f-479d-b08c-fc6b5675e37a,Microphone,Networking,1162,3e6bf9b0-f5af-4204-82c5-f22451788832,2024-02-01 08:12:04,1,1162
c5c90376-7995-4fdc-adec-fb963249296c,Miguel Wiggins,roberthicks@example.net,2020-09-07 16:49:38,0159f4da-9f71-4bbf-ae8b-6478b4009bba,Smartwatch,Wearables,1081,0e9c0dda-e17a-4f73-bac4-7c0463cc68ca,2021-10-26 12:53:44,5,5405
8b4f5313-0858-46c4-9b95-08ef62422b14,Sylvia Wright,james02@example.com,2024-01-31 20:08:39,fee15860-22e0-47d1-af36-a6fa173a8c77,USB Flash Drive,PC Components,1238,a9bea821-d23b-4e8b-b153-dc0099b37334,2024-06-30 21:58:44,1,1238
82a55fc2-5e8d-4f44-8578-b1157dbac67d,Scott Harris,tmiller@example.net,2020-06-23 21:16:18,b4fd3d73-e831-4d24-b6f1-8523de9e8ec8,Headphones,Wearables,479,a8069d67-1951-4b97-ad5f-0407d8757d6b,2023-01-08 15:25:58,5,2395
c05a98b5-6ae5-4ff2-ac99-ecf1862ea26d,Julia Smith,hcarter@example.net,2023-11-08 08:32:38,74cb1656-feaa-4dcf-a9d7-85bbcf63bec0,Laptop,Electronics,991,ae0c3a3a-4b50-4b54-bdbc-bb978eebafe8,2024-07-13 01:24:16,1,991
e76e1c1a-9897-4cf4-a5f1-cc4663ac7c1e,Jennifer Perkins,brittany60@example.net,2024-10-24 11:54:03,ced28606-f5cf-449f-bb49-1e577f422c29,Laptop,Networking,1590,87022a86-adbd-491c-95c8-fb2cc7047af3,2025-02-12 03:52:05,4,6360
b92fb328-1cf8-45ac-b903-06116a279d08,Robert Morton,kelsey65@example.com,2022-05-07 02:17:57,8b0102ac-4381-4b0b-8e14-c101f6e1f912,Webcam,Accessories,75,137b9886-ccfd-4ba7-86bb-da4075366c93,2023-02-14 12:27:18,5,375
e80945fe-7624-4b14-b555-70912086d733,Sarah Rodriguez,victor66@example.net,2023-02-27 03:29:31,90146000-80ce-4f46-ad48-8b188f8b7828,Camera,Electronics,677,f2dc5304-aaae-402d-afd4-d00a07a4acb7,2024-02-04 23:19:51,5,3385
d8f1a40c-5eee-4ade-a76f-c1f00a548667,Debbie Thomas PhD,reedsara@example.com,2024-10-05 23:49:44,ae29a840-e140-4e41-a125-996c03b51e74,Fitness Tracker,Accessories,406,825efccc-4bc0-48ea-be53-7ef26d17bfd8,2024-11-17 06:55:39,5,2030
d9be639e-0aac-4320-94ad-c564a24cfc46,Taylor Hobbs,malik14@example.com,2021-12-20 23:34:39,cb8732d8-0514-4d20-a3bd-e54cec7e355e,Modem,Wearables,1101,0a74531b-a135-4e24-b7c5-adaca418a629,2024-07-27 12:00:09,4,4404
0e0c11ff-94fe-481d-baf0-f307c7063cc1,Janet Le,xrivera@example.org,2021-04-29 00:12:44,4d2d7f75-7c40-4e38-aa61-43d05a05c16c,Graphics Card,Networking,1713,ac338bd7-4d72-4840-be64-aa7630296064,2021-06-04 11:35:19,4,6852
5f9359c0-5155-498b-b9bc-e1f89e4ac5ef,Jacob Olsen,vallen@example.com,2024-10-08 22:03:54,814abaa6-81f8-4673-9ad4-2fa6f0a8c870,Printer,Computers,499,c01bc76d-4a50-4607-bca1-ddb4a732dbf4,2025-01-16 16:40:14,5,2495
757fe95b-cbd4-499f-a2f0-fc8dd52b1495,Tammy Davis,benjamindavis@example.com,2025-01-30 13:34:06,9bf38026-b90a-4e12-8596-976c82822dfc,Microphone,Peripherals,1859,8648472c-2a40-4446-b1c5-ae3facf205e4,2025-02-04 17:35:52,4,7436
5a6a1a58-1937-42cb-a8f4-f71e19955c4e,Melissa Lewis,vdennis@example.com,2020-11-20 09:35:04,b94fe3b4-9177-4206-ac4d-4d110dd4b253,External Hard Drive,Audio,1582,383d339f-5d11-4191-a63e-aa026e730549,2021-08-12 17:05:01,2,3164
294b0ef0-f268-4f59-8f2f-40a4c2af3f8d,Jenny Coleman,smithjared@example.net,2024-05-27 08:05:52,05de584a-9296-431c-8585-0f9c08d01f0f,Webcam,Networking,898,e3d8cd96-d56b-4e30-82d6-23a2e84daa3b,2024-08-19 10:29:30,2,1796
343a8957-0dec-4f3a-82df-e324a981ef34,Leonard Fletcher,carlalopez@example.com,2024-10-30 06:43:56,caba406f-f608-4c54-a23a-e4b219c18be3,Tripod,Photography,1046,117c2482-82a3-4b68-bfaa-dc9b8b268c07,2024-11-23 17:25:18,4,4184
94d80edf-d1dd-48ce-ae3c-a185984f71ef,Jeremy Sullivan,tammiegregory@example.com,2022-09-22 16:30:56,2167836c-b324-421c-b514-9621be8d7c38,Graphics Card,Photography,1316,af26f2aa-5f7f-4db4-8fee-ffc96895e157,2024-07-17 01:31:23,2,2632
0a7038bb-d075-4796-8e89-f5555f2a597c,Matthew Chang,rodriguezjohnny@example.net,2023-08-08 02:25:44,7246d33a-173a-4fde-b2d1-2c35b578d46e,Monitor,Gaming,252,4ca2c254-7e65-4947-9839-28fc16039633,2024-04-12 17:42:38,2,504
54bca4e2-7098-4013-a4f9-a26e631e5663,Todd Swanson,ppowers@example.net,2021-06-03 00:00:24,2c02863d-6934-4c56-94f0-8164c248d2a8,Smartwatch,Audio,1267,8cce0a34-09a5-40d8-9b50-57c68066cf7f,2023-12-31 17:51:02,2,2534
951a8d4f-77e4-47e0-957e-79c652080e16,Stephen Robertson,erica02@example.com,2023-11-25 17:38:42,0c4a5e62-42db-40c1-ba15-c120ecd9494d,SSD,PC Components,1976,96292053-2983-447f-9199-08c0588d27f5,2024-05-08 18:44:09,5,9880
cba3c179-88a1-4789-8d8a-05d0fb2d5950,Troy Moran,kimberlybeck@example.com,2024-06-25 00:02:47,675e3db4-ceb0-4157-935e-06327b3d1b8b,Mouse,Electronics,557,757070a5-5801-4cf0-a69c-3784696c2b44,2025-01-30 19:31:18,3,1671
5db5d083-7595-4d4b-b600-414ced9d46a1,Anthony Meyer,daniel22@example.com,2022-03-28 18:54:29,072f4bd6-f0d5-47a4-9dec-ecc6bdcb8545,Camera,Wearables,806,325bef9c-558e-49ef-8c68-d99e2d7e4ec3,2023-02-20 05:51:36,2,1612
ee6a6817-5bd0-46e8-8c98-b91013902e31,Christine Bennett,claudia93@example.net,2024-03-10 05:00:26,217baaaa-88e2-4387-97fd-8ff3b73754b2,Headphones,Gaming,1697,d990a7fd-52ba-41de-97a1-69d7221ff7f6,2025-01-11 05:39:43,1,1697
c6115d97-c021-456c-9179-5cbadb12bcaa,Bonnie Evans,garygrant@example.com,2020-07-05 04:57:24,b78e9545-6b84-45b0-810c-b546606531ce,USB Flash Drive,Networking,143,f639d4c2-bb04-4528-8515-9d1d25bfe029,2023-06-18 14:06:56,2,286
b9bda7dd-19e8-4e4e-8b32-8deba744d75e,Katelyn Santana,briley@example.net,2020-07-13 08:43:44,2b877775-f602-4700-b517-883967d56888,Router,PC Components,135,b754827d-22f5-40b0-ba89-3f201237097f,2023-07-08 17:49:06,3,405
13031bea-8008-424c-a359-60c100b3f83a,David Mendoza,janetritter@example.net,2022-04-09 04:00:09,e446bd2a-7437-4522-80f6-eb8a4146b862,Camera,Peripherals,389,c5583704-df9d-4266-9219-f11e74afcb63,2024-11-25 11:41:08,2,778
24977401-f7d1-4150-95d5-a6922ed32210,Katherine Nelson,cooleymike@example.com,2024-01-24 01:51:52,968fe4b9-6756-469d-b3b3-fad42c106c97,Computer Case,PC Components,1578,b470000f-7463-4ca9-9089-9c00d26f5296,2024-03-10 13:26:08,5,7890
770b1a10-4cea-47c1-90f0-487654e7ca06,Stephanie Bass,edward07@example.com,2023-03-08 05:57:46,c965639c-9882-4822-942a-8b15e7f00734,Computer Case,Gaming,650,42a6f960-b95b-4525-9608-23886ef3e97e,2023-05-06 10:17:22,5,3250
ca9f57b3-708c-4cfe-85ca-2eb60ef4db39,Gina Brooks,lyonsmisty@example.net,2021-05-15 17:53:10,072d70fc-d66a-4f4b-ab56-c51528959373,Computer Case,Computers,1294,d846833b-7507-43e3-b831-b04fdd057745,2021-10-08 19:42:58,1,1294
aec905b3-b6ed-43b2-ba1a-23b1db17f4df,Scott Phillips,vpark@example.com,2020-12-05 11:06:29,2992ad22-e40a-4be8-b6aa-220790fecce0,Camera,Accessories,804,6b9de5fe-c894-425d-9b6b-542fb04ab685,2024-05-15 21:02:00,2,1608
735529c1-1c2b-403c-90f0-978def66127d,Megan Vaughn,craig90@example.com,2023-02-08 16:25:53,883d97cf-acf0-40f0-a944-b43e933146de,Graphics Card,Photography,948,5c9239d1-6778-4197-8a50-c1012e66669f,2023-03-04 21:18:34,1,948
a25184ff-7610-45b1-8570-650e5878cf39,Natalie Brooks,jeremyguzman@example.com,2021-04-01 08:56:05,f62da072-a1aa-43ce-ad2b-09b097a27341,Monitor,Audio,216,9658c5f8-4daa-40be-bbec-a730fd168187,2022-02-20 11:17:18,1,216
b2fc9509-3a84-495e-a0d4-a28faa794d15,Hannah Kennedy,nashlinda@example.net,2021-05-30 16:11:15,ebd4dc41-c51b-4f2d-ae42-82f94b7e411a,Laptop,Wearables,844,0ea322ba-d9d1-4cbd-b9be-7fbaee5fb8ea,2022-06-23 02:22:12,3,2532
4022dc66-19bd-4093-a3c9-343f01beee38,Travis Bowen,vwilson@example.com,2024-06-25 00:38:11,791bb737-516c-47e1-8550-806790e7fb3a,CPU,Audio,783,85f27624-1a11-473c-b28d-12ddcda6fadc,2024-09-28 22:16:34,4,3132
046a555f-dd4d-4d81-9a30-6fa1acd784ba,Katherine Guzman,castrocheyenne@example.net,2023-03-02 03:25:56,0d3af936-2575-4668-a871-d738511e61a8,Network Switch,Peripherals,305,c3964332-a59a-4d4d-9ff0-9e03a91bb202,2024-03-03 12:59:01,4,1220
85914601-38dd-4016-9eec-5553afe7c27b,Jillian Quinn,howelltheresa@example.com,2022-01-02 15:47:25,f8b79c2e-cd02-4c73-be1c-7501be3c8dbc,Router,Computers,1385,1857de72-195d-4270-9553-25e4054c0b45,2023-04-16 07:46:36,3,4155
7121b859-4d68-45a0-82f4-878c95b9a222,Heather Hernandez,johncobb@example.com,2023-04-17 03:23:05,5d5b0572-9abf-4fe5-a0ee-49fefd4ced9d,Power Supply,PC Components,1106,129f6274-751a-4d02-8602-4fc27c8d9ee4,2025-02-20 18:46:57,1,1106
e507482c-cfe6-411d-b806-04da24df4d6e,Cynthia Garrison,ebrady@example.com,2024-03-23 03:31:15,dbf1dd43-b07d-4b13-9fd4-89f10c31f725,Charger,Audio,66,4a8f9a7e-8351-4645-8a59-621b41650692,2024-08-19 21:02:59,3,198
d24ff3d3-647a-41fa-8aa7-dffe13ca570d,Jacob Rodriguez,patrickroberson@example.net,2021-02-10 20:14:17,907af399-c3d4-4308-9242-6a6e071cee56,Charger,Photography,505,eb52c73d-69e8-4286-959f-dae24b25d539,2021-05-03 08:57:41,2,1010
ff97b1df-f08d-43bd-8113-c90bac61b8fe,Lori Roman,terri14@example.org,2024-01-08 09:58:16,3948b2e9-64e5-42e1-9474-a8c5e5ae26d8,Smartphone,PC Components,454,a09b7a1a-6c17-46ac-8df1-9314c56e1bfd,2024-09-16 15:17:16,4,1816
155f48cd-6583-4f0d-88d8-1fd0d187c6e4,Erin Rodriguez,taylor26@example.org,2024-07-19 00:59:04,92f873b9-5295-44d2-900b-dfb62d6e208e,Tripod,Wearables,784,fb4343a9-7eb6-4157-a70b-56d848b36d3c,2025-01-17 16:39:10,3,2352
89f85b0c-6dbe-4668-95b4-c0ae8861976c,Matthew Brown,garciastephanie@example.org,2024-02-18 08:07:34,956dd92b-d147-4efc-a293-c6636f2fc11f,Camera,Accessories,566,eeffb0dc-df27-4239-9a40-193fcb00dda2,2024-06-07 17:04:02,5,2830
1723e513-1eac-4582-988d-e6b63c1d662a,Alejandro Gutierrez,jenniferalvarez@example.org,2024-08-02 20:06:56,b5b38976-cadf-4a4c-8d55-fe5f723a423c,Smartphone,Computers,1967,4beb6577-14a5-49c1-9398-bf2e4d468709,2024-10-08 10:36:02,1,1967
f0ffe1fe-cbe5-4bb9-810a-6363ea8b917b,Brenda Moss,gomezcandace@example.org,2025-02-15 17:57:03,86fc43cf-b249-4c34-9462-2ab280f4ff4f,Monitor,Accessories,1575,e2660c17-071f-4234-b866-2810214fafea,2025-02-22 16:48:33,4,6300
f8e9c846-9e7c-4a19-8fce-019c471a7070,Edward Lewis,xgill@example.org,2021-09-25 15:31:30,a1bd3ffb-f920-4991-ab16-0dffa9150552,Printer,Wearables,77,e1abfad9-9768-418f-bf39-843136037d22,2024-05-20 17:13:45,5,385
67b06d63-8444-4aef-b3cb-46b4b3f17940,Stacy Moore,gary56@example.net,2023-08-19 01:52:58,623277bf-46dd-4c17-96d9-98e9b9a8a2ef,Webcam,Gaming,1516,ed493bb1-859f-41d5-b231-9ee609b8a0a0,2024-04-07 12:55:53,1,1516
86817a98-6e60-470b-97c6-704b56fb24db,Michele Moreno,amanda78@example.com,2021-10-26 22:48:42,17997a80-b729-4b3c-950c-d8611ffcb8ba,RAM,Networking,1369,9d483f5a-0e79-45cf-9eb3-2ed49ffd8101,2024-12-30 17:24:37,2,2738
1ccad14f-0a03-4c96-8384-1398b404ce92,Christy Foster,josephzamora@example.com,2020-09-12 10:14:06,15db2466-52b2-4f30-b03d-9c3adbb4d331,Smartphone,Audio,1892,77abdf16-6edf-4309-bd32-ec81b2e4d33f,2021-09-24 11:43:11,4,7568
0c280596-8db6-4a99-ad32-2e7c5c4d5824,Christopher Tran,christiancowan@example.com,2024-12-22 11:43:46,d49362c6-5d5e-445e-b64d-53dbef3adbd5,Headphones,Peripherals,1576,31127a54-acf7-4405-8487-8b3e987a9136,2025-01-11 06:12:46,3,4728
d7086dc2-0532-4de1-94d2-b63183ac504a,Lindsey Green,stephen04@example.org,2021-12-16 18:43:12,f9e8d00f-49dd-4845-b2b0-7f3b909ed4df,Camera,Gaming,30,e21e65eb-c099-4641-84bf-954ca1332931,2022-11-30 06:52:35,4,120
094b18df-2a88-42e6-855c-9c5b28754256,Erik King,williamsdonna@example.net,2020-08-09 14:55:58,ea8fb7ea-75cf-43e6-97b6-c2d26c1f43d4,Drone,Wearables,1407,1c8ea6cc-ad0c-4a2b-9883-062345750429,2022-10-09 08:07:07,4,5628
a6ea3b3c-337f-4aa8-9758-e8f32461743f,Lydia Hernandez,gutierrezmichael@example.com,2022-12-22 08:11:57,5650bee8-6796-4264-a297-bc5dbda73dfe,Keyboard,PC Components,742,fa4eba12-0d07-453e-8474-7897ffcdb3f1,2025-02-14 08:55:06,5,3710
8b5a27c0-49ff-4c31-ac23-5a6f36501891,Elizabeth Smith,martinkrista@example.net,2024-04-18 04:23:34,9dfd563d-26ec-4c7e-a897-e4bd24c76327,Gaming Console,Gaming,1817,28230771-3461-4abf-ada5-2783fa66803b,2024-11-09 02:15:36,4,7268
1ba91b27-c7c2-445e-8302-1a557e26bb52,Valerie Warren,kevinfoster@example.net,2023-09-10 08:30:36,a3496573-2ff1-4b6d-92d2-70c1cbf6c13a,External Hard Drive,Computers,319,b70d93ca-272d-49d0-913a-6c2bc10037d1,2024-01-20 08:02:01,4,1276
5b787506-8f69-41cd-9188-6dc9a508c4b9,Linda Ruiz,katherine58@example.com,2024-01-01 16:57:35,75684556-051b-41be-8ade-e25e16c245aa,Motherboard,Networking,1459,9246d3f7-d1aa-46ac-8ec8-dc6e33d2c713,2024-06-04 09:47:57,2,2918
3222386d-1144-432e-9e31-acfbf4bc1160,Eric Moody,troy63@example.net,2023-03-25 20:12:38,1eca3224-8fcf-4c44-a182-16673cf23985,Motherboard,PC Components,219,8f32ced8-34d9-4def-a630-b5d31b361b22,2023-09-14 17:09:27,3,657
60f1b8cf-9d3f-4dd2-a3eb-5112358362f5,Karl Thompson,alison47@example.com,2023-04-19 08:20:13,631b891e-6e05-43e4-bc05-5488f3b55952,Camera,Accessories,1766,21da76ee-1d32-4304-a555-339a0022d8b2,2023-11-04 04:27:11,2,3532
575cbf98-42c8-4cc4-8814-53aeab281799,Donald Mcdaniel,xrodriguez@example.org,2022-04-14 02:44:23,b41824a5-bcdf-4692-a0d6-e5e35e4f3fe4,Drone,Peripherals,1724,10bbf867-4cfd-4a3f-9c3f-f46cba85bf10,2023-01-22 07:23:34,1,1724
e2cd7705-02d2-427f-a3e1-6820d3327212,Jane Pena,ramosjonathan@example.com,2023-01-17 12:08:26,fa7e5a52-586a-4fc3-90b1-ab75452fcd07,Bluetooth Speaker,Peripherals,1252,5bc56645-735d-4c6e-a44d-30e2dd92a480,2023-12-18 19:14:37,4,5008
18c81103-3fe6-467a-a00e-9cc5ab240993,Joseph Smith,carol90@example.net,2022-06-09 05:45:37,8c482ddb-21f6-4950-8123-bdcb06207d91,Fitness Tracker,Gaming,1128,94e3660d-27dd-4c94-a598-9b8023a52b25,2024-07-25 14:32:42,3,3384
81b7450b-745b-4396-97bc-c5cac5e79c3c,Brandy Howard,florescarlos@example.net,2023-04-02 18:19:28,654d333b-89a3-44a8-8b87-712fd298362b,Printer,Peripherals,817,9c5b9568-995c-4b8c-8be6-93ed883a1ec6,2024-02-16 23:50:06,4,3268
b5466ceb-5bcb-478f-87d8-74f65f542627,Monique Trujillo,john44@example.org,2025-01-31 15:46:22,82af391e-2952-4ee9-9a5a-73399d269951,Graphics Card,Photography,603,35457e9e-8f5f-4612-9218-65085430f7ce,2025-02-24 03:20:46,5,3015
36347bd9-4a07-47c0-98c4-1cee111728b6,Trevor Patterson,groth@example.com,2021-06-16 11:51:43,71807877-c743-4a3a-a19b-de28f8fedfb6,CPU,Wearables,643,36bed022-58f0-4b60-8491-0400f694506d,2023-05-04 09:38:28,3,1929
239b0552-483d-40d0-a28d-edbb67ce253e,Stephen Lowe,pughpaula@example.com,2021-04-14 10:19:20,0c951960-3355-4f3e-97bd-5fe21b64a92b,External Hard Drive,Electronics,1929,d7b1a948-1ca0-45ea-9baa-16d9c7b5250e,2021-05-28 04:00:07,3,5787
95d178da-68f4-4f09-baf1-afef306538c2,John Lewis,cmercer@example.net,2025-01-02 11:32:54,7cf0115d-9a12-4f34-bd82-593606836e4e,Laptop,Wearables,70,5a156c7e-1f72-484b-8683-4b60c250df75,2025-01-05 06:39:20,1,70
e62fba51-3021-46c9-bd81-b6d7f2b32885,Kelly Crawford,xhall@example.net,2024-09-13 00:27:51,3d549a85-e63b-4ee3-9489-6245cf41bc0b,Monitor,Accessories,1788,0d865dbd-5817-4cf0-9fc0-4a1e1659498a,2024-12-17 10:10:52,1,1788
2524c1d7-8124-4f94-ab91-61cbe9476ab2,Erica Dominguez,robertcardenas@example.org,2022-09-23 23:39:02,5d69888c-a188-4386-b471-2d1102b45040,Charger,Electronics,1510,3f396037-ea15-4aba-9dc6-b6dcef822d6b,2022-10-20 22:16:53,1,1510
0a71b5d8-756d-4550-af51-6ef192b812ea,Holly Solis,xwilliams@example.net,2021-10-27 05:27:20,3733bfc4-89b0-4e16-a84a-8f08ff7f78b0,Monitor,Networking,1531,1e1706e2-6884-44ac-bfb7-24f1b3f2530e,2024-02-14 01:45:51,4,6124
1d01ef2b-e0a4-459c-ab0b-1c2b840a614f,Glenda Stone,sjones@example.com,2020-06-03 22:52:33,61704ccd-2a42-4880-b015-756e12e8b9e6,Charger,Peripherals,1797,1ec69a90-e922-40ea-8000-b0be760555eb,2024-01-27 20:23:36,4,7188
99fd333d-f558-44be-ab02-2627ac1ed11c,Andrew Christensen,sheilaharper@example.org,2023-06-13 12:20:27,223704c6-8993-4377-bdca-cd02bcd5d689,Tripod,Photography,698,34f90fe5-96bb-41bb-aba7-628baa49d934,2024-08-30 04:24:26,2,1396
e5b27247-80d8-4e4c-bd07-565e5d76db14,Charles Meza,michellehayes@example.org,2022-08-05 23:36:37,9d2dd3ea-1188-4ef7-9d59-de7ca44229c5,RAM,Computers,903,24803701-58c8-433a-9f4b-34b126889e9c,2024-02-07 03:35:00,4,3612
6199cdad-dc2f-473f-ba56-8e2fa4e3d6e9,James Gallagher,myoung@example.org,2021-10-23 23:44:58,8b22dccb-eeba-48a6-940b-d4c2db9fb8c2,Smartwatch,Electronics,32,94a52de8-ea6b-47ce-8077-7175adf5ff2d,2022-05-12 17:21:05,3,96
50c671cc-f3d9-4259-95f9-f8981f3b674c,Tamara Harris,lauren43@example.com,2021-11-07 16:36:49,16c7513d-051b-4b5c-b3cd-71edfb464918,Tablet,Computers,798,ecd4adbb-b9df-4c41-9036-5d3934bac8a5,2021-11-19 20:08:03,3,2394
62c8ee15-2393-4f5c-b8fb-2949b1a75c4f,Shari Bright,williamjohnson@example.org,2023-04-05 03:09:37,5f0f74d6-997f-499a-8df4-095abebe0d78,VR Headset,Audio,1136,337b9d87-6fcf-40a5-a263-51d8cd963718,2023-11-07 08:25:34,5,5680
d198ea7e-943b-426a-8cf9-9abac95db812,Holly James,yatkinson@example.com,2021-03-30 09:23:41,210f2111-5624-423a-be2b-2534ef624ee9,Power Supply,Networking,1276,c5a28100-7672-4074-86ed-61c59dc08df9,2024-06-12 08:37:59,1,1276
3a37526d-c9b3-4356-b0e5-a63fe5afaf35,David Stewart,yryan@example.com,2021-01-22 04:45:53,c76fbf8c-6dd2-48be-abb4-823f8cddbd3a,Modem,Accessories,1024,2466a118-908e-47ec-b193-275eb2d73d13,2022-05-27 10:26:34,4,4096
93a12f31-708d-4bd1-9e3f-8ad3db67b107,Emily Thomas,whiteheadamanda@example.org,2020-05-25 23:40:36,f07a39f3-5114-4c4b-b30e-7f8864b91446,SSD,Networking,966,766f3391-32f7-4d0e-8fe8-95ae2adef035,2020-11-06 18:01:56,4,3864
2211e465-d604-4be7-8f5c-52078b5e657d,Deborah Allen,hrodriguez@example.net,2022-07-15 14:58:11,85fd3e6d-3da9-4314-8c57-79640756d16d,RAM,Wearables,1322,b1d0ef79-90e9-4ff4-8134-710f5e8a6e1c,2022-12-30 01:08:54,3,3966
5ae76949-06cf-4b65-b5cb-6207949d13ef,Jessica Finley,zbennett@example.com,2023-07-26 04:58:24,8359773f-1479-4865-9b6c-4c609da80b2e,Computer Case,Audio,1746,099d4254-9cd9-4579-b2a3-e368d3e64451,2024-03-11 11:00:39,1,1746
17aa8e62-6a46-4ba8-aa05-62b459d3a89c,Carolyn King,cassandra88@example.org,2024-03-09 02:45:23,28721133-a66a-4606-bbbb-374e47135e9c,Power Supply,Electronics,1168,388d0a0a-8e76-4cc8-8f41-4d49c659f99d,2024-11-04 20:12:10,2,2336
122e1503-de07-41cd-95fe-16fd1a7e1fc3,Robert Taylor,markclay@example.com,2020-06-20 10:14:51,99b8d46d-ede9-4c99-b0ae-20586deb5e81,Gaming Console,Electronics,26,39b5de75-4f2b-44c2-b3bf-a96644f14af0,2022-09-11 05:44:38,1,26
7fbe8cfa-52f3-4372-afc6-eb212a99d1de,Marcus David,ejackson@example.com,2022-08-02 13:35:18,b51e84cc-9937-4e74-96ea-6502de310739,Modem,Photography,531,42b90f4e-7202-46a9-82a0-2766560bf7a3,2022-08-16 01:46:35,3,1593
63d96393-466e-4295-8d12-f28d82e0e3e0,David Miller,edwardsdavid@example.com,2020-09-15 01:54:11,28c9d668-aaf4-4031-b36b-02802132075b,Smartwatch,PC Components,1051,5215cc3f-baa8-46ad-a85e-3ce05bb5c5dd,2023-07-23 17:23:10,4,4204
c019053c-c276-4d3f-91b7-a9113c3cfb91,Cassandra Macdonald,theresabennett@example.net,2021-09-27 07:28:46,5e9a9db8-04cf-49d9-9ecc-22fde5247c1a,Camera,Photography,206,6e98de19-6320-460d-9d25-c9aaa601dda9,2024-07-24 13:11:57,4,824
e08b42c2-b4d2-43ac-a13e-ef5e64e4a38b,Michelle Conner,jennifermcbride@example.net,2024-08-01 10:29:02,0f9952df-d6fe-4524-aace-764467ea534a,Smartwatch,Electronics,1952,4205c836-2ff2-4a96-84a1-4ffbc2c42c5c,2024-08-19 19:48:35,5,9760
a050a21a-804c-4b58-b439-a07333fbfe91,Jennifer Joyce,smithcatherine@example.com,2022-12-22 05:51:49,9c190ed2-11e5-4f38-9278-5acc4e826c2c,Microphone,PC Components,60,82c821e0-5b10-4633-9092-15aaa09e546f,2023-10-24 15:56:56,4,240
bdae9803-c05f-4eeb-a050-515e18abfc3f,Lindsay Pugh,ronald07@example.net,2022-02-14 16:58:50,225b8268-0cf1-4bfd-ae87-ba694094a024,Gaming Console,Electronics,1835,a069cab9-9974-4a1a-b4aa-22de3c16cf52,2023-05-20 20:39:50,5,9175
e6f09ef3-bceb-44c9-b11c-62b2e71eb3e1,Jessica Lee,chandlerjacob@example.net,2020-07-14 03:20:58,1d5bb04d-6c04-4e8f-b589-fe273130d62e,Fitness Tracker,Networking,836,37b08c4b-15a1-4cdc-af7b-daf603d9a408,2021-08-20 18:38:45,1,836
3d97f76a-0006-4a5d-9aaa-4307aacdc19f,Jackie Sparks,pollardlaura@example.org,2024-04-02 13:51:51,9d43c7fe-5c9d-463a-968e-46e10967491e,Headphones,PC Components,1426,230c64d9-a82e-49af-a01b-e033e6d7e73c,2024-08-03 08:32:42,3,4278
c55aeae8-88a0-46ff-ab1b-0c979efbce6b,Deborah Sullivan,lopezvictoria@example.org,2024-07-20 22:41:48,08a66ac8-dfc9-49ba-a535-8dc02d126159,Bluetooth Speaker,PC Components,1220,1cc7fa82-1bf6-4842-9854-d54c9c815e80,2024-10-27 05:52:34,3,3660
c67f7d7f-1765-4280-8a7d-b994c31ae6dd,Daniel Mendez,kimberlywoods@example.org,2024-11-07 13:51:04,b2b7d6a7-48bd-4af9-a1fc-c52c948fffd4,Microphone,Wearables,1248,23116f96-fcac-44f4-af03-6099bd388f21,2025-01-25 06:47:41,4,4992
d769002a-839c-4386-b70b-4b2e22688055,Chelsey Garza,wnunez@example.org,2022-07-04 07:59:32,c14723fc-2e79-4244-8b04-f16cd7747a62,Drone,Peripherals,1605,eef90682-52b4-4dae-a055-5f2030021e6c,2023-12-08 06:54:56,3,4815
3c164c50-7c3f-4e5b-ab6c-fdd68086527d,Caleb Barnes,melissabauer@example.com,2022-05-10 11:38:47,a9a0aab2-7158-4962-a67e-1f5398f7e8d0,Headphones,Photography,44,5711d582-6bd4-4a63-8d40-532b8c54b6d4,2024-04-29 09:33:09,1,44
c1325090-8929-4494-aafc-9ffeb5dd6c31,Mary Williams,friedmanlori@example.net,2024-08-07 01:14:08,c4559331-605b-4d2d-aa14-193e008826aa,Graphics Card,Computers,1626,9bc75430-00fe-478e-81cc-3d0d62688903,2025-01-05 16:17:47,2,3252
0a959f0a-fe3b-4ebc-9292-ce29f82c8225,Paul Robles,susanpena@example.com,2020-10-08 21:42:45,6b915d63-06c5-4e90-9eb5-d5a95ee75dba,VR Headset,Accessories,1780,e5d73c9f-fe91-4213-98bf-34641349bf9b,2021-11-11 13:42:29,4,7120
0169e8b1-6894-4645-bb36-f864d41f5f1a,Lori Rodriguez,tsosa@example.org,2020-12-07 11:14:52,7d5f8115-f569-415f-8dd3-51fca8d69f2d,Graphics Card,Electronics,1048,d4d24205-f060-4aa2-8890-cbf5a7475ea3,2024-11-28 04:59:08,1,1048
88771543-3361-45f6-8676-403c174ad513,Gabriel Hicks,suzannegreene@example.com,2024-10-17 12:33:07,4945ecb7-b4c8-4fc5-b833-d66cb14a1c84,Smartphone,Accessories,1850,54710571-b11f-4fe1-aae8-3dbdd2bbbc00,2025-01-19 03:44:33,2,3700
9f713e05-7235-404b-89ed-9fb5dc7434e3,Sharon Thompson,adam08@example.org,2024-02-23 08:53:23,d2700070-4484-49bf-9de3-ccbe42e475f0,Drone,Computers,1282,0ec4b569-9baa-4284-9d3a-c525c0d4e071,2024-04-07 06:41:42,2,2564
9067898d-a35f-4ebe-a50d-578989f6787b,Jessica Knight,deborahvargas@example.org,2022-02-09 11:51:45,0ede69b9-42eb-48bd-a6a5-01c54a8874fb,CPU,Computers,1189,0d9aaaeb-fb26-4ae5-9472-949d29eb1f4f,2022-06-18 04:52:36,4,4756
b6ccfaef-a214-4bee-992d-d9860ccac021,Jared Daniels,gregory18@example.org,2023-06-13 14:09:28,9bb28ceb-c966-432e-a771-2642ca425701,Graphics Card,Peripherals,410,26e8c2c1-7f73-4afe-a2d6-9c59a6301b53,2025-01-15 02:38:40,5,2050
e90a0745-e01a-4e54-875f-2510d46c6358,Robert Pearson DDS,sshepard@example.org,2023-07-14 09:03:38,ec206745-c233-43e9-bc4e-0ffa609df0e0,Gaming Console,Gaming,1798,e92d28f4-d947-49a5-b4f7-88f5efa2f3b9,2024-06-29 10:55:46,3,5394
012269ce-7b2f-4b45-a217-d2b81aec65a4,Gloria Levy,paulagonzalez@example.org,2024-03-03 15:36:35,b16c1235-edd9-44c6-8ffc-b05d2b502e4a,Keyboard,Networking,359,06d3cf88-910b-4320-9a31-90705b6b0bf5,2024-11-22 23:28:48,4,1436
6da78249-1232-4c6b-ba72-d4512c5a2d8e,Jacob Martinez,samantha14@example.com,2024-04-06 19:14:31,1c2a28b7-6b30-406f-80d6-4050ff725291,SSD,Electronics,892,a3cbb77b-d44d-4156-ae13-781fbcb71c6f,2024-10-02 09:49:32,5,4460
02701a69-98bd-41f0-9693-b7ca83affab8,Nicole Bell,dcummings@example.net,2022-12-10 05:51:55,91b7d58c-dc9d-46c3-a07c-fef5a049a484,RAM,Gaming,1460,53fcd9a4-e43b-4413-aa34-b17b1a0c8cb9,2025-02-04 15:58:39,1,1460
ba6f054a-a519-44bc-a4b9-2af5912d4121,Carrie Willis,amywright@example.com,2021-03-12 10:42:28,dab4dbb6-c2fa-436f-8d87-aa90ea053d31,CPU,Electronics,420,401f7b5c-96fb-421e-a3ed-ef6bf10b9c0f,2024-01-03 19:20:11,3,1260
f8f3ac70-def4-4f46-8416-dd14ad09f4b3,Grace Mcintosh,gavinporter@example.org,2020-06-05 22:12:35,7fda1b6d-503a-4bcb-a074-a0fa548bd008,Smartphone,Audio,1268,27ab063e-8bf6-48d7-bb33-27b1abd2a7f8,2020-11-09 21:40:13,5,6340
9a7ec537-56d0-4372-ac81-ad78aa7234f2,Jessica Perez,handerson@example.net,2021-03-18 12:28:26,c5ec816b-ef4f-44a6-9c4e-ab5fed13b6cb,CPU,Photography,1943,71bb77c2-b5ed-4e1c-b43f-7a61e3893b43,2024-07-25 02:04:19,5,9715
efdeb5ac-c640-40ff-a43b-e63611a993a3,Joseph Delgado,carriereyes@example.com,2022-04-16 00:42:00,cfdfdeee-afb2-4184-bdb5-18dcd892462e,Graphics Card,Computers,901,fcf6a1eb-da72-4343-b5b3-9631c60f1e77,2024-10-03 21:20:34,2,1802
ea8a2bb2-47ab-4e6d-9181-bca952a41ee8,Lisa Molina,kcampbell@example.org,2021-03-25 03:20:03,11eb83e3-776e-4949-ab8b-5630b02b817a,Graphics Card,Accessories,883,f6396ee1-2af4-4ee5-ab22-ebb07dedf15b,2023-07-16 06:47:09,2,1766
3672606a-7705-4ae4-a097-5a3df15d66b8,Dr. William Moore,jessica55@example.net,2023-05-05 22:54:56,cb227835-6feb-4ce1-91e7-39f8b6ea122c,Bluetooth Speaker,Electronics,785,785c6b4d-c2eb-44ec-a54c-e4655bece5f4,2025-01-23 11:14:53,3,2355
61c0223c-0b84-4a8d-a2d6-2eaad9fad37f,Kimberly Smith,imedina@example.com,2020-06-24 10:59:31,a1aadd0d-22be-412d-b198-b7a21b6b5f35,VR Headset,Gaming,875,ada79ad3-992a-403c-bc5f-43f97d6f51c3,2022-05-21 22:18:58,4,3500
82bfd60f-068a-4055-90e6-236841f569a9,Bryan Cohen,michael94@example.net,2025-02-04 08:38:57,2f886d2e-54d5-4fd3-92b3-8d55fd03975d,Fitness Tracker,Photography,1942,e377242e-009b-41b3-a7e0-a6e7c8814849,2025-02-19 00:37:49,1,1942
45f1ab05-27e5-4b17-990e-285b2fd64a1a,Anthony Myers,danielle26@example.com,2023-05-22 12:03:10,1048430e-8dd6-47f1-8f31-c189ac215656,Headphones,Computers,731,8567bc02-abb4-4b84-9da5-e83ed58ae88e,2023-12-31 12:43:58,5,3655
e2ca9183-15e9-488f-a7b9-3806174610a3,Sabrina Keller,colleendominguez@example.com,2022-02-03 07:01:24,2a41a2c8-eddc-4216-ad45-2654368d7ac3,Mouse,Accessories,640,f9db1674-2aee-45ef-8413-7346dc2b134f,2024-09-05 23:40:53,1,640
b1d20eff-23bf-4e3e-8c4d-87ab35c004e6,Timothy Sanders,bradshawpamela@example.org,2022-05-21 20:02:16,88575ddf-680e-4c49-bd96-aa584f1e71bb,SSD,Audio,223,4c62a99a-a8c3-48ae-bade-c411bd9e95dd,2024-10-28 00:28:11,1,223
3bf7d9d2-ce57-4b4e-b32e-7f9f5eed0c31,Larry Bailey,bobby07@example.com,2024-05-08 06:15:29,158c7c82-0638-4f52-a92d-c86c44322513,Power Supply,Networking,400,86f38c63-6f2e-4ace-b580-d9f8774ab46c,2024-07-30 01:35:58,4,1600
daecb7a3-b1a2-4b60-bd15-a6f35d03e9ea,David Bennett,fletcherjuan@example.org,2022-07-03 05:01:35,2702cc22-e619-4fd2-8398-ea444b963994,Power Supply,Photography,918,921b9b86-32c6-4967-84df-5ba152625df2,2025-01-29 09:09:19,4,3672
382d73a8-b96a-41cb-afe0-4b3cd5131243,George Johnson MD,rhartman@example.net,2024-05-26 00:40:50,61290d30-23e1-4f80-997c-738b88ab56d2,Graphics Card,Electronics,1754,8549d6b6-19d3-4de3-adbd-b0ce9ed0c434,2024-07-12 03:54:09,3,5262
c8107b4c-feea-4b8e-87c8-782e0629a893,Lisa Taylor,charles01@example.org,2024-11-27 07:39:35,7765184c-8396-4db5-ba9f-cd1a3e732e2d,Keyboard,Electronics,1905,9a002610-8383-4af3-adbb-0f17ae82d4d8,2024-12-30 04:04:55,3,5715
14e7673d-2e86-4655-9f18-c47f77149180,Carlos Green,petersoncourtney@example.com,2020-09-11 08:28:09,99925043-2406-45bc-9284-b5f6f1c2066c,Bluetooth Speaker,Peripherals,1368,1a972fde-4c3c-4008-a003-68a1fd55ca5c,2020-09-22 05:59:41,2,2736
deefb56e-0dc3-42a5-9b3d-22936ba155f9,Tiffany Moore,briannacervantes@example.org,2021-02-06 14:22:09,12bb1e48-9364-45a0-867a-032ba53b0b0a,Graphics Card,Accessories,1460,7e5f033e-aec9-46b2-83cf-cbdd1b0aef32,2022-08-24 05:34:06,1,1460
f626cf8d-185a-44f7-8744-6aa8bf536d18,Christopher Bishop,jonathan83@example.org,2025-02-04 06:26:48,749e7feb-83c2-46db-b8af-05fa1707f77e,Microphone,Computers,1765,4a4bb8be-deea-49f0-81b7-dfa08df59f04,2025-02-24 14:55:18,4,7060
28c366e2-0b41-4c2e-bca1-2221ee1e1900,Alex Kim,hoopertravis@example.net,2024-08-20 22:21:18,de847892-5297-4d7d-b666-08e65124ad87,Laptop,Networking,506,2ac03d99-3286-4112-94ed-a8c6ab0aeefd,2024-12-23 21:19:44,2,1012
c3401d76-d782-482a-98c6-3b2d32d9294c,Carla Preston,clarkrebecca@example.net,2023-06-11 01:45:23,9804b339-a23e-4b1a-8b1f-eea2f7c56383,Modem,Electronics,1895,0eaaefdc-7dd2-40da-bd42-0e15db298aab,2024-12-15 12:37:32,2,3790
ec873402-0928-4460-a39c-b8e5cdbd69e4,Erika Townsend,davidsoncindy@example.net,2022-01-25 08:44:49,15abd38b-c759-4cdc-8fcd-ba060c29a6c2,Headphones,Peripherals,539,9a1823d8-9727-4a3e-8f25-34ea877b0406,2023-05-17 13:44:13,4,2156
f8fb1878-a4d6-4050-a9e9-ec7c9713ff51,Kayla Torres,angelajones@example.org,2024-12-18 17:30:01,a69a1219-37a3-456e-b009-7e61f4e8389a,Network Switch,Audio,1305,ea8632d2-f0ec-41dc-a0cb-46506d3244cd,2024-12-20 23:09:42,2,2610
029b5fbe-c16c-4cdc-aebd-60a2d821452b,Thomas Galloway,qalexander@example.org,2020-06-10 02:13:44,13807ed7-7f84-4659-adf4-c78e5bc704a6,Graphics Card,PC Components,914,84b811e9-cc89-43d9-8203-ca2506823688,2021-04-23 14:45:43,1,914
492178cf-9626-4811-9a54-01003b2ef181,Eugene Brooks,brett70@example.com,2024-03-01 11:51:00,b9506fb4-a1ae-4f32-89b1-68d6de3eb62f,VR Headset,Peripherals,1571,eebcbc0c-7653-49f7-adab-ce5fe780b44b,2024-05-08 07:46:12,2,3142
76f2abeb-c1e0-4c45-8fac-baaa43c34133,Jennifer Roberts,patricia06@example.org,2021-12-22 10:24:40,52572b46-4146-4b01-859c-e1bd63af3587,Fitness Tracker,PC Components,606,e31c3714-f315-4625-82b5-f17eb4563c4b,2022-01-01 10:23:08,2,1212
ed6e6889-ba82-4ffa-9af7-3a4db0c1886f,Teresa Santos,hcarrillo@example.com,2021-07-11 20:20:33,7699fbe6-e17b-4f7e-80ba-b2c3162e4411,Fitness Tracker,Networking,412,7b363c46-f764-469f-be6a-2062529e2b05,2024-07-29 18:41:48,3,1236
c0d3d000-050f-4d35-bbc4-5adc5b06223c,Jason Arnold,mary75@example.net,2024-01-07 22:09:56,09977d19-744f-40c7-a754-9bad02799791,Microphone,Wearables,468,e6d464ec-9d99-4353-bd2c-a22640525625,2024-01-30 06:12:33,5,2340
e367c7cc-a021-4309-9b79-ccb2bfbd2b1a,Krista Kaiser,icarter@example.org,2023-02-05 09:25:56,3d2f59b1-b727-42a6-8acb-cec96a776872,Tripod,Wearables,948,8d8f18c6-8658-4cd3-9250-c00b43b603f9,2024-11-23 22:15:45,4,3792
c5622041-3935-4394-818f-3d0448976f31,Patrick Vang,kevin55@example.net,2024-02-29 01:45:21,5607fbea-d6d9-40bd-841a-417419712a3d,Printer,PC Components,943,ea53caf7-afcc-4334-a404-1ff3583d5d1e,2024-05-09 05:51:36,1,943
0e4d51c4-de49-47d0-af83-455909b613e3,Nicole Green,yallen@example.org,2023-06-15 00:02:58,6e68ab67-74aa-4b04-94bc-39c4fbeb3149,Gaming Console,Electronics,439,ae0406c3-9c2e-4b5b-a559-f731855421ec,2023-07-27 11:56:49,1,439
07e5d6af-01e7-456e-97a5-4f72c440bbe3,Laura Dawson,lorirodriguez@example.net,2020-08-23 00:40:10,be411f85-b037-45af-a2ad-6e31534a9eab,Keyboard,PC Components,1834,4673cd29-914d-4554-8fb9-0e054406a2c2,2024-10-29 12:11:32,5,9170
ab5e546b-1e96-4bcf-bbc1-1f1d573df0d3,Robert George,bookerbenjamin@example.com,2021-07-05 12:22:45,b254ec28-b068-4fd7-b59c-737cbf54fcaf,Tablet,Accessories,1927,d5d3d032-f56a-476c-957f-a0ba65fdd80f,2022-12-14 20:00:39,5,9635
c2a9c2d1-cf3b-415b-9909-a399c820aa93,Anne Cunningham,bonillaclaudia@example.net,2022-11-09 15:51:01,a1ccfdb1-4013-4b95-afd8-ed4a8a31baa7,External Hard Drive,Photography,1205,048218c4-d909-4074-afe0-19fcbf8ce6b8,2023-08-08 00:29:20,1,1205
57c5c60d-1ba0-4a9c-a12d-09a669a4f310,Laura Hoffman,jennifershannon@example.net,2022-08-03 20:07:38,bfe2bb33-2f9d-4a39-9693-6ca177bafada,Drone,PC Components,1003,e2fc2569-f998-4577-a4bd-ef3f9473ac68,2024-09-20 03:36:25,5,5015
de77596b-f784-41c3-8f87-794bcc80c7ed,James Martinez DVM,shaun14@example.org,2024-11-12 10:10:11,b0bdfff3-488f-4a51-847c-94b919163694,Smartphone,Wearables,1816,127a8419-695d-4740-bf57-70b7b855b2e8,2025-01-21 10:06:51,5,9080
0d42088f-1f64-43a1-9e8f-68d42f2ca2ae,Nicholas Coleman,ericfigueroa@example.com,2023-09-25 07:06:57,47712261-2c74-430e-a3f8-c6613ca07ba0,RAM,Computers,1012,d93b3083-21c0-4977-89c6-edeeb03e79f1,2024-09-20 08:15:44,4,4048
2a86428e-bcc9-471a-a7b4-f2ab3b46b335,Terry Allen,graysarah@example.org,2024-02-04 08:42:48,36210a9d-ac99-4275-b437-66e5595e6bc6,Microphone,Gaming,1695,47b4615a-2d6c-4a19-af74-be9be96d0bfa,2024-05-23 05:19:00,3,5085
e4b588de-c820-4d92-bdab-6913da3ed094,James Bowen,edwardhendrix@example.com,2024-06-09 16:33:11,2c0de19d-0c76-46c3-a117-5e3be492b4a7,Headphones,Gaming,416,60b6cead-722e-40a4-b9d6-5e744288dec1,2024-07-24 18:48:02,4,1664
6bf6489b-c318-402d-858b-8d88efd74964,Frank Ibarra,plevine@example.org,2025-02-22 13:18:54,68d2a3c9-eefd-4441-8d7b-46eb256c4b73,Computer Case,Networking,1527,79914dcd-e185-4ddb-8817-c7a708bd6fd5,2025-02-23 08:30:40,1,1527
b5039775-cafd-4fd8-ab02-2e74bc7d6950,Matthew Walsh,wallen@example.net,2022-12-31 07:16:05,50ac7fab-ed66-4070-be75-16fa5d478fc8,Tripod,Computers,548,5aa5dc47-fafd-4fde-a1f2-2ecf2933cdd4,2024-05-05 19:02:44,1,548
368eb6a4-5334-4067-9b56-86d83f066939,Kevin Johnson,johnnysmith@example.com,2023-08-15 21:15:54,814967b8-76f3-4a92-9eb5-b257ca5ab8b4,RAM,PC Components,1453,b1581ef4-ca0b-4896-944b-6413741271ee,2023-09-08 14:17:58,4,5812
a6d5b3c7-7d87-4ecb-a7ee-74853b99be65,Gabriel Ball,jblake@example.com,2023-07-04 15:42:31,d2a64611-3de4-46fa-b108-8f1ab82ae57a,Scanner,Photography,1957,d8d23cec-5518-4bcf-b7b4-95c61a6cc045,2024-12-31 07:07:15,5,9785
25c20332-10b7-4f3c-98bf-391f7bee71b9,Curtis Silva,stewarttroy@example.org,2021-03-06 11:54:07,af031a69-1d63-41e7-9dde-166a5ec1f9fd,Monitor,Electronics,1184,4c242c94-2f94-4b2e-aa74-b8e2d50b0dbf,2022-09-24 23:10:04,2,2368
8877e019-f832-4e89-bb43-46484ce39496,Adrian Kidd,careyandrew@example.com,2020-03-04 22:12:40,8aeac74a-d803-49b7-8da7-780036d63846,Motherboard,Peripherals,694,5d3b5a34-4ae7-4dfd-9373-cdf9a66e808b,2021-03-29 17:17:47,3,2082
bf034566-5e5c-458c-a34a-89f9aba04223,Peter King,alexander14@example.com,2024-09-23 17:35:12,1d070d06-a19c-4ea9-a978-a2de3cbe11eb,Scanner,Wearables,332,13114633-e5c7-4a9c-adb3-81d48865371e,2024-10-07 23:27:48,4,1328
6be76cbd-7cf5-44f6-bc8a-898407823d05,John Brown,jason78@example.net,2021-10-13 21:57:27,08e29dae-9e2f-45e5-a204-81df398472ff,RAM,PC Components,1600,6c1da4bd-9d8f-45ad-9292-3a124105a743,2022-12-18 19:01:34,1,1600
202f0d11-c8b8-4e04-a686-061c29183b00,Kevin Morales,christopherwest@example.net,2024-08-12 12:15:30,e0e999e2-df9c-4553-b12f-ec5d078bd2d2,Power Supply,Computers,1952,019bbf01-b51e-48a5-ba91-02bc5bf4cb65,2024-10-31 03:58:15,4,7808
d864e566-a044-4241-acc6-f1660bce09f3,Michael Coleman,andrew17@example.net,2020-04-12 11:48:12,205eb09f-d44d-4900-a9ba-aecbafabed97,Gaming Console,Networking,1980,db1355e8-eec5-4b34-ad29-cc606af34f91,2023-11-24 17:44:28,2,3960
24c0308d-60ea-494b-af11-c2f18880051c,Anna Newton,crodriguez@example.org,2021-06-08 09:03:25,19cfde0a-d15d-4d91-b95a-4d804eacac7e,Keyboard,Accessories,811,74816849-d214-4de0-91b4-e8a048635f24,2021-09-07 10:07:13,4,3244
1f979273-f90a-41fc-9052-10200de1756a,Crystal Gallegos,gmoore@example.com,2023-07-18 04:23:28,9db5eed4-8961-439d-b49e-f8dd7c1ddf7d,Drone,Computers,1644,19fcad4d-4c1a-42bc-96c7-251346141a15,2024-10-26 19:22:03,5,8220
77fd3fb9-3c71-4af2-ba1d-1e9351d5a001,Melissa Ochoa,pam63@example.org,2023-07-30 10:17:20,13f35260-4f0c-49b0-9697-a8f3bc7310de,Drone,Peripherals,638,9630be6a-34de-4f55-813b-2f976186b592,2024-04-14 05:43:49,3,1914
835342ff-493c-459b-ae5d-c7ca144df589,Bobby Parsons,henryvirginia@example.net,2023-01-04 20:59:11,963d8e0b-78d5-47cf-9963-f61e481b4665,Smartphone,Photography,1811,fe2167c7-8946-4fa7-82c5-82750324e87d,2024-09-03 01:03:43,1,1811
4b083aac-fd86-4342-a3c8-96d52338807e,Brian Rocha,pamelanavarro@example.net,2021-03-11 07:37:13,61587443-3c4d-47a0-8e70-f0ff6ea5539d,CPU,Wearables,173,71ff0dea-9792-492e-bca4-7679f35b4d28,2025-02-07 11:39:56,3,519
70cc0206-02fe-4ee9-b06c-a0ec92dc2b6b,Robert Diaz,stephensmelissa@example.com,2020-03-22 23:59:56,df7f594a-a561-4b83-8001-2c289eca21f2,External Hard Drive,Computers,420,5ae65410-14b0-4e6d-94b6-bfa46938d9b7,2023-07-27 16:49:28,1,420
8448a4b6-3cda-4e74-9227-39876140c3a5,Brittany Watts,phillip29@example.com,2023-07-05 00:25:48,51c7261c-c6d4-4bde-8690-71cbd6089e72,Router,Photography,1781,61bacbb4-c53a-436e-a524-2f5ae8fa07e4,2024-12-31 09:07:42,3,5343
d048df82-557b-4499-b659-ca2e1d18a393,Maxwell Dominguez,espinozakevin@example.com,2023-01-07 05:22:44,e0477713-1c38-40c6-aa9d-728f92a3bb55,Graphics Card,Wearables,74,38233cf7-30c7-4e6e-8d38-cfe686a69fd2,2024-08-15 08:15:24,4,296
8b140023-e52a-465f-be78-8b650c60d67b,John Moss,edwardjohnston@example.org,2022-06-03 12:56:45,041a59bb-6f7f-4ea1-a756-88ae797b203b,Bluetooth Speaker,Audio,1873,50b6db27-dedc-4ba9-964e-f153e0448fd7,2024-10-03 21:51:16,3,5619
f04c9812-c3d6-4525-b994-e9b3fbb4440b,Janice Hernandez,miguel33@example.com,2020-04-25 21:10:10,c54db251-ce11-4f34-aca4-8971222fc75d,Camera,Audio,173,ccd602e1-0ee9-486a-8e90-ac3ec8fb611d,2025-02-10 08:07:50,1,173
b6b6802c-7711-4254-83fb-28651da3dc06,Eugene Williams,brianwolf@example.org,2021-05-21 06:04:11,2028aabd-7fcb-4d7d-b347-1cb7afc66d2a,Fitness Tracker,Computers,599,611dcb9c-1750-46ef-a522-db1e044ae1ea,2022-04-26 22:10:52,5,2995
0e1e21bc-694f-487d-ad34-d34e00617c59,Joe Rhodes,ortizkyle@example.org,2023-12-18 23:48:02,ed8c6bfd-8f47-416d-86a0-7f74f2f9a612,Tripod,Networking,1417,e2836d42-a2cd-43d6-bc3c-c518a8bcbfdc,2025-02-17 05:45:44,2,2834
037501de-2a6b-4fe3-b1b4-fac180a6205a,Taylor Allen,amber38@example.org,2022-01-29 13:08:51,ee842985-ccaa-43da-87d5-082a89ee48f7,External Hard Drive,Computers,814,e5688dcd-d807-40eb-97ec-e5bc254ec03d,2023-11-01 02:16:25,5,4070
cee399ff-cffc-4849-8b43-9eb5b6014bb2,Nathan Murphy,ubird@example.org,2024-03-03 00:40:31,bbeace7c-6363-41a7-8b3f-fa29440aa08a,Headphones,PC Components,624,002c0568-bae2-42cf-b413-afccc181e1aa,2024-05-09 13:09:58,1,624
60f69ec3-0498-4886-978c-ca793a05a41b,Christian Carlson,arroyosamantha@example.org,2023-03-23 17:24:47,70596e35-76cc-4553-88f0-58b8ff99e679,VR Headset,Audio,1586,e69d1279-cffa-4317-9424-de4f5be8a82c,2023-11-01 18:05:21,4,6344
69ee8aa3-4543-417f-94f8-7b4880656652,Melissa Fletcher,dillon06@example.net,2022-02-11 00:55:58,9636fcfd-3b00-4e39-ac6d-e65d09646ba2,Mouse,Photography,267,bf6b46ba-5d97-4143-a212-5ca08fa5ad19,2022-11-25 06:17:37,4,1068
793cced4-d88a-4655-bfd1-d5012893b2d5,Donald Dixon,jamesstewart@example.com,2022-02-06 02:38:01,2928ce29-126f-4220-afbb-a6c3b75f1b60,Tablet,Gaming,63,429fb01b-c9de-46c3-8c57-67786486030f,2023-01-04 09:20:11,4,252
2f3edb8c-68db-4584-8817-e167e0b790ed,April Morales,johnsonbrent@example.org,2023-03-08 04:14:19,1e25035d-cfd5-433f-8a96-6db424481d17,SSD,PC Components,848,1758d488-f730-40d9-a5e9-a701ddcd544f,2024-02-06 04:49:05,4,3392
6b019d75-8852-43b7-8829-55d2701794cb,Dennis Smith,smithalexander@example.com,2020-12-14 11:08:54,f722020a-b16f-445c-9692-a3ab4ec0c80a,Drone,Peripherals,1059,7f0c002f-f3c4-4dfd-9913-15f62656efd6,2021-01-15 09:12:11,1,1059
dfd55ef0-659c-418a-ae84-67e45fb3b9f8,Michael Dixon,gravesnicole@example.org,2024-06-20 18:15:02,2292a1bf-9ced-420f-997f-c89335bc29db,Charger,Accessories,1446,404e6677-b2cb-425a-94d8-71c1e683d874,2024-09-19 11:34:10,2,2892
794dc933-b30e-473f-9ac2-35b611ccad9f,Julie Casey,nicholas44@example.net,2024-10-10 04:32:39,f4b0d131-cb3b-4c38-afb1-72dc2ed61b8f,Webcam,Audio,446,e40d4f6b-c269-40ed-a2fe-00fef00ccc6a,2025-01-06 07:25:50,3,1338
ae69d1a8-c201-4e29-98b5-1fee5640aef6,Edwin Gonzalez,stevengordon@example.com,2021-12-25 16:14:02,355c95c5-3452-41f6-bdc1-1a441f68f402,Printer,Networking,777,e7950ff6-3870-4f3d-9510-bb4ee7b76862,2023-12-02 19:24:23,4,3108
a1c06112-b793-4fcd-a958-5915fee53cb0,Wendy Campbell,elizabeth40@example.org,2023-10-04 19:15:59,fb3186cc-d338-445d-9d40-d9c2a868e818,Keyboard,Electronics,966,54ade238-718f-45ed-ad0d-a590176f918e,2024-04-23 13:34:41,1,966
b5d64990-088f-4721-9467-17e8d3620ba3,Joshua Briggs,kristinaroberson@example.net,2023-09-25 14:23:47,a0824558-e2ae-4bd0-9c2a-c220b3f332b7,Monitor,Networking,1766,d39eb826-08d6-4970-b121-9538c4c47d7c,2024-01-06 07:29:35,1,1766
823fd226-cafc-444a-b446-efb9d2246a1d,Ryan Terry,yweber@example.com,2023-12-10 17:59:37,71a42344-e718-47f1-9b39-88e5a92782ce,Modem,Audio,755,a3f08b49-156c-4657-80bd-b6ce3fbcab45,2024-11-22 11:31:29,5,3775
a0f76726-5ca5-4498-a67d-48a35957d957,Angela Davis,jamescline@example.org,2023-03-27 07:26:11,9d320ea6-3b0d-4a46-baf8-58de7d80a397,Drone,Accessories,715,1628cd7f-0181-4de3-96a9-e89b1a5463a9,2023-07-07 00:14:23,5,3575
f72e848c-208d-4274-916b-63ee09402df8,Leonard Wallace,larsonnicole@example.net,2020-04-08 07:50:38,24332ed0-e937-4a08-90ea-95103a28a32d,Keyboard,Accessories,605,cc9541e6-192b-4b75-95f0-ce046a46959d,2021-07-15 17:23:49,4,2420
a5d60a68-9480-4c01-a426-b9f5d69cd3ec,Sarah King MD,bstewart@example.org,2020-07-16 08:52:52,4604d6e0-a062-4f51-bd01-5742c3d7d046,Computer Case,Gaming,175,c92a4811-a4cd-442e-8c5a-15990cf2a006,2020-12-19 10:19:50,1,175
0b9dd488-2055-45fb-b9a0-1d203fe664a9,Steven Ellison,isilva@example.org,2020-10-11 13:55:01,ba571565-d379-487c-b9b9-53b747021bed,Tablet,Photography,326,4ab653ba-a377-43ba-8c06-b326933af8ae,2021-08-28 20:59:14,1,326
e672e0f3-209e-451a-8ed3-bdc91844675b,Emily Sanders,ryanspencer@example.org,2020-03-02 15:22:06,7bfa537e-2c9c-4afa-abf6-d138b0d6d5dc,USB Flash Drive,Accessories,1986,6d01b7cd-6a37-427f-93bb-ab1df7394f18,2023-12-12 02:02:08,2,3972
6ab1181e-0328-4e6e-97b0-69f41738f4fb,Billy Taylor,hmoore@example.org,2020-04-29 01:30:26,0fa51c31-5af0-492e-8f57-4548171509ad,Monitor,Wearables,1649,e71dfb28-0fbd-4f02-b83d-60a724145020,2020-07-27 01:17:06,4,6596
9e877006-75ad-4797-8a54-a26c717b2f84,Patricia Howard,jilljohnson@example.org,2024-04-14 02:19:01,3822e55b-f280-4b3a-b997-605921ec23be,Webcam,Audio,1771,add30610-d9a1-41f3-aaa5-aa2869518e95,2025-01-06 19:24:17,2,3542
2cc7eec2-9927-4e74-b581-ffcdac3530bb,Alyssa Russell,jasonjones@example.org,2024-05-08 14:06:51,db3679f4-904e-43f3-9344-e123c09af6cf,Computer Case,Audio,330,5b0c458d-c9b0-43e6-821e-75cd9b45309e,2024-05-22 13:50:55,3,990
86cebfb8-967d-402d-81eb-f0a60cea4e55,Philip Johnson,lisahoover@example.org,2022-05-25 04:28:07,245f5910-413d-4307-8f3c-36b3e6dbf7af,Bluetooth Speaker,Audio,62,d6912aa4-569e-4ac8-a415-9ffb4d676016,2024-07-11 04:35:06,3,186
9d88e9a0-c7e9-4049-bcb4-0f879d1f3848,Mrs. Angela Taylor MD,chelseasmith@example.org,2021-11-18 16:57:58,b62de187-05a5-49b5-a1ff-70b69a0b4d16,SSD,Photography,1967,c70a79a5-67fd-43db-b1f1-463c96ecfd35,2023-04-26 03:21:26,5,9835
d49a4bc9-f867-46df-9c09-23d18e923fbc,Steven Lucas,ariasrobert@example.org,2022-07-24 13:32:25,17414fa5-53f4-468e-9fe1-38f11a0eda49,Microphone,Wearables,916,acfb41bf-865f-4469-8119-b252a2861923,2023-07-26 06:46:06,5,4580
679c00b8-f230-471f-8e33-6896f6050fcb,James Miller,christineanderson@example.net,2023-06-09 20:50:11,4fe31dc7-6c82-484d-94fd-709900a25d2f,Webcam,Accessories,578,2488c457-8871-4da6-9c92-8582bff10514,2024-11-18 13:48:54,4,2312
d6b68cea-f5f9-4ea9-a896-86eec32a2441,John Montgomery,johnstonnathaniel@example.org,2023-05-22 06:14:23,7b9cc93c-c2cc-41e8-aa78-c81996cd3f66,Smartphone,Wearables,935,502c7466-535e-416c-a370-2e7d3aa2fe1f,2024-01-07 08:52:07,3,2805
91c91513-c298-4175-8381-0a8f2637c20e,James Cordova,ericksonkathryn@example.com,2024-07-21 09:12:22,4af5de55-1364-461c-8e74-6b35a7ea172d,External Hard Drive,Computers,1802,897d9199-b2dd-4872-826d-133b9af11223,2024-08-30 01:02:09,5,9010
16c26060-e8d1-4a3c-8499-77e447419341,Christopher Gordon,msullivan@example.com,2023-04-21 01:41:55,75cf8bba-166a-48b4-8619-6b569b6508a0,Printer,Electronics,869,69c11b36-ea71-4097-b93d-226a44e55a65,2024-08-21 05:49:49,2,1738
07d5b5e0-11d6-4ce8-a942-c774d7c46441,Garrett Gutierrez,gortega@example.org,2023-07-26 19:48:23,0b761d88-e7e3-46f8-905e-b05f2260ea58,Computer Case,Photography,1266,399a0106-f2cf-48f0-8336-b4dfea67849b,2024-06-10 16:14:52,2,2532
4ea7921d-4a2e-4c1a-b64c-16b8328b3d51,Joshua Cross,elizabethbryant@example.com,2024-03-02 09:31:46,f0eb738a-8e84-4783-97a8-26ad4ff5437e,Computer Case,Computers,539,941011e3-b2c2-4e37-99dc-1377badf89fd,2024-10-12 15:13:20,5,2695
d906dc2d-ebce-43e2-9601-90e3471bddd3,April Mccarty,reevesjeffrey@example.net,2022-09-17 17:17:12,6ec82652-ee37-43c6-b5db-9a330c40d4f3,Camera,Accessories,1993,04262dbf-0438-4528-8e07-ef2d3d39e2df,2023-04-03 20:31:23,5,9965
1438bf5e-ca4c-431f-a5b2-730da78311c1,Ashley Gonzales,kanejohn@example.net,2021-07-18 01:29:27,f3db20d0-4575-45ac-b358-bfc6134f0334,Mouse,Electronics,659,1466ca4f-6442-42b5-ba1d-e997541fbdc9,2024-11-21 16:06:46,5,3295
1fbb70dd-a6ee-42a0-b4fb-ad4e1de4fefd,Nathan Hansen,kimberly44@example.com,2022-02-22 08:27:34,c88f2f38-e75c-458e-8a0d-4c106ffca5b4,Smartwatch,Wearables,1286,0d82fd0b-16e5-44a5-b2e4-1df789a9e9b7,2022-07-03 14:18:37,3,3858
185ae654-22f8-4321-a7e4-fda2babc30aa,Anna Ramsey,williamsanders@example.com,2021-04-01 19:21:56,22c5f2d2-c282-4017-9ffe-5bfbe0d421c8,VR Headset,Accessories,1943,8b27c8b0-0ec7-482d-a3da-3e9d16208516,2024-05-03 10:27:15,3,5829
53b7ce17-c98e-43ce-8caf-fd4a1fe822fc,Jordan Mccarthy,martinezbrandy@example.net,2024-04-22 17:26:20,18aab6a0-9e75-4b6e-918f-f21e4d8570e5,Graphics Card,Audio,1452,7dfab503-9bfe-47e8-90d5-8dfff4abb111,2025-01-25 21:12:19,5,7260
2c515886-734a-4aa8-bf05-f7e2771b4bf6,Brendan Perez,larrywilliams@example.org,2023-08-11 21:13:53,a796df85-0586-456b-9ad1-192e086cec86,Bluetooth Speaker,Photography,406,c44530f0-05c9-4edb-9fbc-04ecf3004eb8,2023-11-22 11:58:46,5,2030
cccf6c1e-11fe-43f1-b0d4-d949478423a9,Barbara Cunningham,finleythomas@example.org,2022-01-08 13:06:14,0fe35a0b-e095-46c3-af3a-83b459be6411,Drone,Peripherals,721,6fd7e241-3aef-4063-a38c-5d405b95099d,2023-07-01 14:22:33,4,2884
98b82ec6-20b0-4f69-a771-4e30f8c06649,Jennifer Wilson,tom45@example.com,2020-05-04 19:59:36,54a3d7d5-81bb-4b2a-b59e-e743dcfd1806,USB Flash Drive,Accessories,283,fce0e5bf-a10f-4656-a02b-e0f9879fe027,2022-06-22 07:46:15,5,1415
f0284131-d947-4317-928b-1514b93e54ab,Anthony Dalton,christinagarcia@example.org,2021-01-13 16:52:46,f4199123-5478-4684-81ed-a9ef08e9a790,Fitness Tracker,Peripherals,674,b548a36c-4235-45ab-8d20-93e50d75ce4d,2025-02-07 05:16:15,1,674
d5f78635-a6db-4a3c-8289-a5ecdcdae72e,Elizabeth Ochoa,ekirby@example.com,2023-10-13 14:17:02,966fe015-dca4-489b-9225-840fd47b433c,Router,Accessories,909,6bcaf321-8d7f-460d-9d51-20c18e982f44,2024-05-19 14:59:39,4,3636
4f43fdf4-45b9-4d97-ad4c-264390928615,Amanda Chambers,tpowers@example.net,2020-09-20 09:32:47,d0f44236-f2f3-4aef-af5b-7ea79739c1fc,Tablet,Wearables,37,11e78a3b-ee72-482e-9bff-293783743602,2021-11-09 17:14:10,1,37
cccd9c40-eee3-48b7-bafa-4fb40d445397,Joshua Barton,ulewis@example.com,2024-08-22 03:19:58,0c607e19-1628-45ac-8e7b-3662321f39cd,Headphones,Peripherals,1387,4a75f6ef-163f-40ff-b2b3-8ba52bdd76d6,2025-01-02 18:13:54,4,5548
771024d7-4ff9-4dc3-b1b5-53007e9b5027,Tom Mitchell,bergkimberly@example.org,2023-06-27 01:17:15,beffce64-e18a-431d-8401-82d3e6b7e240,Motherboard,Wearables,828,d02d3d2c-0653-45ce-a659-2f7d502b32a3,2025-02-11 05:48:48,2,1656
09a3aa9a-2f06-4d24-99b6-021792f0ebe6,Zachary Vance,zrusso@example.net,2022-07-21 16:18:12,efcc3b57-e336-4d85-bc19-6c0441406dd7,CPU,Photography,588,4a5effa0-d3b8-47f9-a38c-6403813b8bd4,2022-08-06 05:27:16,2,1176
28ef8f08-a56d-4bc8-9c6b-90e3c00fdab7,Allison Taylor,shawn89@example.org,2022-08-27 16:13:19,97b6d362-17e8-4827-86ea-c3d34c07a899,Computer Case,Photography,1066,e7e88fd1-03dd-4eaa-b70d-c6023a233156,2022-09-10 03:03:41,4,4264
fbb15807-2944-4194-826a-0ad70483e663,Jennifer Henry,christopher82@example.net,2023-05-27 16:18:34,6e2e8fe9-fa7a-4341-b00e-8cd7bd38dfb5,Tablet,Electronics,1265,0882f840-7f47-4f25-b07a-5bba6c537de3,2023-10-04 02:51:14,3,3795
073447b1-6911-42e9-81b6-6d0623c9f950,Erik Davies,jennifertate@example.org,2020-10-25 00:14:44,de40a371-757d-479f-afcc-85968bf97e28,Webcam,Peripherals,337,5ce3143f-4e58-4e4c-9977-281d450fc5a5,2021-09-03 17:23:11,2,674
ed1b6920-55ae-4933-a1fb-69510e9b856f,Joel Jones,ryan04@example.com,2022-02-21 06:26:49,098f06bc-8293-49cf-87cd-d6b6ecf9ed02,Camera,Photography,880,1a54f633-7216-4ba8-9446-6bed9b3ef4e6,2024-06-08 06:54:14,5,4400
b387ac0d-6512-4628-ab40-240e53245ccb,Stacey Wagner,rhonda17@example.com,2020-04-18 06:47:55,f270f8fb-0cd8-4fc0-a491-384ab9bb00b0,CPU,Networking,1873,ca8c6058-8ce4-41a5-b896-aca617098a11,2020-09-06 00:21:03,5,9365
364230bd-6967-4e04-af8b-8f2ae2a8bda8,Joseph Deleon,transtephen@example.org,2020-09-11 01:45:59,b188abe4-fffa-41f9-8def-856e59bf27df,Graphics Card,Peripherals,1805,58dff58a-936a-4937-8f5a-42ea7e8d0362,2024-10-16 17:48:53,5,9025
2608342c-347a-45b1-9f25-d0dca87f0f40,Jamie Poole,derek35@example.org,2021-03-25 14:06:11,734b509f-049d-4f6e-83e8-1ec6c5fea380,Scanner,Gaming,1527,9c57f1c2-d1eb-4be2-ae12-17404469a14a,2025-01-17 00:02:19,5,7635
c2583228-43c9-41b4-bab7-a0055591838c,John Anderson,krodriguez@example.com,2020-08-18 23:35:53,561702a6-b52b-4490-8298-456664d65fcf,Computer Case,Peripherals,247,564463ef-df5b-4984-a12e-0003cde02db8,2021-12-24 05:03:47,1,247
0330028b-be39-4531-86cf-21b4a117417d,Derek Miles,reginaldsmith@example.net,2021-11-26 16:58:54,6133f0b3-387d-4907-869e-e8979bdaa9a0,CPU,Electronics,899,aec6d097-ef6b-4d9a-afd6-abb6b2d616c1,2024-04-27 11:39:06,3,2697
2a0b1771-0971-44ad-9fa9-4c6297211808,Michael Ryan,vbarry@example.net,2023-12-29 07:14:02,0099c6be-0a89-41d3-9531-32d7152ec7de,Tablet,Wearables,1447,6ffbf756-5e1c-46dd-a626-1f51fe716589,2024-02-29 19:55:20,2,2894
67569089-21b1-4ef9-893d-1878ac8ddce6,Jason Reyes,daryl48@example.com,2024-05-01 14:30:35,91c9fed6-1e5e-483b-ba17-1b43faf95417,Tablet,Accessories,1608,f320b38f-04e9-4ba0-bee7-1b54a9e52498,2024-09-03 00:38:34,2,3216
4ebecafa-94a9-47f6-818f-d6c52f1846b1,Anthony Hayes,eric28@example.org,2024-11-28 07:29:35,72f2e3bc-dd2b-4e92-9b19-db6a87e7b656,CPU,PC Components,729,92e6829d-4ed3-4799-bd9b-ee96eb910b1b,2024-12-09 11:27:40,2,1458
8cf3884b-c5de-4838-ab24-c58de19bea40,Joe Phelps,jimenezdebbie@example.org,2020-03-20 16:43:05,74ec70eb-cced-420d-bf25-5d16292d4006,Scanner,PC Components,1164,e97b866b-2213-4744-b422-2c0c50944d01,2021-03-08 18:11:37,4,4656
4148d8e2-02ac-4763-8d5d-690ab0423ce0,Sarah Thompson,angela35@example.net,2021-02-24 12:30:35,113b71b8-91fc-4fd2-8d43-c2a379a55f3e,Headphones,Accessories,1677,bf5501f6-3042-43ee-864a-a01e4cbedeee,2022-04-22 15:53:13,4,6708
4aaa92a4-8c60-47e5-83a2-394776b31d11,John Powell,anthonycraig@example.org,2023-09-27 13:45:06,703a5c41-0542-4a1a-9f20-1e059eb50030,Graphics Card,Audio,279,237375fa-a25c-4af1-b03f-5b389869d70b,2024-05-20 15:53:58,1,279
cb8a4615-96b8-42a9-9c35-6338b02e08e7,Anthony Stewart,john04@example.net,2020-09-12 05:07:06,10231ab6-1cf1-41a5-9d73-534b528b368d,Bluetooth Speaker,Peripherals,778,c50b61fa-a9b8-4569-b237-8127e015ae84,2024-10-10 17:34:18,2,1556
98b925c3-86a7-4bd6-bf67-4eeb236f1257,Bianca Richardson,tammy95@example.net,2023-09-22 10:35:22,beb88980-4e2c-45c9-aa3d-77095da72095,Smartphone,Gaming,1775,6e515e44-11a3-413c-b30b-d1e43a482e0b,2024-02-22 22:02:14,1,1775
60768545-e217-4312-9f29-36f758bf962c,Jose Villanueva,ysexton@example.com,2023-10-21 14:37:35,62608558-4345-4cbe-9e83-f0c3504a1a40,Camera,Gaming,1421,245d30f4-23d6-43e8-a77d-5ca909bea998,2024-08-02 02:47:39,1,1421
1e98fefe-016f-4ca7-935e-7d913ff42ce4,Justin Acosta,michaelhunt@example.net,2024-11-27 03:23:05,32fdd714-e67c-426c-b149-1945b024fb50,Camera,Peripherals,274,5a152b01-bc96-4135-934b-f0e1505c0c10,2024-12-21 01:16:42,3,822
6b4a5ebb-f918-4f3f-8159-219680aceed6,Heather Ray,robertmitchell@example.net,2023-11-21 12:35:30,cab088ef-30c5-472b-8be9-fd378c4ebb3b,Computer Case,Peripherals,1047,ccf31334-47c5-4fc6-9c0d-c19ed3982c7a,2024-07-11 16:25:09,4,4188
4ff172e7-7331-4288-80ac-dc1a21403ee4,Debbie Acevedo,ericajames@example.org,2022-03-30 13:14:00,deffc1b2-3564-4b84-be05-083dcfbc459b,Camera,Peripherals,226,16a38062-8358-457a-b859-758b62837f82,2024-06-23 12:54:35,5,1130
569fc425-e827-45bc-877e-25c4ab6e91fa,Elizabeth Gomez,delgadodiane@example.net,2022-09-25 02:59:20,ccde1c97-7457-4e99-aa9f-237b248c26cd,Tripod,PC Components,185,5c1e19a9-7aae-49a5-b05b-73dbdf0e0aea,2024-01-07 11:24:07,1,185
a9b73968-8f13-4647-8bd9-c558d7f4d8da,Jennifer Yu,pwilcox@example.org,2024-01-20 18:02:07,de5462cf-1acf-4afa-ab09-c5096a5a785f,SSD,Photography,631,136a165e-82ab-4ed3-a220-fc0c330a6718,2024-02-11 17:41:27,4,2524
cf53a809-b317-4c6f-951d-bc59c93075f1,Katherine Garcia,knightjeremiah@example.org,2024-06-13 12:51:32,00bd8235-424e-4890-bbe2-b755454b11bb,Graphics Card,Electronics,1895,2852dc71-3dfa-49aa-bea7-a3ef5b05d080,2025-02-06 22:22:03,4,7580
1457b558-6155-426e-a47e-9acac2a8818f,Loretta Orr,david94@example.com,2020-08-05 21:32:12,18dbda95-ada1-4067-a80b-21048c72f3c1,Laptop,Wearables,1852,a3452cc9-5780-4892-ac0d-8fef32bb73e1,2024-02-26 03:28:35,3,5556
f70207e7-3939-4995-baf0-0091808bbd57,Stephanie Vance,smithsharon@example.net,2022-12-28 19:00:05,661ec6be-0c02-4fa4-91cc-831e775b1048,External Hard Drive,Peripherals,105,b47cb9c3-2a7e-4dfe-917d-32c14001c453,2024-03-04 10:10:26,3,315
611a25c5-07d7-4c60-941f-5e8c47919777,Cynthia Welch,charles27@example.net,2023-06-28 15:55:34,b3491cf0-f748-4db4-93de-62dfe9e965bc,Router,Gaming,1918,aa5b2e13-1a08-40f4-be40-65ba5e54de6f,2024-03-19 02:36:58,1,1918
e32aaa88-c980-465d-9c07-04cfa0a623c8,John Cox,cory49@example.org,2024-07-01 21:34:02,39f95475-daba-4b0e-bff3-e13baec9061c,External Hard Drive,Electronics,664,3017ba7a-2b27-433f-9eef-12170114dd32,2024-12-06 05:58:17,5,3320
775141c1-e02c-4cc8-b4d8-2e5de001acda,Jack Salazar,marilyn52@example.org,2022-12-29 22:35:02,de543ec7-13f7-4d80-be93-50cd6167f9ca,Mouse,Networking,732,c79b6791-2410-4e6a-a380-bb2f5f81d719,2023-07-10 07:03:05,3,2196
0bbc64fe-521a-4b5a-bd7e-de3cde53929a,Jeffrey Rivera,susan50@example.net,2021-11-20 22:58:36,97a2d714-8ef8-40a5-a5f0-c373f9368aef,Camera,PC Components,1785,d9965225-495f-4db4-899d-d420cf932058,2023-08-16 03:37:37,1,1785
e4a0c0da-d019-44cf-bd74-e146fd263398,Tara Jenkins,washingtonamy@example.org,2024-09-28 03:46:12,a5a8ec2d-cfb9-4ac7-84e2-27c4a1ca2a30,Charger,Wearables,893,0d592b3a-d3e6-4f3b-9a92-07c3c6359528,2025-01-13 04:47:25,1,893
a958abac-0e6a-46ba-a285-f87c44dd12de,Jamie Cross,charlessnyder@example.com,2025-02-16 14:42:24,d4fdd0f0-bb17-4ff0-971c-d3d4c7f9444b,CPU,Peripherals,1545,d3ffb926-9688-4193-9cb7-50573adb8e64,2025-02-23 07:00:25,5,7725
f772a4ca-841e-4e17-86a1-2411fe4a6f10,Sheila Stevens,weberisabella@example.net,2020-11-10 14:21:42,5d5cf80f-cf17-48e5-932a-98ea745651fe,Fitness Tracker,Computers,244,88aa5974-a9e9-422a-a3e2-91b41fefef62,2022-07-31 07:44:44,3,732
a376f211-ddc3-4a0e-af52-0a314797efeb,Nancy Wright,turnerisaac@example.com,2021-01-12 21:44:33,0afbd498-b7ab-4934-ae3a-61908cd6c24a,Laptop,Computers,1704,d2bf8336-d091-4099-9ab3-f5f5b8146e46,2021-07-13 19:08:14,3,5112
f707569f-539c-4388-bb42-032cabcf3469,Tammy Chambers,stacygoodwin@example.org,2021-12-18 00:35:36,7f169225-9a9d-48c4-a84e-e91d045b7d49,Charger,Gaming,247,b0a10d94-d9f1-4a6c-bbb2-3d2690ecdd7b,2024-01-27 23:49:09,5,1235
6bba51ff-5fcf-4087-9e58-aa543c7857b2,Sabrina Sweeney,michaelamiller@example.com,2020-09-22 08:33:15,9b194c4f-68f0-46bb-a69b-a7644377478d,Gaming Console,Audio,1137,034f0619-2e5f-466f-8371-96ac02f762e7,2024-06-07 18:11:35,2,2274
af3f4c96-e299-44fe-8abf-5393e037d0ec,Angela Harris,tgarrett@example.com,2020-06-11 00:38:08,82272094-c216-4c54-90a3-2e1f5ce95cba,Mouse,Networking,1403,8362089a-1a6b-4bf2-8cdc-97318bc808b4,2023-03-29 11:40:06,2,2806
b88497f5-f512-4039-8838-fd38d67abf35,Peter Schultz,owatson@example.net,2024-01-02 20:25:58,0788d129-5157-439b-b790-03744263635c,Printer,PC Components,179,dfeb278a-0df9-418a-b5c5-e1365af2b0cb,2024-04-11 01:23:09,2,358
3a243db6-fafb-47a3-8b38-3e871207e525,Leslie Pruitt,lisajones@example.com,2021-07-03 19:30:22,0dbfa405-1cc8-4ae7-98fe-19519c688ce5,Gaming Console,Peripherals,414,5b6284c5-8a98-4eeb-9e2d-973c4e1ee13a,2023-08-31 08:36:27,1,414
6d5091ab-f288-4349-b997-7ba81e972c6f,Kathleen Baker,imaldonado@example.org,2021-11-02 19:49:39,4da1ceb0-df5f-4a68-b0ca-b4a8278da90d,Camera,Electronics,1606,5a8183d1-7007-4f2a-81a4-5668fa45547d,2022-07-15 11:22:58,5,8030
3fe2d908-deee-4d52-8f50-59c1dea9dcad,Jamie Warren,eschneider@example.com,2021-03-31 15:06:58,c6daa716-e7f5-4eb6-8c6a-e63142263f0f,Smartphone,Peripherals,1067,05140e43-5b33-4f60-9b9c-3004ca4b2f44,2022-08-19 07:08:34,2,2134
ffef4ad8-e3d1-4095-88da-9848d2dce086,George Henderson,wanda17@example.com,2023-06-26 19:26:25,d820a4d3-b5eb-4392-a26d-59e2962ec7cf,Printer,Audio,1571,7f9ba240-8f90-482e-8ffd-5e378ec5b738,2024-05-27 07:22:06,1,1571
287ccbf0-9307-4715-818b-d75e976c0104,Cheryl Weaver,benderemily@example.com,2020-11-12 07:40:22,a9c97138-a9a4-41d5-897b-67f123069c9c,Fitness Tracker,Audio,1988,8ecc393f-6040-4958-be42-b6ce582a2e6e,2022-02-22 03:55:18,1,1988
9b9f3dd3-f24f-4601-85c4-5f3707cdb1d5,Tony Howard,josephsummers@example.com,2022-12-13 10:10:00,c757b2a3-14ec-4dd0-9842-ec1c98c7ace2,Computer Case,Wearables,684,2db09324-2db2-4e39-b793-e950ffd78325,2023-07-25 12:11:20,3,2052
d490d154-0eca-4acb-b709-0a0a98ba8d60,Kerri White,jonathanhart@example.net,2025-01-19 06:17:12,c1cc44fe-ac39-42a3-9356-240c15c3b215,SSD,Peripherals,1969,0f245582-bc64-4f80-85e1-f60c27d7febe,2025-02-07 12:48:44,3,5907
db1f9173-e3e0-40e0-8fb8-183ad57cd06d,Mary Vasquez,nbrown@example.net,2024-06-19 16:16:18,bbae3893-a318-4dba-b999-3c05225b1f8c,Smartwatch,Photography,1536,69526690-277d-4cb0-bc26-caeabab7f006,2024-11-15 21:21:28,4,6144
5eb777bd-9d78-42ce-9411-aa66fca70dff,Katrina Davis,ytrevino@example.com,2021-06-28 00:45:54,9327959e-55fb-400f-bae8-a618609dd518,Printer,Networking,478,33127d38-ee6a-46b1-8c30-1c5c8636c470,2022-09-24 16:51:00,5,2390
3e2a20f8-84a4-4730-922a-78a92fdfc8cc,Stephanie Arias,nicholas46@example.org,2022-10-26 21:22:18,a05c60c0-128a-4a6d-ac1d-0e70f12b726b,Mouse,Computers,921,270785eb-5c97-4810-8b76-2556ca8c3992,2024-08-15 14:26:01,1,921
5e6a3888-4b37-409d-b5af-cec7c5891699,Richard Baker,rose21@example.com,2020-05-07 15:21:02,75f363a7-0b53-4634-805c-29bd62f252c0,Motherboard,Photography,1881,93b7ea8e-f570-46ff-8197-7243ac871591,2023-04-10 13:55:25,4,7524
14e081f9-65af-494d-a1b4-311aa44504ae,Mary Willis,abautista@example.org,2022-12-26 12:11:48,eaf9937f-4fd9-4864-afb8-5f57a41e49d6,Computer Case,Networking,1687,2dd8ed15-d021-401a-b252-cb5e15667421,2024-09-11 05:32:57,5,8435
a93f0346-fc2a-46bf-9cc4-20e49f78dcb0,Brandon Villegas,livingstonlisa@example.org,2024-01-05 19:47:46,b86ef071-2ee6-4e25-9627-39cd5e645281,Power Supply,Peripherals,612,eda9a08f-3bd9-4cca-b6f1-abfded210daf,2024-04-13 13:45:00,5,3060
0925a35b-1052-497f-b049-26c2f1115a07,Shannon Ellis,ryan53@example.com,2020-09-15 14:44:12,87f9dd52-fd3a-4cd6-8788-7466ead60420,Headphones,Electronics,443,75901385-0cd6-4e95-b08b-ed4ac54cef2d,2022-10-07 13:03:58,1,443
84200a87-e782-4252-9a49-d1b55a1af11a,Tara Wagner,jeremyswanson@example.net,2020-12-22 15:20:13,24558787-35e9-40f0-8d5c-d68c60e9205a,Smartwatch,PC Components,1435,d2aa4822-3f45-4e79-9bab-a9bbbb1f20f1,2024-12-09 20:22:01,2,2870
9004e75f-c5b9-46d6-82fe-c9788c20ef1e,Heather Torres,pmoore@example.net,2020-05-15 18:53:45,8f317321-dbdf-42f5-9870-5856a44779bb,Monitor,Photography,826,439a258c-6ccc-4f34-8145-adaf78e3c833,2021-03-04 23:51:26,5,4130
2f3df303-d7de-4ec8-ab05-5e9a3f88dbb6,Debra Medina,rebecca55@example.net,2022-01-30 19:22:16,e729c3c6-570f-42db-a11d-3c5d575719a3,Graphics Card,Photography,53,30fd9276-b6c1-43cf-9811-96fa9edb82f8,2022-07-08 14:46:34,3,159
a11db2e6-adf5-4985-b0cd-a2790f58ed95,Isabella Reed,jesse13@example.com,2020-10-07 06:42:10,d1da7930-365c-4808-9875-5fff617b8bc7,Gaming Console,PC Components,1175,6eedb1e2-5079-4c80-88ad-96985937ebcb,2020-12-08 10:26:55,4,4700
c1a763af-5939-4cfe-9d76-76c2e9d0a8e0,Ruben Walker,lynnmccoy@example.net,2021-03-15 02:56:58,8650a9ff-810c-4544-8f98-b169500ffdac,SSD,Electronics,560,45949902-20bd-4042-adf2-c2b7a2c9a2a3,2022-03-14 14:10:10,5,2800
85f6bbf2-a983-4123-8993-d300b6b93c4b,Michael Clark Jr.,chernandez@example.net,2022-06-25 03:56:41,e5136e8e-6add-48e3-9ad1-d57cf876e4ca,Webcam,Electronics,1831,c374c7f7-0323-4941-a3aa-ad3aab602358,2024-11-19 03:39:42,2,3662
3f917bd5-afa4-4d33-ba9c-09c179163ed2,Malik Edwards,spencerobin@example.org,2023-09-10 06:02:27,a5bc7170-fa74-4244-89b1-e1e058fe7c06,Router,Photography,1694,70fa0206-d5fc-46ca-b945-c8d1558c5e3e,2024-02-06 09:46:08,2,3388
031eff6c-48dc-4903-97ac-ae0afa395a86,Thomas Mccarthy,buchananjessica@example.org,2022-06-03 20:21:42,7f9599b0-a0b8-4466-82a6-d77830968d07,Power Supply,Photography,939,a20f10bb-1fd9-4743-ac13-8e467bff7a7a,2023-09-24 23:01:42,5,4695
71eb04fc-438a-4055-bd12-5e550e5847a7,Anthony Beltran,amy51@example.com,2022-11-07 15:15:21,d27e138b-6fef-4d08-94aa-ede01f47cc05,Router,Audio,1400,35c03e14-0856-4862-917f-f8b63d01d0a0,2022-12-06 09:31:09,5,7000
ab07f698-7b33-4e88-9e3d-943f6289d372,Jason Sanchez,wjohnson@example.org,2022-01-13 04:38:40,c74c69ac-47bc-4380-8668-2bba9ff8fa3b,Headphones,Audio,1291,d769490f-5aac-4137-957a-8e2f3d0ec474,2024-10-14 07:30:02,5,6455
cf710168-9947-4abd-aaa4-76704f0b6ef4,Jacob Fernandez,alejandroellis@example.com,2023-12-30 23:31:48,3e909521-2139-4ef9-84a0-3f374ecc51d5,Keyboard,Audio,1609,b2d85442-3738-485e-a5d8-19b96097a668,2024-03-22 18:53:42,1,1609
0b60ee59-4b2e-4eb2-b297-49d4b6a62725,Kayla Norris,hstevens@example.net,2022-03-29 22:33:08,feae1489-5d41-4a0c-ba9d-590a0fd0c885,VR Headset,Electronics,170,ac157d51-7396-4a2c-8ece-f89bba780d61,2024-10-18 22:11:15,3,510
56f61520-f7aa-40a9-bb6c-3277cbef91d8,Katherine Mills,johnsonjessica@example.net,2023-06-15 06:27:41,370a1c8c-2f66-4f39-a2af-385b73e36c13,Motherboard,Wearables,1838,3998d896-4672-4929-8f5f-2465978cc351,2024-05-31 04:03:59,3,5514
28b911a1-6530-42f4-91e1-09ddcac83ce6,Brianna Larsen,larry42@example.com,2021-12-20 14:14:34,fc4e749f-29f1-4290-8ef2-34b1135ae252,Camera,PC Components,1756,92a63d5f-e6c5-4ee7-93fc-4e9f1da41bf9,2023-12-01 21:07:21,3,5268
0c8efeeb-3e26-47f6-a1eb-6cbeb07e4f89,Riley Johnson,thomasscott@example.net,2022-04-20 06:38:16,583b1541-6edc-4e87-a84d-c2ee2cd2a1cc,Printer,Computers,312,93af8544-c152-4a23-bb6e-024169da3f91,2022-06-12 16:32:02,5,1560
d3db17a3-0b37-46c1-ab40-6aa6be224bf3,Amanda Rodriguez,swatson@example.org,2024-02-08 13:24:40,e88418bc-9dd8-47ed-aa2a-34ec2e1a4211,Microphone,Networking,1484,ab619f59-4dde-46fc-b658-d3d1f6a7e770,2024-03-19 05:33:35,4,5936
8ae6491d-a62f-43b6-ad8b-61149bfc5f71,Danny Moore,helenmorales@example.com,2022-12-07 04:29:34,ef18e097-8f68-4bd2-bee2-3f923b132e89,Computer Case,Wearables,1129,4993c9e5-6a97-47e5-addc-159ce30fbb85,2024-08-11 23:08:33,2,2258
e0f5fc58-8386-46b5-a219-f18b4e6be56b,Matthew Fischer,leslie41@example.com,2021-04-01 04:09:39,70e2c35c-829e-4c2d-ac48-67a8d768f16b,Printer,Peripherals,909,c45ed4c0-0625-4ff3-943e-91c973a45146,2022-06-26 02:33:17,4,3636
f12cedfb-d91c-414c-8490-3aab645975b5,Ashley Sanders,kim66@example.org,2022-10-01 05:41:23,7db5a0fb-e6c5-4b51-8b72-af5177ba4c75,Motherboard,Photography,166,09b6163b-01d5-4d27-a02d-e51bf34e68ab,2023-03-15 21:09:42,3,498
301ff1db-b07c-46e0-88d9-80bbf59980a0,Randall Warren,sandrawood@example.com,2024-04-11 06:17:59,95097f50-a240-4e8c-8c46-e8ccb176e7a1,External Hard Drive,Electronics,102,ad2ad464-a1a1-40b7-97f4-927a2c88e34b,2024-11-29 22:21:21,5,510
5789d9f6-52f0-41a3-9164-e7daf61d3edf,Jessica Mercer,bperry@example.com,2021-08-25 15:47:27,bec1277b-24e9-413e-871a-2092528e80b6,VR Headset,Accessories,831,66f54b69-4382-489a-a1de-2bf844c2d7ab,2024-02-09 02:00:44,3,2493
db12a696-b401-478e-94df-08c26faf9365,Jason Collins,obrady@example.com,2022-10-05 23:20:55,e030c797-8cec-4ddb-a040-6e7034a23519,Tablet,Peripherals,1698,9f9d7573-94ef-49bc-9930-1da091d9ab91,2024-11-06 09:29:20,3,5094
31b70c9c-e7aa-4c3c-a94f-61fee2bea027,Sara Hogan,colemanjacqueline@example.net,2024-11-04 19:15:21,18507d13-7407-4f9a-ba3d-0ba014b5cc23,Keyboard,Wearables,821,b3662c65-55bf-4b4c-9d4b-a667b6b04493,2025-01-27 04:05:26,4,3284
e4165ae5-0801-44ed-9099-03fda9dc8e69,David Willis,oflores@example.org,2024-02-13 07:15:52,62d0ac99-c355-474b-9152-927bb7953cf1,Printer,PC Components,1997,c4fd809b-6b2f-4cce-9233-0a49431b0765,2024-09-07 07:57:55,5,9985
c4896eca-ed67-4e73-a3f7-9063f6825cd3,Justin Brown,bryantkirk@example.net,2021-06-05 02:33:30,8fb429d1-47f2-4858-b0d5-7af39946730a,Network Switch,Networking,1898,c9278187-aa51-46d2-bcbb-5a4b613f562e,2022-04-14 05:16:35,3,5694
b481c511-c7b0-42e4-95a2-a0756a619c9a,Jeremiah Smith,randalljanet@example.org,2021-02-12 13:43:20,4a358b73-37ca-4d53-a4e9-b2d73215549f,SSD,PC Components,1657,252046fa-3f40-4caf-8e8e-4ddf91509e7f,2023-04-16 22:41:37,2,3314
c282d0ac-b7e8-4ace-b240-3de965a03251,Eric Crawford,hector39@example.org,2021-11-09 23:34:27,ce63bfa4-2f41-4759-930f-8ce9bf20cae2,Smartwatch,Audio,734,a0503163-4588-4792-ba11-5cb9258ada38,2023-04-10 06:11:32,3,2202
54cde8d7-8cae-4bad-9cfb-12b8be6826d6,Randy Malone,rhondamartin@example.com,2022-12-07 12:19:16,4664daf2-efab-4a45-9916-59428d86161b,Camera,Wearables,383,036ffe42-ea28-4344-8180-1e81cecbcba5,2023-04-03 01:42:51,5,1915
2566070e-4f83-4dc4-9420-018ba15003a5,Karen Cox,kgomez@example.com,2023-03-09 15:35:18,9d3eefbf-a8c0-477a-93c7-eae97fb3f01e,SSD,Electronics,1867,9ae46bbf-9de4-4aff-b85f-beb09908a72b,2023-10-02 15:43:09,4,7468
6a6882e5-9f2f-4799-99f0-a103501cfe0f,Jennifer Howell,drios@example.com,2023-03-18 11:41:05,aa9f5215-d4e3-440d-ad62-9e73294f8fdf,RAM,Photography,1097,2950f1bd-fc3f-416b-aab1-88245c1c8112,2024-07-14 08:04:34,1,1097
31b52ea8-25e5-4ed3-aeb4-33a527fb16d4,Rebecca Petty,cortezjeff@example.net,2022-03-03 05:48:07,52609417-2423-4b98-be66-ea04b0287069,Smartwatch,Peripherals,894,9eac2c56-7743-40bc-b66f-91d1ee6aa52d,2024-03-04 14:00:22,3,2682
f4d48e91-d4ee-4818-8d45-eac831e03b35,Eric Hanson,dbrady@example.com,2024-05-10 23:28:00,3872b0a0-8d6c-44b5-97dc-6e0c730c4369,RAM,Peripherals,1643,3e217cdb-8e39-4527-be57-91f7e8d3c0f2,2025-02-19 10:36:56,3,4929
856254a4-d056-4654-9f94-23da3f658b95,Vicki Stewart,renee76@example.org,2022-08-12 11:48:41,a36b74ef-6f03-4653-a39e-846bcc030659,Scanner,Electronics,23,75fcb4ea-1fce-470c-8d27-4f1df3f55405,2023-12-25 22:25:28,2,46
50448c50-9f84-4fa1-9081-bb620c4b5dc4,Marissa Harrison,stuartmills@example.org,2022-06-06 06:43:24,0a907fcf-c02e-4089-be34-08902857a2c2,Drone,Accessories,971,61f333c1-a664-4565-b211-bd5bbf95439a,2023-04-25 07:26:43,1,971
ff0a9b17-bb91-474e-9e66-ceee425b4f2d,Daniel Carlson,ewilliams@example.com,2020-11-30 20:33:15,9c737c11-0741-4ec5-922c-9c010dbad418,Tablet,Gaming,202,1c9cf4d1-18a1-4cf3-90aa-2e2d92ea0e62,2022-01-28 10:40:13,2,404
dfcfb5da-5502-4544-b123-58182898d394,Dr. Loretta Daugherty MD,hallmorgan@example.org,2023-09-24 11:31:52,bddec016-91cd-49dc-89e0-b3aed166e6cf,Drone,Audio,1387,3eda2706-5de9-4e1e-9ee1-f0414dad88c9,2024-09-20 04:52:12,2,2774
f94bf76d-45cc-4095-9ead-cc74b02fe35a,Brooke Garcia,vaustin@example.net,2020-09-08 22:13:49,789348b2-69a1-491f-a44e-724dc641e91a,Webcam,Computers,1424,a6654cb1-8370-48c3-a009-b8d72e6e0577,2021-03-19 05:04:18,4,5696
9288f0ba-0bfb-4df5-9c9c-b92ba297e51d,Elizabeth Davis,tonyfloyd@example.com,2020-10-19 17:40:02,d49eda5b-3b41-4162-9f8f-2937127a50b9,Tripod,Photography,203,5b6cc899-bfb7-47f4-9c0d-4dec0660a4ea,2025-02-14 05:21:27,4,812
3b285c86-9f3c-4083-acd6-bceaa444ebb9,Benjamin Tucker,andrew18@example.net,2023-08-31 17:30:32,569649c2-1961-4606-a2e4-a01b0e1cb487,Bluetooth Speaker,Wearables,797,cfbac8e4-6996-491b-9403-e61859c3cf00,2024-12-05 19:39:33,2,1594
5d512aa6-4250-45fc-9a1d-2e1a6cc319d0,Amber Weeks PhD,theodore60@example.org,2021-08-17 16:43:25,0cac7639-ee25-4459-98bc-7e38b69cebbe,Graphics Card,Computers,139,2a4b62d4-9b15-4c54-86a5-f7c02d746308,2023-07-19 02:32:28,1,139
1094ab57-35ec-4846-bdd7-cfb76719aea7,Bradley Russell,penny20@example.net,2023-12-23 13:37:40,f4afeb43-b763-4cce-9eb1-e3b46ff0a52c,Mouse,Peripherals,1273,75946a36-8973-4b88-8289-069dd5512f4f,2023-12-27 10:16:47,2,2546
a6b8b72e-1692-4f07-b30e-828fcf27b785,Dr. Linda Smith DDS,susanward@example.org,2021-08-23 20:02:46,0a6ff13f-a45c-479d-b435-feb14a8ff230,Charger,Photography,1139,c89bc97c-4c95-424f-aeae-f6825104a6d8,2022-04-20 08:54:31,4,4556
7552683b-17fd-41b0-b408-e1f59fb57e28,Nicholas Butler,lgutierrez@example.org,2020-03-03 10:43:53,c652a7d9-31a9-47d3-a37b-fe3b19e89ade,Computer Case,Computers,677,5d731ad6-c7dd-4777-b0ff-29c76d97fb1f,2020-03-04 11:04:20,2,1354
ab1bce2e-5451-466c-bd42-cf897f4f8392,Anthony Price,sloankimberly@example.net,2024-07-09 02:22:59,d1d34094-1485-4579-83d2-9c89a93cacc4,Laptop,Audio,1543,b4e61262-ee14-4e4f-bb71-5e7de250e094,2024-10-17 19:46:45,2,3086
4b3ca24f-4927-4235-86a0-eb7168737dd9,Heidi Carpenter,davidsmith@example.org,2023-04-13 13:31:10,690ed6ba-a15c-4821-8763-de1442bcc482,Fitness Tracker,Audio,666,c5f12e0f-5250-48b6-bdf3-a41df70bdf6d,2024-04-01 18:22:02,5,3330
330d72ea-6cd9-44ed-a523-7cffd65429e9,Gary Kemp,williamsgwendolyn@example.org,2021-07-15 21:34:01,9b570906-2288-4b1e-9203-21ab55f57e00,Webcam,Electronics,324,b63e9d8b-b6c8-4c5a-91e2-7b80da3aa263,2023-02-26 02:52:30,2,648
c5f3fb39-bba5-4c7b-90c0-d15bd05d0e57,Daniel Martin,sawyerdawn@example.org,2021-07-30 03:02:18,9eb2915b-6eb1-405b-8356-5369113c50d4,Scanner,Peripherals,626,7730e9db-f38b-4e6e-a199-f0e91cabd861,2023-01-28 09:18:59,1,626
314e261c-2e03-4cc8-a7b4-a634f3a74145,Trevor Hoffman,ngarcia@example.net,2023-02-03 20:53:08,537dd02b-aa46-4d82-b8cd-f9765a561692,Router,Accessories,1944,10a75f49-68f8-4844-9bee-19901c2ea6ce,2025-02-04 19:32:02,3,5832
9c6df9e9-d9b3-4a71-b74a-b5d8df062228,Shelley Stanley,shelby16@example.net,2020-11-05 03:51:46,8a4a01dd-1bd9-4307-8073-4a879a535586,Modem,PC Components,1335,3ef4551b-2e2f-4fc3-b2d9-2d08079ffaa8,2022-05-01 17:28:33,5,6675
5a9bc9e2-bf3f-4545-8502-803f5a2ebc2f,Randy Henson,blake73@example.org,2024-03-09 19:43:15,894699d6-3742-44bc-8b77-dae959d38088,Camera,PC Components,358,5384c6bd-2569-4f71-a5f3-b367983e48f5,2024-11-29 22:43:48,5,1790
0f8b934b-8765-4b09-99f3-07cf9ecc25ab,Thomas Pratt,andrewmoses@example.org,2020-10-24 17:05:18,8be6e328-6382-4abd-853b-85600626a433,Bluetooth Speaker,Accessories,1068,4545dcbb-d83c-4398-b152-4811c3344fed,2023-11-16 02:43:23,3,3204
ece1f666-1074-43f1-90a7-4c0b0d040a20,Becky Todd,robertsjeremy@example.net,2021-10-11 18:34:23,597609a0-d256-4071-8c22-7db40298c981,Computer Case,Wearables,453,95ce52f5-c916-41a8-8890-0e4b7d0e15e2,2024-09-22 01:39:29,2,906
97634262-e2bc-4cab-813c-3a0a88e182c1,Matthew Moody,vanessa52@example.com,2024-11-05 11:58:43,96fbe6f5-587e-47b8-9c3b-f2c4d481fd2f,Gaming Console,Accessories,444,f885fd5d-323d-4c2f-98ea-4525f55a471f,2024-12-01 02:30:24,1,444
ff499eb8-12b5-42ea-be6c-fc782788b8ae,Wendy Summers,maryherrera@example.com,2022-04-14 18:24:25,8e03df2d-c60f-4240-a5fd-3749a5b9d4d8,Graphics Card,Audio,1191,15bb1014-d89a-426d-8e95-965e56ffa154,2023-05-14 14:16:09,1,1191
43c2d4b9-307d-411f-93a7-2386f4ce6284,Sara Nguyen,cbarron@example.com,2022-05-29 00:50:37,b773ae63-7dae-4403-b506-20ba7e6e5a87,Power Supply,Photography,786,84eee55e-d303-44ff-889d-b011f4f3d39e,2023-12-11 03:54:35,2,1572
1b2264b9-ba9e-4b87-bf77-84e6f5874e3d,Daniel Love,conradshannon@example.org,2025-01-05 07:20:24,66e53f7f-8e26-4e36-a8c4-db8be57af4cc,Gaming Console,Accessories,347,5d14dbb6-8409-4bbd-bb00-3a8076d86a29,2025-02-02 14:15:31,3,1041
4b6c7ed9-2519-414f-bb3e-d225a78cff78,Kayla Jackson,dmontgomery@example.com,2020-11-25 05:25:29,7f118eea-78d4-44a2-8b00-453082e00ff7,External Hard Drive,Computers,1093,0d65dd3a-52d2-44f3-885d-3d7eb91020ee,2021-03-01 16:11:39,1,1093
9fabb588-5916-4a87-b627-cb1fb3e9d76b,Katie Haynes,porterdanielle@example.com,2021-06-24 05:20:11,cbbf5919-4788-4f15-9cdc-d37d3ea944d4,SSD,Audio,1485,eef74d7a-81ea-47b4-a210-9b9ede2c181d,2021-11-12 17:00:44,1,1485
9c013087-69da-4f1a-a478-a2941dae3935,Hannah Cohen,mcastro@example.org,2022-01-09 18:01:42,82459c24-20c2-47d1-aad6-953bfc721cce,Power Supply,Photography,1796,ed8ecd79-29c0-4771-8086-87bd5ed373f7,2022-03-03 16:18:19,2,3592
e9f6002d-1037-46ea-9e9f-a6ec4125187c,Michael Bautista,tracyrivera@example.net,2024-07-23 07:06:12,56e64314-1a86-4e04-aa86-a0a3c7ba1f85,Graphics Card,Photography,1939,9969cfc7-e33f-4732-a180-ad8a3e463360,2024-10-24 12:16:24,1,1939
c46cb96a-864e-4eab-bb77-1d1c5740335b,Debra Curry,vincentstewart@example.net,2020-03-05 06:52:03,7891e28f-cdf9-4b03-802d-db8d67688370,SSD,Peripherals,1685,d5d070f6-c8a4-4241-a6f9-03be33fbeabf,2022-05-15 10:09:17,4,6740
7b399363-23f6-40c4-8edf-2e58f7c80e8e,Jennifer Lindsey,bcook@example.com,2021-12-21 06:26:56,2d3fdc9c-82ed-41db-8ef9-3dad89053f89,Tablet,Wearables,1700,7e97fb9b-a707-4974-8a1f-f629ae1ec2f1,2023-01-24 18:33:34,3,5100
de0dcbf1-ff96-4970-b5a4-59f4b2730125,Diane Smith,lunalisa@example.org,2022-11-21 12:08:44,7d1d4f70-f4be-47f0-9598-8c803c4a18fe,Graphics Card,Gaming,1754,38ca89d1-17a7-4f13-80fa-514ce3e25254,2023-12-27 07:54:12,3,5262
df9f0d79-43e6-4001-a8c4-73aa22c3b857,Brandon Lynch,whenson@example.com,2023-04-10 09:07:12,33aa70b7-b4c6-4be5-bf91-d50fe493d2da,Laptop,Wearables,348,a955d174-f74a-493c-bdd5-fa5f3a6a5f2b,2024-11-22 04:37:58,2,696
c2d8162a-c210-42c9-b5f0-074fbcb910e5,Laura Clark,robert27@example.net,2024-10-31 08:43:49,3c9c38c5-dd6a-448e-b68c-1fac6d2afcbc,Headphones,Networking,1056,394b8010-090e-4fcd-853f-33d0c2a6b8a2,2025-02-01 15:43:57,4,4224
3ef4e69e-1ef6-473c-94ef-7a7800e0b1b1,Laurie Hebert,montoyamadeline@example.org,2023-04-04 15:55:26,6971bcca-e488-4cef-b1e1-e1aeb8ac9f0a,Power Supply,PC Components,1373,4f4cdcfe-ce5c-48bc-9c5c-06987658bc42,2024-02-17 04:26:13,4,5492
746112bb-8442-4bfb-9be2-f2bb33e6e1ab,Justin Solomon,fosterrenee@example.org,2024-10-04 02:12:41,c6fd43a6-7d93-4f29-ae19-09734707d91b,Camera,Audio,1248,ab2062b3-09ae-4b47-ac19-faa6bd1910f2,2024-10-23 10:21:17,1,1248
d1f6eb5f-29b6-4ca6-9a70-a1d820beeb7f,Fred Marks,tanyabenson@example.com,2020-09-07 07:28:25,6b4fbc82-7278-40f9-92a5-6c384cd0c63f,RAM,Audio,887,f7bb1b99-d7bd-4601-931f-8d00a0ea1e27,2020-11-27 16:25:14,1,887
a151833f-fdf3-4e2d-9560-4486aa9208af,Sandra Kelly,erin73@example.com,2023-04-02 12:15:17,a6fb7a35-565d-4d3c-8c8f-30520f7dbfac,Bluetooth Speaker,Photography,275,6ced7011-6daa-4c95-be79-7a56a89179d5,2023-11-29 09:07:50,1,275
807802d6-866e-4490-bf6b-a2ab8370a06d,John Nelson,jonathan23@example.com,2023-12-30 08:07:22,e01c61b6-3761-4fb0-8d34-9c20f2d09b66,Tripod,Networking,837,acab88b2-15cd-47a1-95f5-4529ae9df9a0,2024-03-03 02:30:57,1,837
573cd918-fcf9-431f-a73d-b13d080a1d8c,Douglas Peterson,eric89@example.net,2020-08-18 11:25:35,7e4535f3-ec5c-41a5-92f5-3e9b378538fd,Monitor,PC Components,1256,d194b64e-1c02-4ef6-a9c4-2971db282a8a,2022-01-30 17:59:17,2,2512
f199c246-781f-4362-b50d-7977d11a8b7f,Heather Snyder,david97@example.net,2021-09-09 03:43:29,ff12b92b-86f7-4fb0-8e02-42787d470a5d,Microphone,Electronics,1232,883a6bfc-a7da-4cc4-8652-ca874395c88f,2024-04-30 20:13:12,4,4928
5c44cb55-c517-4f51-a4c9-70fabad97f36,Cynthia Powell,campbellmarcus@example.com,2024-07-11 05:50:14,590b9227-c3fe-44d1-89ba-090be4f85906,Keyboard,Electronics,1274,1d1bbeed-700b-4c16-a906-40df7717de2c,2024-12-01 15:43:09,3,3822
6d83b2f5-3862-4915-9220-ce01aad9443a,Michele Colon,lmoore@example.com,2020-09-28 17:27:10,59190849-9fb7-497b-8a38-65a03902b33b,Router,Photography,1040,90a50321-a8ae-4a3e-a23a-157ee0e101ad,2022-01-19 15:09:07,1,1040
9ea25a77-9c7d-4a31-a73e-30d207b8d1e0,Mrs. Heather Guerrero,huffmanmaria@example.net,2020-10-25 06:30:47,c9477076-d827-4686-920b-1592ad36ab57,External Hard Drive,Accessories,711,29dd1cd3-4b20-44b1-a77b-a8b531c7f8bb,2023-02-10 23:49:15,3,2133
41cd279f-0536-4ada-ad70-b5cef92747e0,Jay Diaz,antonio12@example.com,2020-12-27 03:45:46,c376c3c6-cef1-4703-8d12-6fdb9bc90e94,VR Headset,Peripherals,1838,7efdc95d-600a-4758-bbc4-e13f2c95b313,2022-09-03 04:36:33,2,3676
20867298-7c01-47ea-a9f6-0b122d4e7e69,Stacey Johnson,ledonna@example.net,2020-07-03 20:49:30,a4c1989d-2ab5-44f1-9de5-6365fee149b7,Computer Case,Computers,1203,2f9e9528-fc9b-4d9c-92a7-8bd36f9cb703,2024-01-31 16:59:40,2,2406
1b46fc5f-9b14-46a2-a14f-a11d1ce8d7fa,Timothy Shaw,cody63@example.org,2020-11-19 05:11:31,898d7dd6-8442-4593-9635-36f66570ca43,Monitor,Peripherals,1136,6eb954eb-1737-4955-99a8-a9a7f6ca842f,2023-04-17 11:14:19,2,2272
f429e6d3-c8c0-4a69-b093-db6e1f1b4fd8,Leslie Rhodes,pjenkins@example.org,2021-12-01 05:39:38,50fae469-f81d-45d4-9a1e-351bf658b3fb,Tablet,Computers,1130,7c6c773b-19cb-4b6c-904b-3ecfcdd64cff,2021-12-09 09:26:39,1,1130
374ded95-3499-4c28-a661-b07152728254,Michael Davis,stuartbruce@example.org,2022-05-16 15:36:48,c5f2aab2-9efa-4e49-b642-37c1d8a2519a,Gaming Console,Photography,1963,05aa12e4-0d13-4395-8660-037b5c1c4b3c,2023-06-10 06:54:30,5,9815
f033d753-bcf1-4445-b2d2-2ede226bc20e,Ana Wilson,alexandraschaefer@example.net,2020-12-28 18:08:04,867bac3e-13f0-4008-a1ba-20ae0150ed79,RAM,Gaming,380,159f1941-ca34-4660-beb4-85e5e8a22071,2024-01-07 00:57:00,5,1900
e584a372-97fd-4720-aa5b-746cdc6412e2,Caitlin Smith,beth77@example.com,2021-09-20 21:42:48,89e51bf6-8e15-493c-8abe-c84e3d4401b2,RAM,Accessories,1189,f99b1805-dfe5-4419-a88a-727608be84c8,2023-02-04 13:35:50,3,3567
0264fab0-0c54-4153-bff6-a43d1fcf4dda,Chris Silva,lawrencejessica@example.org,2024-11-10 00:41:39,11a103bd-13a3-49a7-a779-38ea8b20c27c,Keyboard,Peripherals,1429,df6b37e6-142e-42c5-9afc-6829128c99ba,2025-01-31 04:14:42,4,5716
a8e59fcf-52a3-47b1-bba9-f7a186fe9f71,Jessica Kelly,debra93@example.org,2021-01-21 18:19:11,c7a4327a-f5db-4ab5-a00a-718128418e0d,Network Switch,Wearables,498,8ae2a824-7f27-4f53-a485-374f8fb04610,2024-05-11 00:08:01,1,498
ccae0b7c-b6c5-4dd7-a5a2-3ba648119203,Thomas Tapia PhD,linda42@example.org,2020-12-31 10:06:48,8e5f947f-e51e-4713-9f95-968bb4799687,CPU,Audio,809,cf012f91-2c99-4088-a576-2ec63f3fc629,2021-10-19 14:46:05,5,4045
e3ce6a02-b9a1-4245-bfd9-856d118b3c06,Paula Pratt,michael58@example.net,2023-06-22 10:07:24,164a8c76-23ca-4b0a-a877-711f6c4da647,Charger,Photography,1919,6411f3b7-894c-46b5-a16f-64f4fe5e60c8,2024-08-31 09:48:54,5,9595
672ee124-22f6-47b3-ad8b-c99ad644f2c1,Diana Allen,vasquezjermaine@example.com,2023-11-26 08:18:02,4f9fec6a-fac2-4df5-9db2-c7dacf5c9719,USB Flash Drive,Wearables,665,13c46acf-4cb5-456c-985c-1b88ced6cd9f,2024-05-04 11:34:04,2,1330
53bce119-66bd-47dc-99e2-5617ff40d070,Juan Macias,lambertderrick@example.net,2023-01-15 04:08:29,2a90b147-2e50-4df9-bce3-edffaeaa6000,Fitness Tracker,PC Components,702,96172fd2-8bd6-4ab3-88cb-7aedebd01a55,2023-06-15 13:33:24,1,702
1d6d3d15-ad79-4ee3-999a-e0f3226b2f42,Jerry Liu,jonesgabriel@example.org,2024-06-05 22:37:07,09e24c8c-362b-4b52-9ad4-eb2ff672832a,Bluetooth Speaker,Photography,1479,de6bb92b-e2a7-42bd-9be6-fafa0c474780,2024-08-17 08:37:47,2,2958
54f3a055-ace3-4aac-b640-e1ac2cf8862d,Jason Herrera,olandry@example.net,2020-05-28 08:06:01,1c4a8752-b747-41dd-9efa-8bbfd31485ca,Tablet,Wearables,484,a8792dd0-c329-4d67-b6af-522ee9f47990,2025-01-23 10:33:33,5,2420
28730ac9-6798-4f01-a231-224135bf98e9,Christopher Martinez,stephaniehutchinson@example.org,2022-08-04 03:38:26,b3f2f896-9151-4f7a-a88d-5c42d7814002,Scanner,Electronics,1205,96e055f2-c970-40a2-9901-b61534df8432,2023-03-08 13:42:17,5,6025
8cf33ac9-7553-4094-96f0-87f6e5ebe766,Kimberly Sanders,ohoward@example.com,2025-02-11 03:01:36,dcfc92e0-a944-497b-9a8b-0b0263a903ea,Tripod,Peripherals,1676,ef847342-a7b3-4f63-a900-b39b73d02ebb,2025-02-20 07:12:17,5,8380
0fc83010-dd19-4e67-a0e9-60f4e6e5d4a9,Marissa Weaver,christinaspears@example.com,2024-04-17 04:00:22,e48b1878-c0a6-4e76-8508-a6871d326e2d,Mouse,Accessories,670,424eeb9d-33d5-42e3-9f9d-0855e0d0b97a,2024-07-01 07:28:21,3,2010
211b3ffd-7403-46e0-a6a3-5e2c79eb3c96,Jacqueline Wells,michael21@example.org,2022-10-19 06:07:36,a1d016a7-7ff8-4da6-b9a0-5a798584dfd5,Tripod,PC Components,2000,604a2122-1e49-4881-b719-c23a2205d466,2024-09-19 19:16:39,3,6000
b45eaadf-0b07-4c1c-8301-4b5af2c8609b,Connie White,sampsonstephen@example.org,2025-02-02 15:21:54,b1e4fd54-eb67-4106-ab77-c55481d26a1a,Computer Case,Accessories,964,bee26e42-06cf-4a83-b83e-dedbd279d34e,2025-02-12 03:47:17,5,4820
b348fce0-c853-4638-b2a5-4eba20c2d37f,Jennifer Pena,smithlisa@example.com,2023-09-21 05:31:21,b82a1f26-f5a7-414a-8e6b-9738f0b5629f,Computer Case,Networking,631,b96cad2a-856c-44e1-92d0-6ffd1248e1d9,2024-02-23 17:52:25,1,631
abec1651-52a1-4e46-84a7-27752be0e1af,Nathan Brandt,sancheztara@example.org,2020-05-17 12:06:28,9fa1225e-7aae-432f-98d4-fee7cdccca26,VR Headset,Electronics,416,6f283dc8-3352-43a2-815c-c7678be84dd9,2021-07-12 07:18:41,2,832
d5b1b870-f569-44e5-93e6-d7e5d5eba8e4,Timothy Baker,richardsonbradley@example.com,2021-06-18 15:35:49,07c71f42-ed89-4a66-a04e-d968a89e5086,Printer,Networking,803,e1c3b17d-5215-433b-8aad-8791867f1231,2022-07-08 23:30:21,2,1606
7411ced4-32d7-4e25-a005-ae5adb4e51f8,Kevin Williams,paige72@example.org,2022-02-07 03:51:14,53f18a7d-1a9b-4bc0-b4b7-b82d3af17581,Printer,Audio,30,5c44b2e4-ed4d-4a4c-a1cf-1fa5f34bb393,2024-10-01 15:42:18,5,150
f2869dcd-7f4d-4b95-9375-508e81cf73b5,Laura Rivera,fmcbride@example.com,2023-07-30 07:25:08,7249d411-4dda-49bd-86b7-179e4e9c61a4,Power Supply,Gaming,1595,fb622a4d-5dfc-403a-9392-00801e9861cf,2024-05-13 02:40:59,1,1595
45ed1bc6-3281-43cd-8a71-2e591f13205c,Juan Saunders,tanyarice@example.com,2023-12-13 15:24:31,8d9465d9-2a57-4aa6-a1d7-50222de6068a,External Hard Drive,Gaming,1515,f61e841f-f1dc-4b65-9f26-3031eb7855c4,2024-11-29 21:31:00,3,4545
0e77db21-69d5-4688-bf56-5ead9e034be1,Latoya Watson,roger75@example.net,2020-04-08 00:19:15,195c4f22-714e-47d2-9638-3ebb8b646650,Power Supply,Peripherals,1111,607050df-38a4-43c7-a9e9-db4ab79cc05b,2024-01-15 09:13:42,1,1111
5deb877b-a804-4b08-9466-3dee96f969dc,Jennifer Reeves,carl97@example.com,2021-06-25 06:15:17,03803e43-1a3f-415d-a105-ac5707efeb78,Tripod,Electronics,1218,81f94b52-a62d-43fb-8e7e-25d082fb333e,2024-08-25 18:46:03,3,3654
0703e6c8-b85c-4efc-bb6f-e778b7dcf179,Sandra Cardenas,debramartin@example.net,2024-11-05 10:00:51,02603e80-8988-4426-a670-2cedeb63cfcd,Motherboard,Wearables,1859,05ab7190-3c64-42df-8e9e-e4add2563eb5,2025-01-30 14:04:28,2,3718
077191a5-c958-4cc2-98d3-4ab3140cacc5,Leah Ramos,ngarner@example.net,2024-09-26 02:17:33,900fdbbb-8557-4692-88f8-e3e5f8320ad6,Tripod,Gaming,1205,1e8a6f4e-a1bd-48dd-8018-2b996a39be0e,2025-02-05 03:45:47,5,6025
b239661c-1ceb-4be6-a85e-c6302b2982bb,Spencer Williams,jonesadrian@example.com,2023-08-19 20:09:47,7f402f69-7afe-4166-8da4-256d89e56875,External Hard Drive,Audio,1146,5981dbfd-e127-4156-b484-211270a03ef5,2024-09-28 18:20:05,1,1146
21b9e581-f27c-41db-802c-effdb5585400,Mr. Lance Castillo,kroberts@example.com,2022-08-14 21:52:43,c65c3be9-e83e-4e09-bb14-485d8d2ebf2a,Laptop,Accessories,452,ca51ab1f-702a-4db8-b6b9-2b547c0482b5,2025-01-19 05:25:40,3,1356
70f5d40b-252f-41b7-ac0e-a7a73a98a598,Anthony Sullivan,toliver@example.net,2021-09-04 09:01:49,83372734-8fb8-4b17-bd49-46283f13703c,Bluetooth Speaker,Gaming,37,0e2f9012-cf44-40a8-918f-a4b0d3737c2c,2024-12-19 08:52:45,3,111
082562b8-c047-49ac-8f47-32664e99d45f,Jerome Maldonado,jasoncain@example.net,2021-08-07 16:37:55,e50ba395-9759-4824-8ba2-561866ddf3e5,Camera,Computers,720,7de9d975-ab5d-49a5-ae36-90d05478c446,2022-06-09 02:31:33,1,720
77660fd6-8847-4266-b769-3d25c54fcc10,Christopher Owens,iandrews@example.com,2021-07-19 14:32:28,f66b99b8-26c3-49ab-a172-d12e0c069d53,Computer Case,Networking,1738,06594225-6ca5-452c-897d-06837214ecc7,2023-12-22 20:23:41,4,6952
7c76a13f-224b-4d02-9a5e-257e1ca53d7a,William Thompson,cindyhale@example.com,2020-03-04 19:55:44,7cbf446e-f63c-4b34-b513-c3baad227ab1,Mouse,Photography,1183,987e9161-4fdb-45db-82e4-d2c1780e3f63,2020-08-29 22:45:01,4,4732
cedf004a-b96c-4028-9307-6b102db96ea0,Angel Baker,leespence@example.net,2021-12-24 02:18:57,5ccad759-f9b3-40a0-80b9-970f6eae1b35,Webcam,Wearables,675,939d6378-cc83-4799-a3fe-2921f54edf1c,2023-01-17 12:57:33,2,1350
64f15ea9-b47f-4050-9c9b-6c98149cd8ee,Spencer Mclaughlin,thompsonmichael@example.org,2021-03-30 02:36:27,a79bee4f-9061-4e8b-966f-63e8eac9afd6,VR Headset,Networking,1663,380d43f7-44d6-4d57-8afe-a9b3ec6420ba,2024-06-20 16:13:39,1,1663
44bf7423-a32d-415c-ab58-af8a2c69d074,Matthew Waller,bryanwalters@example.org,2021-12-26 23:17:15,39811cd6-91fa-462e-be74-f147b30cb884,External Hard Drive,Photography,523,159542df-9d05-4a32-9574-ddf2080ec039,2022-11-02 04:12:45,1,523
61d7e62f-1326-436a-a48d-67858ba54b63,Sean Ray,karen58@example.com,2024-05-12 18:50:53,a0ca50f7-9256-4429-b05d-2227b7cad6f8,Drone,Wearables,1836,b054146b-254c-482d-9b39-004c71b5de1b,2024-07-17 03:18:17,5,9180
4cb63a83-261c-4e3b-afbd-b17ad7d03786,James Andrews,marycooper@example.org,2024-07-20 12:52:00,13012181-dc14-4b60-bbd9-8e140655b4ed,Modem,Audio,655,68e5c97c-ba93-40a0-9c41-cd598ef47e0e,2024-07-28 04:51:20,3,1965
7183a0ca-9288-4b9c-826f-a0a3cc55172d,Phillip Reese,katrinachoi@example.org,2021-01-28 08:01:56,77be3474-b7b3-4733-8454-2337730a537b,Microphone,Networking,998,07d565b9-4935-42bc-b579-e0dbc8471794,2024-10-06 11:24:03,5,4990
7b779cff-cf76-40fa-b6e4-52117ddcae10,Michaela Gonzalez,amoore@example.com,2021-02-07 01:49:27,07ff80a0-94aa-4ad5-937a-f629adce8479,Network Switch,Wearables,130,6348bad7-7431-45d4-bb89-7d561998811a,2021-11-17 04:17:17,3,390
646865ee-b07b-41eb-be23-70d195ec6ca9,Nicole Coleman,brenda46@example.com,2023-09-15 19:47:59,53d85f9b-a3cb-4d0c-af51-71760be2c519,Bluetooth Speaker,Audio,700,04373707-2126-4579-b7f9-acf848c73f89,2023-10-27 08:50:07,1,700
de6c27fd-8e7f-4fd1-b8f3-df1d3d1bdc1e,Douglas Taylor,crystal13@example.org,2023-01-28 18:05:38,24facedc-c5b0-4c01-845e-989b68faa162,Router,Audio,428,ab56a6f4-c1a0-4d14-9169-16fe4ff0fa43,2024-01-14 01:48:18,3,1284
cf81ea97-f463-46e4-a102-edfbbf2cbd07,Erica Velazquez,michaellindsey@example.net,2022-12-04 02:04:54,de46a189-9691-4619-8b67-98934190bbcb,Monitor,Photography,1849,38b7f629-6c80-47c1-b978-cd28ad2f2a84,2023-09-02 22:47:54,3,5547
27fa422b-6d2b-4627-bace-50b181a9bfc8,Scott Dawson Jr.,johnseileen@example.org,2022-03-26 05:34:11,4251423e-7b4c-43cd-bcc1-b889f379da4f,Power Supply,Audio,1387,c9ccd9b9-6732-4d85-b87c-881da6698e00,2023-06-13 11:17:53,4,5548
37e14f51-ab96-4344-b4f7-b5e902950dd9,John Mccarty,mooredanielle@example.org,2024-11-07 06:26:23,371eac25-b383-415f-87c8-a8825970c714,Keyboard,Computers,667,bebbca59-11e4-450a-83b1-4b008ed206d9,2025-01-28 07:00:14,3,2001
b137ac16-9e5e-47ee-89b5-e03ead32b7ce,Maria Hart,holtparker@example.net,2024-05-08 14:21:32,f8ed1389-71ae-4ddc-af15-be242e142fd7,RAM,Networking,1041,676adf6e-73a3-4a34-a213-66933979d19c,2025-01-12 02:33:59,5,5205
abe47f95-9648-4693-b6bb-dbcae2928fb7,Daniel Henderson,stevensmelanie@example.net,2021-09-15 13:57:07,4a623f71-b4bc-4c10-b15f-c9d752405111,Mouse,Gaming,1721,a5257031-478f-421c-97e6-f59826251de7,2022-07-04 05:53:02,1,1721
a7bb6b3b-fa2e-408a-9ead-c419e80be40c,Ashley Gordon,john22@example.net,2022-03-12 11:45:09,a2880a93-8ecf-4784-980c-4fd270e1b2b8,Smartphone,PC Components,1130,56df7a02-b129-46c7-a29d-4e2c7f1ea8a8,2025-01-20 05:17:59,3,3390
b310cfe8-a093-46ff-bb35-1e6bc794f7d7,Katrina Munoz,jacobrojas@example.com,2021-10-09 13:12:23,a6b73720-2553-4598-94bf-09398c3f4e54,Monitor,Wearables,797,54483ebe-9397-4077-9688-b9638bce5eae,2023-05-27 18:19:57,5,3985
5810d49f-c84b-4aa6-b23a-cc45a163a800,Rebecca Richards,dawnwhite@example.com,2022-02-26 16:26:13,3cdec5f5-b108-4b05-a1bb-ddeff1bae96f,Printer,Wearables,1179,b4e5ed8e-5a16-45f2-b033-821139e66156,2023-10-03 17:39:19,2,2358
8585d8b6-73db-445b-92e3-78cd8cafb5fe,Richard Bennett,newmanalicia@example.org,2022-04-26 14:23:06,ea86e489-b987-47d3-8539-2d5450bae634,Headphones,Gaming,1000,8261e455-4096-4067-98a9-4ef22c42ce7b,2022-12-31 19:14:08,3,3000
45083928-011b-4335-bf41-907aa9dac090,Jeremy Hogan,dayjordan@example.net,2022-10-09 03:04:51,510e6e74-552f-49cc-8ff0-cba51add2392,Router,Networking,127,dd8a8213-cc9c-4e59-a2df-626b1c77bce4,2024-04-09 05:43:07,2,254
64583c9f-0d79-42d5-aacb-6ff1b5650fc0,Xavier Thompson,harrisannette@example.com,2024-01-30 11:36:15,787ea53e-a898-403d-afaa-85e34b0b41e4,Power Supply,Accessories,311,01aaed7f-019d-4e8a-80bc-c5dbc16bdd77,2024-02-04 03:48:50,5,1555
22faec6a-1986-46ef-ac2e-8f2f722773e2,Alicia Eaton,diana42@example.net,2023-10-27 08:35:11,ed59c653-7d1b-4798-9d2e-563706094b72,Router,Photography,374,a114f704-3e47-44ef-b661-f170bdce9541,2024-03-16 23:21:33,3,1122
9c2689f2-d097-4cf3-a86c-8f43d94ce320,Jeremy Allison,nathancarroll@example.com,2021-10-09 09:29:10,fbf777ad-5b59-48ef-a8fe-381ccbcb6ec5,Smartwatch,Electronics,272,b70d5510-6574-4e75-a7d9-c5cf0a94851d,2021-12-21 18:34:02,2,544
83e39e7b-7732-48f5-ad73-9dc4d1292de1,Mary Ball,alexander91@example.org,2021-02-25 12:17:19,43b750b9-6080-40a9-afd4-a20493d07600,SSD,Electronics,300,137b631e-9f98-4233-ab0a-da800b815207,2023-03-19 02:52:55,2,600
83175b17-2e27-4940-b948-56ab9f6447a8,Jennifer Flores,austingrimes@example.net,2024-11-29 18:12:35,34c7dddd-f340-4a12-aa64-9d59ae618903,Keyboard,Networking,1377,ad185d16-d097-4e8f-b063-e6e92823ee23,2025-01-15 23:07:38,5,6885
513897d0-49b2-4e94-892c-15b883941553,Julie Moore,farrelldiane@example.com,2022-08-15 12:29:40,6fe0951f-40e2-4249-99cb-77ea9c55a3bc,Printer,Photography,521,4efd4bfd-6722-46c5-b6ac-de5aacf2d7ed,2023-04-24 14:54:10,4,2084
1c0d6145-d87b-42fe-9960-b9e4b02536ab,Jerry Henson,travis29@example.net,2021-09-29 00:04:29,dc95a93c-32d2-4d09-b50a-0d28eeac8b40,CPU,Audio,843,621db71c-81f8-4e1a-985f-605fc170ef38,2023-08-20 17:41:04,1,843
488ae38b-52b0-42a2-9331-227500f36edb,Emily Jones,elizabethadams@example.org,2021-09-21 20:22:01,684771cf-b536-497b-8c7d-b428c711635f,Computer Case,Peripherals,38,edacbc26-e05d-4724-a8f3-4694c3cce0ce,2022-10-04 08:32:48,2,76
e24b51cb-f554-4a46-9121-9b59b69625e8,Brian Romero,andrea30@example.net,2020-04-25 20:58:52,68d907f4-ccc9-456b-9330-9a8cbef20953,External Hard Drive,PC Components,1245,8cad11e8-f683-4331-bc96-e1c15ed567b5,2021-04-07 18:12:19,1,1245
74a57c1e-e883-4555-af5f-9619ee069d92,Ruth Wolf,jamiemartinez@example.net,2022-02-20 06:15:38,584ec927-93b6-471b-a6c1-3328fa0dc28d,Mouse,Electronics,271,45c91244-d7aa-49b4-9e60-b2dfa92fe999,2023-07-18 17:34:58,4,1084
8b9134db-ba95-439c-a00d-922a5a5e0233,Jason Salazar,coxsarah@example.com,2021-06-07 01:54:22,16949e17-b097-4e1f-88d6-a8d2602f3b04,Charger,Networking,108,5fd92e7a-e387-4bf2-9a1c-bf4b08e4e9bb,2023-01-15 16:17:25,2,216
6694a014-dcdc-489b-9116-73645fca4b4f,Michael Perry,echase@example.org,2025-02-07 14:45:53,e5757b32-ae25-46b6-ac25-2cb818188871,SSD,Networking,243,8fab539f-4081-4b10-b9da-be6d7f4a70b7,2025-02-20 19:52:07,4,972
909acf6a-5cec-4a25-8ec6-7df0da22fbb8,Dr. Michael Robinson DDS,aliciafarrell@example.net,2022-04-23 17:12:42,5b90fe68-2e30-4199-8e45-77ccf67a38c1,Drone,Electronics,864,f181dfa1-c18a-4b77-bbbd-02c5ba61e9f1,2023-01-04 04:42:21,1,864
496adc5e-cdd9-4e5a-8bd5-de02263a1171,Lisa Mcbride,benderriley@example.org,2023-07-30 13:23:00,ecbacf69-f1d9-4fcf-80c8-83e075f7aa67,Fitness Tracker,Audio,1060,b7d03f52-9aa7-4d50-befd-675492475c5a,2023-12-27 18:08:57,3,3180
b19be02c-340b-4653-a248-e4fca8badfc7,Brittany Estrada,lisahall@example.com,2023-06-20 15:42:19,807e153e-8e10-4ed8-8cb2-483a27cd3e4e,Drone,Audio,838,b2854afd-5990-4c76-a445-3de2fbb55d83,2024-02-26 22:08:49,5,4190
6ff9bdbe-b957-4ee8-aa7a-4ce90149c808,Joseph Perry,davidyates@example.net,2023-06-28 21:11:13,a440bdec-e773-4467-b336-b5ff263a2ff0,Webcam,Photography,1900,393e727b-1999-4041-bbfb-27800d57eab3,2023-09-22 12:53:53,3,5700
0b35bd73-74bf-4420-a854-4583032962c9,Marcus Kaiser,brownjordan@example.com,2021-04-14 13:39:17,e1b17786-b22a-462f-b692-033ce01d58b1,Power Supply,PC Components,1762,95d8a4fb-3cd0-4a69-af05-8deb6a5588b8,2024-07-15 08:42:30,3,5286
25c77d13-2075-4ab7-b541-0dd56a2c2828,Mary Holland,anthonygrant@example.org,2023-09-05 21:38:59,66299b4f-63e4-4acb-919f-dad43e7198f5,Laptop,Audio,663,743398cd-ace4-46c2-b533-76c039bf73ac,2024-09-17 02:45:55,3,1989
1013e21f-1e13-4796-9652-1ce3e5d7951c,Andrew Hayes,patrickalvarado@example.com,2023-05-02 16:56:04,3aee812b-a55d-4bcf-a75f-2c6ed3245424,Computer Case,Networking,1287,725d1f6e-b063-4fb3-bb13-eda22f5b5fff,2024-01-08 01:35:51,3,3861
2c5e3abe-65a3-4dd7-b807-983f76bb33e1,Michael Fisher,carlymorris@example.com,2021-03-27 23:04:13,05d03b96-fe4f-4faa-bd2d-45799ee2a15a,CPU,PC Components,1754,312db2d8-aba0-4987-b0b1-69a08cbac7f0,2024-06-13 02:16:54,2,3508
3bbbbfe8-d237-46c4-a7f7-f995727e9149,Christopher Jimenez,gomezanne@example.org,2022-01-12 02:49:29,aab18188-eff5-455c-92a4-684ae5073afb,Headphones,Wearables,1894,5694fc8b-40a5-4142-a9fe-68f877ac6543,2024-04-21 17:44:04,5,9470
a1031228-ef01-4a9f-bf05-f5057b30fac9,Teresa Miller,acontreras@example.org,2020-07-07 21:05:37,c8848065-6a33-4339-856c-797f3f1451ab,Drone,Electronics,1361,de4fd245-1528-4338-abe9-3561825cf1bf,2021-07-20 17:56:30,4,5444
647ca704-02c6-4076-9682-09eb94c20baa,Gloria Reynolds,adam90@example.org,2023-06-06 04:04:54,d59b1e42-fa66-4906-98a3-85b86e009ff3,Smartwatch,Computers,107,473ae4a8-f37f-406a-9b86-1205d501a180,2024-08-20 04:50:57,4,428
28bf4160-fa22-4850-b9a4-8577d64912ec,Katie Snow,jeffreyjones@example.org,2024-01-10 21:59:30,1e528a80-528c-4e63-b8fe-3a7c559e3d71,Smartwatch,Accessories,541,2ddacdf1-3cf8-48bd-b48c-fc3d3ffd69cf,2024-11-27 09:42:11,3,1623
9d664b2d-0a1d-4be1-a163-3209e582b546,Bonnie Lopez,halebrandi@example.org,2021-08-19 03:26:07,b0ff2578-b66a-492d-8658-9e91bbb824d1,Drone,Gaming,1205,1fe8e5ed-25b8-4b59-b23f-5e490d340a82,2024-10-27 22:09:53,3,3615
03d10a20-34e1-465e-a50d-29b0a1ada1b8,Mary Leblanc,fking@example.com,2025-02-05 20:05:56,ec4e58a1-5a35-4586-920e-ba33096709d5,Mouse,Audio,67,544de971-c13b-4160-8733-13418ff352a0,2025-02-13 04:43:21,4,268
7cc8ed65-0f81-407d-aef4-ba983ff29260,Henry Walsh,smithtravis@example.net,2020-06-05 12:36:22,c822fe7e-c8d9-4641-8255-d3bd7c606e3b,External Hard Drive,Computers,1164,835b7230-176a-4234-9e39-6815311f990d,2024-07-30 19:59:08,4,4656
f8b5317a-123a-464a-a210-bf3996aa67ae,Lauren Lopez,ronald18@example.com,2020-11-17 14:46:07,06c581b7-2f41-4b11-b04e-2546a95c4e84,Scanner,Electronics,1397,e6bd919a-7f2f-49d0-a923-5d1b8359a719,2025-02-17 23:06:56,4,5588
54ec4f0e-b4e9-4361-b9de-ff835c598743,Jimmy Black,tammyevans@example.org,2024-08-30 23:24:35,1b9e1c12-3cbe-4178-90b3-40ea989ef4e4,Tablet,Wearables,898,7b3578ec-c3d1-458e-823b-9a06f0d622c2,2025-01-24 03:33:35,5,4490
9c9440fa-d3fa-4b82-8996-5f939a5b33de,Laura Beltran,andresmedina@example.net,2024-07-28 21:07:04,9fed7a33-4537-4726-bc3e-23ed8062e31d,Microphone,Accessories,1442,665f3eca-56c1-454b-89d7-8fa92d41b3f9,2024-08-13 23:29:23,2,2884
9573ae5d-e9a1-461d-987b-d5778ae1ec88,Kayla Marquez,herrerasteven@example.org,2022-07-05 06:12:15,6114f418-a93d-4ee1-b164-cae9b94b0192,Microphone,Electronics,1282,8b37de52-c7fd-45b6-b263-b48f0b9fd049,2023-02-24 13:57:48,5,6410
f548b2f0-4b76-4e48-9cd0-a27eb73bd6c9,Catherine Dixon,olsenrichard@example.org,2024-09-23 15:09:24,663bef6e-f4c7-4c07-9a4c-a600e03abf46,Scanner,Wearables,1631,6b5f8092-4242-47dd-acdf-5ad5cd31fe97,2025-02-06 23:10:13,2,3262
36998095-6c8c-4864-a46a-df54146b1169,Eric Chambers,fisherjason@example.org,2023-10-10 20:33:05,612a8e4e-c65f-43b3-ab45-2591f957e13c,Modem,Accessories,519,c3e807dc-04bc-41e1-9159-e87f620f37fc,2024-10-14 18:14:57,5,2595
21e705e3-231f-4416-a98a-0d6c9447af4c,Karen Williams,obryant@example.net,2023-10-30 00:35:02,c46486ae-920d-487a-b26c-af906fde30fa,Camera,Wearables,1287,5791061e-2701-45da-bb44-21767e978e5b,2025-01-27 05:10:25,4,5148
3e35b4d3-785e-4409-8c98-ceb98552f539,Zachary Watson,markclark@example.net,2022-07-31 16:17:29,8f6b933b-2fe1-4237-8987-2aca336a7b8f,VR Headset,Networking,466,13edcba2-800e-405b-ad9b-ad25a994fadc,2024-08-03 21:28:51,4,1864
13931cb3-f347-443a-9955-ee6db1221cf3,Darlene Moore,maddoxkaren@example.org,2024-07-19 14:16:14,60c7334d-fc72-412a-8877-03cb8ea5a357,Modem,Networking,945,b0e6888c-2fef-4901-bae2-58b08cf47a42,2024-12-06 16:28:49,4,3780
40e88f07-e163-4a8b-aeef-18853a68b637,Leslie Quinn,conleylinda@example.net,2025-01-15 15:27:20,2a755910-0de5-47e0-9e58-353d9ceea833,Graphics Card,Networking,76,e05a9439-7ca7-429e-9c7b-34321431a491,2025-02-15 13:03:09,5,380
dea1274d-b017-4de0-8910-947f9720be20,Steven Mitchell,joneshunter@example.com,2020-07-10 14:45:30,ffd53401-1cc6-408f-927e-76eabb113044,Printer,Networking,1796,3af59058-9ad0-470b-a330-4d147062ab5a,2024-06-19 09:58:22,4,7184
55b78d40-ed74-41c0-9c9e-fa5e9d8e8cf6,James Jones,brianfisher@example.com,2020-08-08 11:14:37,d6413195-4e13-41e1-b8c4-233835f8db52,Motherboard,PC Components,918,516a7574-897f-49c0-99d0-de9137cda86b,2024-11-06 19:56:07,3,2754
bf3c73d4-2567-418c-9415-cb4a0e4d53bd,Jennifer Henson,alexanderdaniels@example.org,2020-11-14 08:19:31,846925d3-ca46-441c-b0bb-39589e132369,Drone,Peripherals,1302,229c5696-7b31-4eb8-99d8-85210c2de3d3,2021-05-29 10:49:51,2,2604
4e2e177f-4562-4156-ba4d-f8518ceb3137,Randall Gutierrez,millerheidi@example.net,2021-02-23 22:12:24,f214329b-c108-43ab-b902-b5d80bb7e26b,Network Switch,Gaming,1605,d6cc72c3-0ebb-45ad-9286-a84c75bdce13,2023-11-17 10:10:22,5,8025
55b2b05f-1d3c-4b82-aec0-6d1ed7179a77,Jessica Lewis,lowedenise@example.com,2021-10-30 15:58:34,93d57f76-a763-4379-beb6-d640f38bc64f,Monitor,Accessories,502,6756ab49-a758-444a-849d-31d417a61d71,2022-07-31 01:41:31,5,2510
1479a8b4-1f80-4492-917a-9e28b1abd465,David Bell,gonzalezluis@example.com,2020-10-13 12:51:46,6b61da7b-ce80-4fc0-aa21-1b78389df001,Drone,Photography,520,c7f222dc-7aeb-40ff-a073-2e4cc1fd722f,2023-06-24 03:03:28,5,2600
6a2d2c9a-e72d-475d-b3a6-755f05ea4b6a,Charles Clay,janet07@example.org,2022-02-07 09:10:44,cd8ed724-4fa6-4453-ad20-603413022802,Mouse,Gaming,1419,09ba0cac-8e25-4562-b754-00e644fca9d0,2022-06-15 02:45:29,3,4257
66770827-897d-4b68-90aa-a8c78bcd3366,Teresa Jacobson PhD,branchnicholas@example.net,2023-06-05 22:38:13,3caff44a-4e20-4d93-9465-2cc3d749eb77,Headphones,Gaming,1783,6735def5-27c3-4803-818b-21fefdbb8ff9,2024-05-12 11:03:17,5,8915
a9480070-bdb8-404e-9d06-670261e33403,Luis Rodriguez,susan69@example.net,2024-10-17 14:11:39,f4273a48-5dc5-4311-9869-4adc022f65f8,Fitness Tracker,Electronics,1506,8637801a-627a-43ea-872d-c41558f6e3e4,2024-12-25 11:35:29,4,6024
90de3860-8c83-48af-8c0f-2ca967534a57,April Cook,lisaparrish@example.com,2023-05-24 12:17:15,95acf151-372e-4321-817c-580eb548b877,Webcam,Audio,214,c47eeac6-d4a1-4b1f-a20e-7f5dca3e2e54,2024-03-09 14:59:51,4,856
9794a9da-4d30-4d94-91df-d358840e7408,Jessica Rivera,erika03@example.com,2022-10-30 10:55:41,57b9c58f-73da-431c-96ea-6124ce4ffbe6,Keyboard,Audio,444,88e561ee-3013-49d9-9105-ecceb991179a,2024-01-10 15:12:27,1,444
60be80f0-bd46-4c56-9ec6-afb8ed492bae,Lori Vasquez PhD,jbrady@example.net,2020-04-23 08:08:39,696b2e31-fa21-4d7f-bd28-f3ff94e02e03,Modem,Electronics,924,b7d79cb6-84f6-4538-9317-948a2417fad3,2023-12-24 02:44:11,5,4620
8ab79a00-8edc-49cb-bfb1-780808d2bb42,Tyler Price,millsbrandy@example.org,2021-01-01 09:27:00,2d54b62b-4ad9-4d8f-b245-707648f36086,Computer Case,Wearables,159,075c2f3d-f04d-4f2f-af09-dd6c3d5b750e,2021-05-15 07:42:30,1,159
760b4257-560a-4983-8bcb-8f1c97576718,Alexis Johnson,claire63@example.net,2022-06-26 16:24:28,cd923152-ccea-4de9-a7cb-968e41b6d03b,Smartphone,PC Components,1315,24bb0383-8532-4355-a97a-2b63385a9d77,2022-11-03 17:20:26,4,5260
d9a5ddb4-05ba-4258-8c3c-a8db95eab4f0,Alec Rodriguez,michael07@example.com,2023-11-24 16:56:48,f7e92f7d-9179-411a-a1c3-8b8bd21e3056,Laptop,Accessories,1982,d70e0497-9523-4962-aa08-2896e2196cc0,2024-07-29 14:03:37,5,9910
1f043e3a-ad6e-4f2c-8a58-1a743edb9e9e,Craig George,lmora@example.org,2024-11-24 07:10:39,d81bc484-3be1-4a74-88b1-0966648dfc5b,Network Switch,Electronics,1608,98ce834d-3541-4b81-826d-8ef06883f354,2025-01-05 11:11:34,1,1608
a6dee327-b356-4437-8bf9-1cbd886644c0,Kelli Barnett,stevenevans@example.org,2020-07-06 15:10:55,13f75f1c-4db6-4471-ae26-32fbda129651,Tripod,Wearables,1466,e3175e91-0d53-4c0f-b2d0-bf28d8b8b1e9,2024-12-09 09:44:59,1,1466
ad0d117d-43ee-4ed9-bf83-7b546f8ae6cd,Savannah Obrien,richardsondustin@example.org,2022-08-28 22:09:18,2c606ea0-b177-4c6d-a8cb-b4a845ae4fbf,Smartwatch,Networking,1468,d98a99df-89cf-49bc-9aed-fb423e56fe5c,2024-06-09 21:10:42,4,5872
e01fd833-17e3-4d1c-8e1a-78991382afff,Jennifer Cantrell,melissameadows@example.com,2023-03-03 11:42:35,620861f7-82db-4d18-878e-813d71e2cea1,Smartwatch,Computers,945,3352c875-070d-449d-9f13-c13b83a8c346,2023-05-14 10:23:34,3,2835
dcf95f76-b219-4222-be1d-22b2552b63a7,Joshua Banks,erica06@example.net,2025-01-21 06:13:23,357699b2-e9dc-4714-9c63-714d57109bd3,USB Flash Drive,Peripherals,1052,dd9deccc-5942-45d6-af2b-1e9000fa0a4d,2025-01-26 22:41:16,4,4208
fc6e84ad-7314-4468-8d5b-9c62769a0e5a,Candice Ward MD,kimberly32@example.org,2024-02-26 09:45:29,bc955a07-eb42-4f16-9f7a-7ae34ee4a8ca,Bluetooth Speaker,Photography,1783,ba30affc-6809-4b22-b3f7-128131e534a4,2024-10-21 22:21:37,2,3566
659f721d-a792-4dc9-bb3f-1d1e74afc10d,Joshua Buckley,montoyajennifer@example.org,2021-09-30 01:42:43,80d2634f-13fd-4dc0-9b9d-d404675c1484,Computer Case,PC Components,1819,cbe1736d-71a0-4732-b1d2-a83a1a278fe7,2023-04-22 08:58:56,3,5457
e8c68908-b4b8-4a52-91dc-62c0b2043d88,Bryan Moore,kevingeorge@example.net,2021-03-01 15:14:11,7b50c24a-1fa5-44a8-a017-1515113413ab,Network Switch,Electronics,1414,c6ce8837-9268-4d98-b63d-db79e6886f00,2024-10-28 11:54:45,3,4242
5ad9893b-d1e0-4b67-8f3a-0d28dda23964,Anthony Mcdonald,ualvarado@example.org,2021-02-21 03:37:34,d6e0e295-2376-4e86-9fa6-ee89d3b512c7,Laptop,Photography,1299,a469f749-dc77-4edd-8c2b-39e3e6d6c805,2021-10-06 17:34:41,3,3897
00885bc5-1b7e-49ff-9ab3-55a1ab9907cd,Kevin Bennett,andersonwesley@example.net,2022-07-03 01:45:31,14829c4d-6bf1-4ede-86a5-5a76f9690bb7,Fitness Tracker,Electronics,157,9eb62cc4-5214-43e0-b5bc-5a98de3fcd20,2023-04-20 17:42:59,1,157
d7578029-e0fb-49b7-8ea5-e7adcbea12d7,Anna Santana,nicholasramirez@example.com,2022-01-01 16:38:51,20d8d3ac-8c6b-44b0-beda-3365222aae6c,Laptop,Accessories,47,28c4fb02-abb8-4310-8877-05c4f4d5b57b,2022-11-26 03:07:58,5,235
7ad41037-7e30-4fa2-9935-dbc2292e001c,Stephen Pierce,rachelblake@example.org,2022-02-05 14:15:59,3aac9d49-d6f6-4400-bc88-2f8634ec2e06,Mouse,Electronics,270,9b9095eb-5473-47df-9f48-7751464eddcb,2022-10-02 14:00:56,1,270
d06d6a17-02cb-4872-871d-06a6ba8cc9e8,Joel Acevedo,dawn63@example.net,2021-11-11 08:30:29,ad24e5de-83c7-432c-b88f-1d44cef3fd0e,Modem,Gaming,1682,e19f4e4f-0900-4e91-b176-32ead5d82fdd,2022-07-17 07:08:54,3,5046
2c85d061-a0ec-416e-87b8-5f919ebf015d,Lisa Weaver,greenmelissa@example.org,2021-02-16 12:50:18,def9d7d6-3913-4da8-9497-87d4c5f8e0d1,Monitor,Audio,359,da027a87-aa3f-4051-b325-97fbd683fa4e,2022-12-25 02:17:57,2,718
755e69db-57d4-46f8-9418-2bfa5d8f6473,Mark Miller,ymcclure@example.net,2021-12-18 18:31:04,1193062d-be58-4ebd-832e-f9c321b0c931,Webcam,Networking,356,c19747b7-b8bd-4cda-a8fc-3a24cec9ef71,2022-02-09 22:45:46,1,356
7ee9866f-ed31-4882-8024-9b792134ffc4,Jorge Sanchez,ywilliams@example.com,2023-04-26 15:15:14,a8ec017c-de03-47bd-af8e-e102cd7f9676,Drone,Gaming,131,81f587f9-773e-406b-bd0a-3e2ca56a7a41,2023-11-19 22:03:43,2,262
9505a1b5-7b4e-4665-b3bf-35aec36b0ad6,Andrea Jackson,charles58@example.net,2021-10-06 10:35:28,fbaf3c84-4030-4d73-9d04-a1f5cdd4b694,Printer,Photography,1641,2bc9f1c8-fdd6-42f8-aaf6-9b065365f9cd,2025-01-17 11:43:32,2,3282
356ff548-d63c-4993-a2d5-65fffa313990,Holly Powers,randy09@example.com,2021-08-05 23:05:20,70115dcf-d16b-4e00-ae2b-b7aa6ce45f4c,Headphones,Accessories,1079,ff87b2a2-54f6-4233-a486-b030b23f304c,2022-06-26 11:05:20,4,4316
c7ef9434-e23b-48d6-9904-2603875e5c43,John Howard,gonzaleschristopher@example.net,2021-02-26 10:52:19,c01fd133-3492-46b2-bd2c-dfb5e71f44ca,Scanner,Accessories,294,34c101a0-9d6f-42c2-bfb2-84c8cc5c7dd4,2021-12-15 15:21:54,4,1176
716bf979-4cf3-4d1b-8a53-2825b591d2cc,Brandi Hayes,xray@example.net,2021-05-01 08:35:14,92c8e313-4f23-4ed3-a4d6-18037710d85b,Graphics Card,PC Components,381,31d8bf57-15c3-4bcd-bd99-cf20992effc9,2023-03-24 20:30:00,3,1143
680f6eb0-aa84-46d7-9cab-0410f2c984f9,Kelsey Ferguson,markshaw@example.org,2023-09-30 07:41:14,08504459-8992-45d0-be48-d7121c991504,Tablet,Peripherals,691,199cb2d0-cfd8-4c7b-9acb-3dcacfa78fa8,2024-10-31 11:58:38,3,2073
48873c1a-34e2-497a-b8f4-3ea7ad94e742,Patricia Oneal,kgutierrez@example.net,2024-09-20 01:21:10,74dab047-8da1-4d83-b7e6-c0cbdef33b90,Smartphone,Wearables,683,a28da6fb-998c-4596-adf2-4d5b2fae83a2,2024-10-05 20:27:16,5,3415
859a457b-7e81-46f0-85cc-c21551a53080,John Chen,martindeanna@example.com,2024-02-04 19:38:00,bb4895f7-af74-42de-a451-8065be98b859,Camera,Electronics,1982,1ca16b79-efda-4709-80cd-4c1a5a44cdf1,2024-10-17 08:09:32,3,5946
ec96b073-4658-4e36-a57b-3129a081def8,Donna Cabrera,hayspamela@example.net,2023-05-12 11:44:38,c999f334-88cc-4da0-862b-ea23c7ecfdc4,Bluetooth Speaker,Peripherals,1889,1fd60485-2bd5-44d6-befa-efae2df6512e,2024-05-01 04:46:27,2,3778
5449c084-0374-42d2-b36b-7e6596f65c37,Nicholas Gonzalez,dwalker@example.com,2021-07-09 19:13:29,101b0268-6a2f-4cc0-b3f1-d77b5a77b16c,Bluetooth Speaker,PC Components,1277,e1072328-847d-4c46-8fae-01f063bab091,2022-06-21 03:14:53,1,1277
621fd23e-cde2-4f44-8358-2e34747ea5d6,Donald Rodriguez,jenniferschroeder@example.com,2024-09-18 07:24:54,ed068c90-aa99-4f3f-97ec-20965b20aca2,Charger,Electronics,1634,a7290e4c-41e7-49fb-ba99-0b7f2e6f7b82,2025-01-06 05:05:24,5,8170
ac2999c1-bd1b-4009-8845-cc5e225dd504,Mike Fernandez,williamfarley@example.com,2020-06-19 21:36:51,a9638e14-d26d-487e-84b9-aab7ca66ba24,Printer,Photography,1389,e92b12a3-e7c0-4fa7-8752-91472bd5f196,2021-03-21 10:10:34,2,2778
10dbed0a-1c1c-4926-88cb-2826a0375e15,Sandra Tyler,davidgarrison@example.com,2020-04-15 01:44:58,c2c5f833-a6ca-42f1-a3ca-a9971b5520e6,Power Supply,Accessories,435,f2170638-8c39-4185-88c1-1f00eec46ab0,2021-08-15 06:58:51,5,2175
dfb3c373-cb52-4775-beea-224952e2bd6e,April Ryan,randallanne@example.org,2023-05-22 10:50:51,582bcce7-207a-47f8-98e5-e6fcd86dfdaf,Fitness Tracker,PC Components,563,cd15514a-e53f-429e-b3ee-1422e10677cb,2023-10-07 18:07:31,2,1126
791dbfed-b0e0-4af2-9e10-9d4ce6b841a4,Cynthia Mosley,carrollwilliam@example.com,2024-12-03 20:38:02,023ce882-cc9b-467f-8f59-945c617bb9fd,Laptop,Peripherals,1686,abc8d8cf-893b-4172-80bf-ab1f3a7fa3dc,2025-02-18 19:23:52,2,3372
19fb60c1-b60a-4567-a3f1-4d3b8f1d517f,Elaine Davis,williamsteresa@example.com,2024-07-23 02:58:59,e66db614-0af5-4b09-935c-9d57dbc72dd5,VR Headset,Peripherals,870,0674de67-06fd-4908-b2e4-7645fc9c9dfe,2024-10-27 22:07:25,1,870
9322ecee-af27-4600-85a1-c82ca43d4a2c,Christy Peterson,sharonmccormick@example.net,2020-06-08 13:02:20,de16c8f6-bcb4-4f14-adec-896cd1d8c9e5,Headphones,Photography,1837,b1ff4070-f950-4b7d-bc1f-70a9fe3c2f78,2020-12-20 13:50:26,2,3674
30ac2331-e65e-4925-8cc6-ae2c0795e2aa,Carrie Williams,melissahoward@example.org,2022-12-07 22:18:19,63b3f588-ec50-4c2c-9472-566f62e3e0d7,Printer,Accessories,758,75732066-ee90-4836-9d33-a0f0260d4041,2024-08-09 15:44:29,3,2274
de9ab79b-76ea-47ec-8a5c-39400381bf51,Ashley Sanchez,blakebaker@example.com,2021-05-18 20:28:32,611c15a9-3ec8-4352-a00a-c8ca98d8dd96,Modem,Wearables,384,e6d9eaad-9990-43f2-b707-3551335a3006,2022-12-09 18:31:48,2,768
940edb52-04f7-4a35-ad08-94785c3a8f4d,Kelly Serrano,fernandezjames@example.com,2020-10-01 07:04:52,39cc51c2-bfc9-41ce-af88-de5f89358e90,Webcam,Electronics,727,c988b766-2840-462f-ba48-f7f5fd391290,2022-12-07 12:40:54,2,1454
f4037c35-76e8-4d36-8bb2-7da27a9decef,Amy Davenport,morenojohnathan@example.com,2021-10-23 18:54:36,4806bc9f-3572-4cda-a651-0bf933822a0a,External Hard Drive,PC Components,555,7942772c-b7c7-45b8-8b8d-3d7a5b55f665,2023-05-19 17:55:49,2,1110
3d1c97a5-0e29-4b0c-ba30-c865a11bff73,Anne Petersen,reginamendoza@example.com,2023-12-04 14:08:42,8178151d-8896-4fc3-ac52-d891a2f410ac,Webcam,Peripherals,538,cf9ebb03-28f5-4993-9d86-8e16698b9071,2025-02-09 18:58:26,2,1076
04efc2ec-0928-4725-84a1-18c3c1bee1bc,James Miller,mary89@example.com,2020-11-14 22:03:20,4ddb4259-2c58-4405-8795-f0e8c15d92a6,Bluetooth Speaker,Accessories,1844,53b741c3-6adf-4718-9f1f-2e01b3f701b0,2024-09-21 11:30:28,2,3688
fac07215-48d7-42ee-a77b-a6dfd7102a5e,Leslie Edwards,rarnold@example.net,2024-10-26 14:52:31,29baff10-ea44-4c6d-b7da-17ea7e49e92d,USB Flash Drive,Accessories,1269,0d321d89-b2ae-49be-97c5-8353c78a8da7,2025-01-10 01:24:54,4,5076
ceeeb12c-6596-4a0b-b9f4-0316e71f3769,Danielle Harris,zbanks@example.com,2023-11-26 10:15:08,999765d2-df37-4473-91dd-8a3415130610,Headphones,Computers,1982,2e1c7470-1a4c-44f5-a127-47ab4e0222f8,2025-02-11 07:42:39,3,5946
ba3a789a-d137-462b-8daa-e62a3b0cd357,Jonathan Fisher,pmorrow@example.org,2022-09-28 14:56:34,3325b24e-b1ba-402b-8ee1-d6957bb95eff,SSD,Electronics,693,1922dfa5-b9e4-4506-b20d-8822dc7d1283,2022-11-03 20:29:41,2,1386
79455891-b5e7-4897-b57e-0bc405e4fe8b,Bianca Newman,adamspatrick@example.net,2023-06-21 13:09:43,2d2dc065-f16f-4cbe-8bd4-a9799f8b932e,Keyboard,PC Components,1110,4ea604d3-0f1e-47e3-82eb-e4bef1e929ad,2023-11-07 09:51:03,3,3330
5d376f6b-fb08-4b9b-a7df-3ccbb366f203,Cynthia Deleon,scottwalsh@example.com,2025-01-02 08:11:08,11988239-bfa6-44e5-9fcc-65d3a79225b7,Bluetooth Speaker,Wearables,1750,c6cdc9f4-ef96-4671-a920-e08e71c61cd3,2025-01-08 20:16:37,2,3500
10f0323f-5861-434b-95df-5d5fc86ece1d,Sheryl Franklin,bellteresa@example.org,2020-04-14 19:32:09,119ee148-ca64-4b13-9537-aa47d01c51b4,Router,Photography,56,9be8a0f5-ad45-41eb-bd99-59ffc784b8a9,2023-10-05 20:35:09,1,56
b5f479d2-9748-4bbb-a933-73f36ffff5ea,Craig Miller,william36@example.com,2023-11-01 18:02:57,2b0d14b4-c12c-4094-8468-00aec65528aa,Keyboard,Peripherals,944,7c57bed1-07b0-4f14-b9a3-afee23a2d9e4,2024-09-09 10:36:33,3,2832
1ff74292-4c96-419b-8912-330e94f56ce8,Matthew Terrell Jr.,nathan41@example.com,2024-02-22 16:33:48,427a55ff-2d7b-4ff2-be9e-88891fbb41ca,Bluetooth Speaker,PC Components,68,fa235133-b10a-40a6-9d54-18f88039b463,2024-04-18 18:11:15,5,340
b920f2fa-f226-4e44-a21b-992505997607,Gregory Taylor,kerrashley@example.org,2021-08-18 12:36:03,a576cd63-77fc-4d1e-8052-c8eacac928ff,Modem,PC Components,525,58ceb422-3d5f-405e-aa59-b6168ca8d01e,2022-05-15 13:34:06,3,1575
9a0865de-63d9-49ed-9dfe-6be3f2e6c0ae,Brianna Murray,floresjennifer@example.org,2021-03-30 12:24:03,7855483d-e4b3-4d0a-b29b-c45c6eaa38d6,Router,Audio,504,98a6f7e3-49d8-48c8-9199-2e147cd9fb50,2022-12-22 21:46:34,4,2016
2298de91-64b3-4729-9aa8-44935c4f929c,Becky Gill,thomas88@example.org,2022-06-03 06:06:37,770db67a-b2ae-4ebc-a998-d645fe0ece14,Smartphone,Electronics,1312,05c32a5f-0357-4714-8da3-5bbfe5d6db84,2024-08-06 00:17:02,5,6560
2cc89c24-809b-466b-9216-f23b892b725b,Barbara Cummings,zbrock@example.org,2024-04-23 21:46:30,3b044c80-1053-45b7-b031-f9697428407f,Tablet,PC Components,436,60e1e769-be41-4ca2-a238-a2ba470c78c0,2024-05-08 22:45:29,5,2180
fa646801-072e-4af8-9c5f-caa70ae8266f,John Lopez,william31@example.com,2022-04-12 06:05:23,59235b78-f105-49bb-a5b2-97b5bea84564,Webcam,Gaming,1085,73223952-971f-4042-b5bd-54956a258f5d,2023-12-18 05:33:16,2,2170
06f73654-ac12-4506-8fae-b813d0154bfd,John Bautista,hthompson@example.org,2024-06-22 17:29:08,1c1ddc70-2c75-4b97-9cd3-1b6b7482fc23,Modem,Networking,446,bb42f99f-b100-4c2b-8947-f7c66f1dc38c,2024-08-24 14:51:56,3,1338
48e24582-cd59-46b4-ac54-8bc0aad4b967,Stephanie Silva,riveradouglas@example.com,2024-04-13 18:01:38,6ab9febc-e548-496d-b2da-052239a8e925,Network Switch,Photography,1064,b772c577-d068-4329-be82-7c80f91d135d,2024-05-07 13:45:27,5,5320
0d4604b6-ee73-44ff-9cdb-a8f02c3a14c2,Justin Newman,lindamontgomery@example.org,2025-01-19 15:08:32,b93d4f02-ff1a-4fcd-97ff-600995459ff3,Printer,Accessories,444,24069271-6e1f-48df-ad35-195aa42d5943,2025-01-23 16:16:16,5,2220
7672f292-239b-428b-8389-e0adaa1b0b00,David Tucker,dsmall@example.org,2025-02-01 13:05:36,1117c98d-698c-40f8-b94f-589e7873ef6f,Microphone,PC Components,270,65fef1dd-14ca-4897-bd61-37ce3d552db4,2025-02-22 10:36:31,1,270
a5ed521a-a46f-4e55-ad79-6cbd175a9bea,Kimberly Wood,jodi90@example.org,2020-10-29 23:31:26,ccce22a8-b0da-4513-931c-489b81b17a1f,Microphone,Networking,1251,c042596f-3c04-46a2-9ac2-aa2dc9875070,2022-10-24 02:34:54,5,6255
a7b3ac54-517c-4756-958b-3f611eb2b722,Lauren Hurst,elliottpaul@example.com,2024-12-14 08:05:11,a872eafb-7b6d-430f-800c-3ccc49f1e1ac,Keyboard,Accessories,1106,6f413160-8455-4285-a917-cfa719600d9e,2025-02-06 04:00:51,3,3318
75dc9aa9-76e5-4159-bfc6-00bbb9a993a0,Shannon Stafford,fordkevin@example.org,2024-01-31 07:59:08,626f9a33-b361-4ea2-96cb-1dd5b2817f98,External Hard Drive,Photography,1777,7ce30b4c-c964-4ada-bbc9-1d11ae58788f,2024-05-08 08:34:52,3,5331
07c87768-5b24-4814-8ee8-4eccc4a2247c,Julia Duran,jonesmichael@example.org,2024-09-23 13:17:39,d864b991-6cc2-4da9-ad60-385202d66695,Monitor,Wearables,773,808aa0fa-f0de-4c18-a8f2-f01895034b9d,2024-11-14 15:55:57,3,2319
ef6d1b42-cf18-46ed-a32e-9443faaa85c1,Linda Kidd,kathryndavis@example.net,2020-05-31 19:53:48,a5037d7e-8294-458c-80b9-d7f47f3c8385,Monitor,Audio,1988,022b86ae-3532-497c-8c3f-2e9270bc1212,2020-10-08 19:38:56,1,1988
db0f070e-2cfe-4655-ab49-ed543ea2fd48,Seth Nelson,lgraves@example.net,2024-06-29 18:20:48,2e1ebd98-c656-452d-8a81-52e12401ff78,Router,Electronics,1693,3adc42dd-b604-414e-aba9-eb7debf542be,2024-12-25 20:20:38,1,1693
f5068918-6073-4785-a3b7-0444d0a24bc5,Ronald Perez,johnsonpaul@example.com,2022-07-15 01:57:02,cf3bda65-2efd-464f-bc2d-d0880ba66b38,Computer Case,Audio,985,0d454f27-ac99-44ad-acf6-e7ca227b2e71,2024-11-20 00:09:21,1,985
47946eed-8375-4880-ab5f-1c8110c5c3c7,Grant Jordan,hlambert@example.com,2020-12-16 23:06:30,231645f4-834c-4678-ad09-2e6e81dab4b8,Gaming Console,Electronics,1698,b8e4b66c-12c4-40b6-81eb-2f7e08920503,2021-12-19 05:56:31,1,1698
3486fb82-1108-4bed-a303-4a5c42723cff,Chelsea Smith,combslauren@example.com,2022-10-15 02:50:18,f0bed069-6b4f-4a66-acb8-829f66cdf612,Laptop,Gaming,288,743aa80d-1b77-4341-bc7d-f43e3a937d39,2023-04-15 04:03:59,3,864
d1fff7f6-08e2-459e-b45c-6b182ca37696,Austin Clark,ryan12@example.org,2022-03-18 18:53:29,2ed5de47-d61b-49bc-87b8-374a15858c73,Computer Case,Accessories,1027,e6fe65c6-ad1c-47a8-a868-9710c1242d73,2022-08-26 12:40:45,4,4108
caee3be1-2a30-4a18-8e4e-711a5d61eeb9,Jennifer Juarez,tsantos@example.com,2023-10-31 18:13:10,39ecb29f-abaa-4b3e-b76a-5c6032d6ffef,Mouse,Peripherals,458,5cb50599-5d2f-4d87-9a28-c64939dd8f33,2024-03-24 14:59:57,3,1374
9e04a7ca-3c1e-48bd-b3c8-715cba974ddf,Christopher King,chad01@example.net,2022-07-20 04:53:19,df8766da-41d7-43c0-923f-ce7f97cf95db,Tablet,Wearables,542,6c23d85e-3709-4ad9-9f52-13f489238a44,2024-01-10 11:35:45,5,2710
f631bf2a-3022-49cb-9347-1614df141a0c,Jay Gonzalez,jsolis@example.com,2021-07-19 05:39:48,424ae992-d02c-43de-9bfb-5648a83d5a2e,Laptop,Gaming,1601,374c4767-a7fd-4855-bd49-6712962d16ad,2023-02-01 03:27:26,2,3202
18619289-886e-4c7b-814b-7364cd16d68b,Samantha Park,julie42@example.net,2020-11-02 19:43:58,0ed80331-5834-4eab-81f5-9d1d333cdfb7,Motherboard,Peripherals,420,6979d0b3-444e-443f-8c68-dd2318436724,2021-06-15 16:19:19,1,420
60d752ca-c488-4f0e-a0fe-072293a91ea7,Michelle Benton,seanlittle@example.com,2024-04-17 02:39:52,ec509a13-2405-4409-a93f-cf4a1ed5dc33,Graphics Card,Photography,37,d162ccf0-7320-44e3-8489-eb8bca693ea6,2024-05-05 04:49:01,4,148
6e3500ad-db59-438e-a835-064876739bdb,Robert Brewer,vwilliams@example.com,2020-09-28 07:43:23,2b4ff58e-f3fa-4721-94a1-bae559203920,Webcam,Networking,533,c710c763-0aab-489d-ae66-c5a8417cb2a1,2021-07-10 16:36:07,3,1599
cb8076e4-20aa-4558-934a-5c68f4e89193,David Powell,xwiggins@example.com,2023-08-06 05:59:43,41f184e5-d46c-4c7f-992e-ee284979e420,RAM,Networking,433,4b2a0481-3469-4cfb-ae27-1304bef32e3c,2024-02-16 10:46:50,3,1299
aa76578e-7ace-4cd7-97e1-854aa594f498,Carmen Donovan,collinsmark@example.org,2023-01-30 12:58:10,fa9ec3c9-8704-4a46-bad0-b0f1eabd81e2,Modem,Wearables,927,915e1a73-34ac-4df5-a34f-334c020f4316,2024-04-17 13:41:57,3,2781
fb33eb71-93c9-4ecb-8129-aa5fc2d41144,Allen Cox,bradshawmichael@example.com,2022-07-24 04:58:48,09176759-e9a6-4143-b8d6-d50085c44a99,Tripod,Gaming,1801,9201b56f-afca-46a2-8e0d-9ad68d00d5b8,2025-02-08 15:04:29,3,5403
0dd6024c-2962-4734-ba60-c06bd93cde9b,Hannah Williamson,parkerallen@example.org,2020-04-21 01:28:49,56236eda-bcfc-4be8-86b9-2320200dadba,USB Flash Drive,PC Components,1307,1332f171-0194-45f4-8808-207ada62600d,2024-03-18 03:16:06,3,3921
9b9cc556-d56c-4311-895e-696bdfa4484c,Richard Mathis,kristycarter@example.net,2021-04-22 11:43:17,958d9424-6060-49a8-b8cd-0437e1741569,Network Switch,Accessories,1170,4fbb1284-d346-4b77-832c-212c96446cfe,2023-02-08 17:04:48,1,1170
18370d45-7f3e-47ee-938c-39b0ab8a9c8e,Shaun Herrera,jesse01@example.net,2024-04-27 11:02:55,745f27c6-73ea-4c7e-8d2b-d481dd95257d,Drone,Electronics,153,7e795356-7fcf-4bd1-84b1-66f2cfdd5364,2024-10-30 16:49:07,2,306
3d4cb09c-1a67-49d8-95e7-ded8aae6ff61,John Russell,bdickerson@example.org,2020-09-26 23:04:29,f85bce24-b17a-44c0-b97f-b38544a02e1f,Keyboard,Networking,674,cb33e893-eb62-414f-9d91-8bd6eb496fa4,2022-05-27 11:52:02,3,2022
61813c5f-5d25-43ff-b1c6-414746205115,Aaron Kaufman,simmonsjack@example.org,2020-06-21 18:31:10,71101215-ab99-4ba4-b507-61d5981d7ade,SSD,Networking,1719,ad8cba8d-ccfc-4e24-9541-5ab39c089580,2024-09-28 14:57:00,1,1719
c96472af-c751-487f-83bf-021391ec766d,Joseph Hess,jamesmcdonald@example.com,2024-11-26 10:37:28,e1f93be5-17f2-475b-b867-17d8373bf339,Keyboard,Computers,1133,04b9c067-7e03-4f48-a3fa-bf03ee83d978,2025-02-08 01:24:50,2,2266
0700d5e8-4cbd-42ee-aca1-fd044dae20b2,Caitlin Lee,hannahparker@example.org,2021-08-02 00:50:38,dd02bce7-153b-47ee-83ef-7b9c33b85b15,RAM,Photography,1123,1410e90f-b208-478b-a77c-e066d9e21a11,2024-06-26 06:15:24,1,1123
9e7a63c0-5c40-415b-92ce-ba4e9f572d5f,Krista Lynn,chadsalazar@example.net,2022-09-08 19:41:50,4c3fb4c3-dedc-4286-a83c-cc8c20b275b1,Microphone,Wearables,135,46072926-513b-46ce-81e7-cbf013e39f4f,2024-12-18 13:19:35,5,675
0b78054b-177f-404f-a4e9-a985297ef0c1,Ashley Ayala,chadjohnston@example.org,2022-02-23 17:14:04,d751c323-16cd-4c3f-9677-07d186f65fb8,RAM,Electronics,1678,5f63191a-72b8-43a2-96ed-82d53a34a296,2022-05-31 10:13:28,2,3356
165caa20-62d6-4ad4-a2bb-fb7d921b222c,Marco Ward,paige37@example.com,2021-12-17 22:44:56,598fadaf-dcbf-41c0-88fb-ab0fdc4d7976,CPU,Wearables,115,f0813f65-62e5-4939-939a-5aac3c9332fc,2022-02-09 10:35:45,1,115
5f067c98-8571-4115-9b70-c7586f4ef4b5,William Robinson,george10@example.com,2020-04-16 02:19:12,2a75e24d-c53b-40ff-a7ac-27007cc14e2c,USB Flash Drive,Photography,1347,381feeb0-a927-4103-b6d0-d2f25dcdb477,2021-04-24 02:31:17,2,2694
e83cbe08-e714-4900-b6dc-0a359227b2b3,Denise Rojas,valeriefisher@example.net,2020-11-11 04:41:48,d5169a42-60d9-439e-b2da-696c29558d21,Computer Case,Gaming,1864,a57fc0cb-c6ad-4f19-b91c-532b9f35e0c6,2024-04-13 08:20:40,3,5592
63b6b43e-100c-4bb7-ba28-60c9cc4cff1e,Susan Jones,ramossheila@example.org,2023-07-25 00:19:14,c9027df4-d51d-4672-bb68-2622dc1370bd,Camera,Computers,1079,ab38b061-4a12-46a5-9bc2-33f40019c105,2024-08-16 20:08:55,2,2158
c1d75fb3-98a3-4912-9809-8f9f8f4b0fe2,Anthony Rodriguez,mary58@example.net,2020-07-31 14:27:15,5d5f9882-736d-40a9-be28-e9634a1caf01,Smartwatch,Networking,475,0f705f3e-5eb4-42e5-81e9-cae21342cd1b,2022-10-24 05:12:28,1,475
355cb7ae-5972-41cb-aeb3-73f8889a369b,Danielle Elliott,rroach@example.org,2020-08-17 04:22:41,4541ade8-d956-43c8-890e-c62b9ea4e492,Monitor,Audio,1785,b2d161c7-c68a-4818-b38d-182503c682c2,2022-09-15 23:34:48,4,7140
ad82eff1-b3ae-43df-85e7-725ab85aca1a,Gregory Coleman DDS,ymedina@example.org,2023-11-15 11:48:09,7b86604e-34fc-46e5-ae6c-4bc7b3aeacc9,CPU,Peripherals,618,2deb191c-fae4-45c4-ba9a-d518c6fb5c8b,2024-02-06 15:54:51,2,1236
3195dd0c-8c75-468a-be2f-f45e9a5dc2d9,Eric Dominguez,hansenseth@example.com,2021-03-10 15:09:26,3fb855a6-46db-44e2-97e5-6a331f1a0c37,USB Flash Drive,Photography,1602,8179fd0e-8145-4882-b551-a0617b60b865,2023-12-03 18:15:07,5,8010
35f5428d-73a8-4b1f-b3a8-72697724a7ab,Jessica Barber,lsanders@example.com,2020-08-24 12:17:40,f01b0e12-a689-46a0-84cd-85c6d1c3f17e,VR Headset,Accessories,55,58de609b-822b-4702-8b10-e7036cad70a3,2022-08-01 12:09:14,3,165
35e5d307-be38-43b7-9186-8e6dbddbc755,Morgan English,kennethgeorge@example.net,2023-11-06 12:14:26,2c6ca034-fbab-4e0d-ab75-d6561a881071,Webcam,PC Components,1246,49346795-4f9a-499f-9ba8-3826b602a61a,2024-03-16 03:24:55,5,6230
daa309af-6d6e-4b38-9c64-5ca11dc30225,Gabriel Brandt,nataliewest@example.org,2023-02-05 08:11:39,552d0f9f-d447-46f9-89b0-2aabe29451f4,Gaming Console,Photography,52,6f34f1fa-78ed-4d3e-8914-b7d618c1b097,2023-05-03 17:49:38,3,156
6b84dc0a-8c83-4de2-a9d1-2f8f9c7f07fc,Robert Freeman,padams@example.com,2022-02-13 20:30:58,831cb759-c9c9-4a27-9bce-5422024b7b94,RAM,PC Components,312,85a57b05-44ab-4a25-893e-4b3049ba9055,2023-02-06 00:51:48,4,1248
3effe793-eb2e-4320-829f-ded4a5ae5168,Michael Mills,jessica90@example.net,2022-06-21 08:01:37,aa703d83-aebd-4572-b159-0b9be4c35b7b,External Hard Drive,Gaming,571,ecfbc094-f790-41c6-b4b5-a3b4afa4752a,2024-12-16 03:11:24,5,2855
b30f2317-5838-4e38-bc99-46868cdd4b05,John Beasley,lawrencerachel@example.org,2022-03-17 10:47:22,2f532272-1c05-4e68-94a1-db81618434fb,Network Switch,Audio,1968,ea255af5-abd1-4d06-8ec9-036aa9f574c7,2022-10-20 23:45:00,4,7872
fdf6217c-6779-4fdc-b2dc-fae9038ff3cb,Brandon Mckee,patelvanessa@example.org,2024-05-23 22:37:59,0a0d7c05-628f-4f5b-9d58-e7a12f10de3a,Charger,Networking,667,2650dbe8-4177-4fcb-bda6-a4dd9d0a1ef5,2024-11-06 21:52:11,4,2668
5e647d90-8505-432c-9489-07f1b2076e13,Cheryl Brown,tjohnson@example.org,2022-02-14 02:54:08,626095af-9a97-4aff-9c8c-14efa0d31e0b,Router,Networking,776,532dea30-4a2e-4897-a346-38e4dd45dae7,2023-09-30 16:52:39,1,776
517225cf-a73a-4272-9479-afc077e3468f,Jasmine Robinson,gallen@example.com,2020-12-17 13:13:17,424d24d4-f6bf-4b18-a42b-88e8719e61e4,Smartphone,Wearables,478,54ffb8bd-ae68-4a5e-95ad-a7d3fe6211f2,2021-03-26 07:36:44,5,2390
c8cdfe19-2c4c-4801-88c9-a32936b40a9d,Alexandra Fleming,bryanburke@example.com,2024-10-09 04:51:29,a64a9708-e56a-4a1b-ac78-ee0caee95394,Webcam,Peripherals,489,1d229b57-d197-40a9-9461-350c075f188d,2024-11-02 00:26:33,4,1956
c551557e-6b29-447f-b330-f8f2937ddbe9,Jeremy Mercer,juliajohnson@example.net,2020-05-06 11:03:12,b796e019-b9bd-4722-848b-3f236ad7f96c,Camera,Gaming,197,26bc4ae4-b7cb-4c08-ac5b-d5eb74f4e3e4,2022-01-02 02:28:10,1,197
53de0124-f611-4f04-8f3f-220fb6be1fc6,Michael Lee,amberadams@example.net,2022-05-23 13:32:54,a053b139-495a-49bc-a2e4-b05e32f3aaa6,Power Supply,Wearables,228,0d473986-02c7-4ca4-bc8d-4b642389b61d,2022-11-27 08:39:25,3,684
f012ced7-fc65-419e-a0a8-1566ee16ae50,Linda Howard,ruth45@example.net,2022-12-23 21:24:41,437845d8-ca73-4e35-9ea5-5c18bda4a829,Headphones,Photography,1044,aef60f05-aaf0-4f76-988f-5aadeb70c02f,2023-05-03 16:19:19,1,1044
020ed0df-3d01-4235-9b16-f21097805708,Michael Tucker,bryankaren@example.com,2021-10-26 06:23:50,c9a9c7bc-13fd-42f8-8ce4-701fe6be7071,Charger,Electronics,1467,7fab382e-363e-4fff-843f-bb1d7e55eab9,2024-03-27 22:46:28,2,2934
4d795215-25af-4df4-8df4-35c48973a792,Katherine Smith,stephenhamilton@example.org,2022-10-20 07:56:55,fcc71cfe-931d-431c-ba35-d3042d40041d,Router,Peripherals,985,e3716df0-9b66-4939-8e94-2ccf134939a3,2024-11-11 07:11:13,3,2955
8a7498cb-f671-4700-a74f-860e38fbfdef,Roy Weber,dominguezdennis@example.com,2023-10-08 13:00:06,4d65b252-a0f6-4fac-a552-a52928845b3f,Microphone,Electronics,923,abb922de-8e2d-408d-aedc-b763bf5930be,2024-11-22 20:17:53,5,4615
d10279ea-feab-428b-a32c-ac17d319c6f9,Lawrence Warren,xcoleman@example.net,2024-08-06 21:47:48,c04d9f23-465e-4da8-9e31-c7f3242b7566,Tablet,Audio,1834,b9ef700a-ed31-489c-8462-fc4b9ace138c,2025-01-20 12:29:48,4,7336
18f50540-b48a-4a4e-98c1-2be531b3b091,Terri Nelson,heatherhaley@example.net,2024-12-20 02:21:46,5103765c-5f8d-4355-ad8a-c48690f7c1a4,Power Supply,Wearables,1049,1b7279ff-f9e6-4025-86e5-f7b8dfcdda9f,2025-01-11 13:47:37,5,5245
1df6bd36-8e07-4ff4-af51-694f03106e06,Mackenzie Evans,braunandrew@example.com,2020-04-25 19:27:20,19075395-8899-4577-8175-f727bfea919b,Monitor,Accessories,1902,cead6102-be4e-430a-a917-3e57b6019c55,2021-05-17 15:36:10,1,1902
ca9b0c4d-e067-46b2-9ed3-c35463323f20,Robert Harrison,matthew49@example.com,2020-07-18 09:45:41,465257d8-1881-470c-82af-44e4a6db6bd5,Headphones,Accessories,1652,3f3e5e5c-80d5-4390-b9cf-bd4c318e6679,2024-12-09 07:07:17,5,8260
13daa5e0-85dc-4846-bfb0-10a2766b8dbf,Lawrence Snyder,deanjames@example.net,2023-05-06 23:59:04,e1e2dc96-8b21-4a28-85e7-386bc07c6b18,Drone,Computers,1129,bf0fcdcb-d704-403a-8a77-3a96e0d10a3f,2025-02-23 01:00:37,4,4516
7db8222c-ddbd-451c-9846-3c9ca54e2051,George Parker,mark49@example.org,2023-04-03 06:55:00,3d2d0ec1-d853-480f-8654-b6373b8f9812,SSD,Computers,839,e1619c59-cf5d-4497-a379-0daf3fba5cb0,2024-06-17 23:22:44,3,2517
c2334177-5d97-4f39-a297-e0cc2a45b7d8,Robin Henson,luisbrown@example.net,2021-02-14 05:10:56,5e5a15f1-adec-41fb-8a83-c073e5d2b234,Camera,Networking,1466,09f4ec8b-5837-4b3b-8de2-656af17c585b,2024-01-26 12:49:03,2,2932
67cc12c7-8dea-49a1-9692-65050948c207,Erin Holmes,vflores@example.com,2025-02-03 04:56:29,b483402a-dc79-487d-a945-ef5a8708fb7c,USB Flash Drive,Peripherals,1952,5b2a8d32-26dc-464d-b0d0-c9fdc3a2dae0,2025-02-11 03:49:12,1,1952
4d0cb841-b58f-46de-b48e-5c2e4aff9daa,Chelsey Espinoza,andersonharry@example.com,2023-04-17 14:00:31,d9907520-288e-45e9-889a-7c59222f6eae,External Hard Drive,Computers,1486,83d4227b-3888-4fb1-b59a-821a6c66bf81,2023-06-21 14:14:34,4,5944
e85c9929-453a-48de-94ac-b05c7e095da0,Jaime Ramos,yjordan@example.com,2020-12-05 08:30:27,b4c7f71a-3f7c-4c72-9c01-44460e90e425,Gaming Console,Gaming,567,d8d8f000-dae5-4658-88a8-5194a308b371,2023-05-18 10:45:39,5,2835
588b664e-c4cd-4d0f-9b4e-4966dd2ad4c2,Tommy House,michael92@example.com,2024-09-27 05:02:46,e6c95db2-e4d0-4cb5-a6e4-02ea1dd2f603,Graphics Card,Wearables,1827,aebcc1be-a7dc-4c7b-99fa-de94063a4dd6,2025-02-15 22:29:57,4,7308
1b75543c-e371-4c41-9f2c-99dd86d80ead,Catherine Hall,unelson@example.com,2020-05-13 12:12:38,5a9cd466-ba91-4988-9978-986d5e6ef614,Motherboard,Networking,752,460736be-b25a-4119-b667-c4d30d99ef4a,2023-09-21 11:40:01,1,752
6d45e06c-6701-4ec2-87fc-39327c2da6db,Andrew Davis,jason99@example.net,2024-05-08 23:38:51,113e22f5-1295-4e13-8091-ac82d50f6710,Smartphone,Wearables,897,66a495f8-2299-4fbe-89cb-9c770403399f,2024-08-12 11:09:51,4,3588
4be6f7b5-be22-4cdf-8492-2924469ecbd4,Deanna Turner,julie42@example.net,2023-02-27 03:28:44,e29ae2a3-8715-4ef4-a1f8-1d37a646df0d,Camera,Photography,1408,7af922c4-5107-4842-a474-1b3e727bd67a,2023-06-12 11:18:24,3,4224
3fa529d1-f7f7-4f51-a127-977e2920a0da,Christopher Jackson,williamanderson@example.com,2024-07-13 09:18:54,a959212e-ed34-44a3-9611-f72ab378a06a,Microphone,Wearables,393,9f24a5e2-f954-4e08-b241-94b462c8ccad,2024-10-29 18:41:02,1,393
8e369f39-e1fd-4a69-8e48-94f4d50b0b59,Brittany Skinner,robert09@example.com,2022-10-21 02:06:49,21fa5ce8-f813-4b04-91b6-d70a5d30d225,Bluetooth Speaker,Electronics,1340,7c4dedda-fa18-43af-8d4b-e5598942303f,2022-12-13 05:56:01,2,2680
d3ccbb38-c8a8-4605-9cb3-e9dd3f84dc50,Emily Sims,dennisbarker@example.com,2021-10-05 15:51:28,b29830fe-5c63-45f0-b4e0-49956b92e20c,Charger,Gaming,1034,f8cfa9bc-243d-44a3-8d0d-4fd22cad14d4,2021-10-24 20:43:10,2,2068
619ac029-4024-42c1-821d-d03208da0f40,Laura Reeves,murraycorey@example.com,2024-02-26 02:22:45,2d3a8334-e94c-4fd3-95da-f8be061a9e77,Bluetooth Speaker,Accessories,1812,2eb4b85f-a6ad-4cee-ab06-1995515ab72d,2024-06-02 17:19:11,4,7248
8fb9175f-774d-4e8f-985d-1bba5d94cb3a,Victoria Torres,kristinproctor@example.net,2021-02-03 00:45:37,800cc37b-daf6-470d-a4f0-70dc896d14d8,RAM,Peripherals,88,b452a807-1543-431e-8773-451fdea7b940,2022-10-25 21:09:37,5,440
11637728-d3a4-42ff-8d01-c13b103f4b43,Joseph Hicks,sandra03@example.com,2020-11-07 02:39:53,7f3355fe-1bca-4312-8995-704657631dad,USB Flash Drive,Wearables,319,b8c4386e-9436-49cc-af75-9d63b890e3e6,2023-05-27 22:07:12,3,957
e85642d4-6da8-4fb6-ac4a-755ad07fcf4a,Carla Small,barrynancy@example.org,2024-12-07 23:07:14,8276e18f-d4b0-49a6-a535-7c7f4bdd7954,Smartphone,Wearables,684,de723dcd-86a6-4c5d-aca6-99abbf86c194,2025-01-14 19:10:03,5,3420
91fdf57d-807e-4631-8c6b-dd6a2d420696,Patricia Anderson,jacqueline72@example.com,2024-05-17 10:00:57,bbea61ef-85bd-4a9f-ad7f-565b42fbe0b9,Motherboard,Photography,665,cc37676b-25d0-4031-b763-8e40ba149e75,2024-07-25 17:53:44,5,3325
cf300323-590d-4372-8c24-3b50f60b1b3f,Anthony Griffith,folson@example.com,2022-06-23 17:19:33,84dc48ed-bec7-4f63-af11-f0f23430def5,Tablet,Wearables,1683,a2a26019-a195-4efb-8450-158512194d00,2023-07-28 15:33:07,1,1683
5fee7a94-bf96-43d6-b720-8312ffa29b3e,Logan Gomez,rebecca82@example.net,2020-05-13 20:52:16,f8212126-66f1-451f-8bae-c544ad0ca71a,Computer Case,Gaming,1295,6a06000b-6ffa-4582-95eb-7837d23fc736,2023-08-05 00:15:21,1,1295
b2f1bacc-5cf2-42c5-9a68-85e5753de655,Michelle Sparks,perkinsryan@example.org,2023-03-20 03:51:19,6183645f-0a82-43ce-a133-9e7874ae8332,CPU,Wearables,1933,1d774e32-1b13-4a08-b005-c086bb7759cb,2025-02-17 14:13:52,5,9665
e197414e-ebcd-4455-8d99-7c91b08cb4f2,Christopher Johnson,slawson@example.com,2021-11-12 03:59:43,6a99caec-b00d-42ce-9683-810d275231f6,Mouse,Accessories,1295,7f18d59b-f9e1-42f4-808e-2920b9b534f4,2021-12-12 04:17:03,5,6475
296c1e74-6678-4f0c-a665-a57a0dd3cce1,Kathryn Cooper,pottsstephanie@example.com,2021-06-21 13:22:12,23b32aee-cbbc-4dbb-9591-648b407c0325,Keyboard,PC Components,999,8ceed5e1-6d8d-41fc-8fa8-376223639be3,2024-04-10 19:19:41,4,3996
42dfb170-10cf-47ba-a174-1aa231d5c536,Thomas Lopez,sward@example.net,2025-02-10 23:32:17,c3c7d3bc-6754-437e-9da5-afcb92a264e7,Smartphone,Computers,800,876ad6d1-0dda-4c70-8a0d-2ba0c51c4871,2025-02-21 19:26:59,1,800
8c612c72-0f20-4caa-8749-daffff63d6cc,Megan Montgomery,idean@example.org,2022-10-14 14:50:13,a4a6b9e4-32fa-411c-91e0-d146ede41b3d,Headphones,Computers,323,2887e46d-0ed5-48a0-9588-e3c0fd282a9c,2022-12-20 22:30:05,3,969
4fd7d2e5-3fc1-4b92-b90b-17c2ba86c362,Karen Thompson,patrick53@example.com,2021-12-23 12:31:00,227aeabf-5ea1-4cb9-8607-67e7d6485c5f,Tripod,PC Components,1966,6c7c20c6-c190-4b03-bc4d-c6b2816e6524,2023-11-01 22:12:58,5,9830
9245b8e9-7e0c-4ed8-a132-d91ed78ac10a,Pamela Rowland,charles32@example.net,2022-10-21 03:58:11,093f77bb-18f1-4dcb-8010-0c35a33ca3a6,Fitness Tracker,Networking,902,7e91d252-f28e-45aa-907b-c0fec8932a38,2023-07-17 22:26:06,1,902
2239a731-3f29-4f09-90e6-888b990a23e7,Ashley Greene,turnerbrandon@example.org,2022-08-25 06:14:20,fe30e367-492f-4704-89bb-3ea5590b0094,Charger,Electronics,1316,4cbe07d9-79bf-47d5-9a84-97f50e22f413,2022-12-26 01:28:08,1,1316
0b0eb06e-7567-4236-b9ba-06d11feb0830,Nicholas Ford,martinezmegan@example.org,2023-06-14 01:05:08,3a063c6b-c58a-433c-bdab-692571a1e3af,Microphone,Gaming,1248,770fc79b-a57d-4d5e-990e-235dd78cd0f2,2024-09-16 00:10:51,5,6240
a9a2cec2-16f2-4dfe-9ac2-6a3ea41f853e,Craig Richards,jchandler@example.net,2023-06-04 03:56:54,04d1c020-ac64-4732-88b0-f17406e2e160,Laptop,Computers,33,5536b234-8a0a-468c-b401-7046a3102562,2023-09-23 12:50:05,2,66
f37ce2cb-48ab-4e44-877c-48060af42e1a,Ashley Brown,rjohnson@example.org,2023-12-10 11:34:59,e9fd1288-d9ba-4499-91ac-10ee6d7118ec,Router,Electronics,1375,dd9117af-902c-4825-a262-eff80f8ea2f1,2024-07-19 04:03:22,3,4125
c7c886c1-848c-49d4-bc51-5bfe83cedfdd,Christine Caldwell,jeffrey87@example.net,2020-05-12 20:17:33,617406d7-3f01-4e19-bb83-9e04b4b44091,Mouse,Gaming,1556,dce69737-f493-4b3c-9f18-badbc05f12f3,2021-05-14 14:28:56,5,7780
493e9d6a-7166-43df-af03-c00ce63d6387,Christopher Wright,walkerdavid@example.net,2023-07-15 06:54:19,a70dd2ff-e0de-4224-ba38-72b6562dcb8d,Scanner,Wearables,1066,c543ee95-5e60-4351-9331-214844984446,2024-12-01 09:50:44,1,1066
179a0f18-519a-4ecf-b77b-f00ea18ad111,David Mosley,trobinson@example.com,2023-02-21 03:37:23,35675b12-3af2-407a-89e0-69186da51434,Laptop,Accessories,518,438e088a-30b0-464e-b45e-31078be7d494,2024-02-07 09:20:11,4,2072
f146780b-14a5-4f94-ae2d-345b25adbc36,Carolyn Reid,jocelyn50@example.org,2025-02-03 11:48:13,f5367e42-f971-421e-88e6-b1e11173d0b2,Headphones,Photography,1163,e294d406-bda2-4a9c-8a94-2a226ee75595,2025-02-19 19:07:33,2,2326
4b4e3e80-9bc8-4b64-8693-4d9dd8477cc1,Kathryn Estes,marierobinson@example.net,2024-10-26 23:30:06,3abb61f2-ea90-42f6-a9bd-7ddbc1853992,Modem,Peripherals,629,aaa1b97a-0e18-40c7-a001-4dfa4211fa92,2024-12-09 23:57:47,4,2516
2410f1ed-32f5-4a97-ba04-f83efeed2d1c,Brett Armstrong,sara40@example.net,2024-09-21 01:47:37,6e43fb08-239e-45f8-8d5c-e7425e1a55b7,VR Headset,Wearables,864,01462ae1-1125-4623-9a48-54f02fde29a9,2024-10-23 20:47:30,4,3456
93409877-92a8-4c94-a509-00109c0342f4,Steven Stevens,mmoore@example.net,2025-02-15 23:28:42,adeefa2f-a79e-4e1d-9259-0a8aa35dfb07,Charger,Photography,378,875c3e7b-3f29-447d-9cd8-afc60c77ed6d,2025-02-20 16:43:57,4,1512
a5334d9d-a57d-4993-825e-8a7b9c79f2ce,Michael Dougherty,matthew24@example.com,2020-03-21 02:18:56,ea1780de-4e34-430d-b69d-a6b340e6f735,Laptop,Electronics,576,62aec465-f4d9-4931-914b-d04b3d053deb,2020-08-14 04:33:34,4,2304
9dd42d3a-2057-4ff5-87d0-6f8fbbadede3,Nancy Watts,molinachristina@example.net,2021-10-12 16:41:10,d64c50f9-384f-4870-9d72-3c8f2156f59b,Fitness Tracker,Electronics,657,a98c3d31-302c-4cc7-a509-4f9b143ffa48,2023-12-17 18:57:28,1,657
6faff84e-594c-419d-96b2-3b79d7c5a96a,Madison Carter,lyonsdeborah@example.com,2020-08-08 21:17:11,1798353d-554b-4239-803c-0d040c2e010a,Camera,PC Components,1419,b2afc95c-a5f5-41ae-8a4f-7f5b11f4fbdf,2021-04-02 16:38:54,1,1419
43f188a3-1a09-436b-9b4d-b6ea2971f67d,Kathryn Flynn,kathryn12@example.net,2020-09-16 03:46:48,091ae46c-a7ea-4f0c-8ab8-c6a8ca5a45b8,VR Headset,Accessories,381,0e8472b5-5c8c-44ad-b538-f0e7f7ee32c0,2022-04-04 12:22:57,3,1143
8aef2ce3-5200-49de-a903-803d91c0bc47,Lisa Mata,lejohnny@example.net,2021-08-15 23:25:49,4531bb90-2d12-4047-89c2-d084977fc66a,Tripod,PC Components,1327,f24c0b2a-5c01-4c80-998d-b1c6cffc8a55,2023-01-23 01:34:31,3,3981
78ff914f-799c-448b-b81b-648a0ef04219,Rose Lopez,robertsashley@example.net,2020-05-09 16:40:36,efea6fea-47cc-4d91-abb9-efa792cdea2c,Tripod,PC Components,1065,28508786-dd88-46c1-b8f9-f42740d0cc20,2025-01-09 19:10:26,1,1065
00638ec8-2d6a-437e-8764-b8fabb9f9239,Tom Holmes,wsmith@example.com,2021-11-23 11:22:45,4cd4dac5-e364-42e1-9ed6-2abbaadc56b4,Modem,Networking,1585,88699064-3702-4507-98fb-845b45ab33d5,2024-01-07 10:12:34,1,1585
d8ef7b83-c9a8-43d8-b23e-0b051cb496b1,Heather Roberts,weavermisty@example.org,2023-03-28 04:23:34,38450efc-5193-4128-a7f3-c922d8b0dac9,External Hard Drive,Electronics,1998,5e772dbd-de2e-48cb-bc8f-ac5ed632c80f,2023-07-19 00:35:02,3,5994
6dd450ca-76cd-4e9d-a1a8-13da509e7ccb,Daniel Rodriguez,igutierrez@example.net,2021-12-11 07:20:21,b1122787-d793-4197-be51-0f02f4df67df,Camera,Audio,1408,764f1101-21ca-4a7c-9498-891fa68d7f00,2024-12-03 16:24:23,3,4224
b005c758-475b-49b3-ac3d-494443fad3fd,Craig Wilson,wdavis@example.net,2023-06-18 04:45:04,1b6d3eea-f9b4-4ec1-8a79-49fa89a34151,Monitor,Wearables,976,1db1c78b-39b5-421c-b3d8-f3b84d17bec9,2024-07-15 12:15:45,2,1952
8a866606-1214-423e-b8f1-613fd21f1ef4,Whitney Carr,josefoster@example.com,2022-11-23 12:28:47,7d71889f-dafe-48d1-9eee-55c4c068e40d,Modem,Computers,516,2c28a463-8b41-499e-8b74-8edc2c93032d,2023-09-11 17:56:41,5,2580
6658524b-3f97-48a5-976a-723a9b0e7086,Michael Phillips,williamjones@example.net,2020-08-24 13:23:05,481a28a8-2a8e-474a-9d11-3513fbba8053,Tripod,Audio,1623,2d3af68e-cc06-4f7c-ac5f-82cdf8e16f5e,2022-07-05 23:34:05,2,3246
80edbd85-61dc-44e9-9b4b-b6a08f807553,Michelle Dalton,williamschristopher@example.org,2022-07-14 22:48:18,d57a2855-c940-4a55-a128-af296e7d6b96,Bluetooth Speaker,PC Components,1514,b7ecd06b-0f18-48e7-96a5-de38ee5b6a7c,2024-09-21 04:00:27,5,7570
72b71242-89f0-425d-bb91-79e9125d0e1a,Daniel Campbell,jennifermiller@example.net,2021-06-01 18:59:18,a98864cc-1465-471a-8133-615067cd48a8,Tablet,Accessories,803,6b3f7725-4791-4211-b8e3-e655de9fb014,2024-10-14 22:19:03,2,1606
aea88e19-b588-40d5-a5ea-9344377d2001,Michael Gordon,smithmelissa@example.net,2025-02-04 02:25:06,b996fe83-4147-4965-8d96-9854c4aadec7,Router,Audio,1624,577d860e-ba63-4369-a27e-b4d7352ea894,2025-02-05 09:20:35,1,1624
294c597c-aa32-4f20-8163-1a358abef632,Patrick Allen,odomjames@example.com,2021-08-02 01:51:45,d651f5de-11e6-4b0f-a966-f5aa3f9d4764,Graphics Card,Wearables,176,1d71344f-5a69-4898-b39f-3e0b643eaba5,2023-12-11 10:07:05,2,352
3c76561f-42f6-4f37-a9b8-7e3480574508,Mrs. Meghan Reynolds,ydavis@example.net,2024-07-23 22:52:12,26f5ca94-4291-4752-ae9a-71fbd260ee9e,CPU,Accessories,1199,8d2e0209-164a-46a0-9ef5-ee414052c60c,2024-09-05 21:32:32,1,1199
ad7fbbcb-8be1-4409-a266-90d8c155ac8e,Caitlin Frost,brownaaron@example.net,2023-09-11 07:21:19,d4eb55fe-5eaa-4bdf-812a-92a48ef2f8e2,USB Flash Drive,Wearables,1141,fd8d36ba-d526-4ed4-849b-9789ce2966f0,2025-02-08 22:53:09,5,5705
5bd81d3f-4196-4591-9c7d-1de12eee7934,Rachel Carpenter,brianpalmer@example.com,2020-07-23 07:52:25,a39cea78-787f-4db0-85a4-be545bddfed9,Webcam,Photography,464,31ee1b1f-156f-4234-a48d-5849493e3229,2022-03-09 14:58:30,1,464
d9f3bcd7-38ee-4bf3-81a7-30eaa8447d0b,Nancy Sanchez,emilyblack@example.com,2020-10-25 16:53:09,3ebb1bf9-1fca-4e56-b221-59f066784a0e,Smartwatch,PC Components,1238,5763f618-e5fc-4931-887a-3b5ba8337429,2021-02-13 00:03:03,1,1238
20567c12-233a-4683-87c0-51fe611eed84,Emily Mcdaniel,hilldavid@example.net,2023-03-11 03:12:15,28a63538-42f2-4277-a335-101056d052db,Power Supply,Wearables,1960,e179e354-7d47-48c0-b999-245bd2e4ba5e,2024-11-22 12:26:19,1,1960
dde21164-474c-4be1-b45d-45c8f23efe94,Shelby Walls,thomas38@example.org,2020-08-10 19:38:09,bc692341-af0e-40b9-a163-12276fe41dcf,Computer Case,Networking,696,91dc023d-221b-4fac-a739-4df2721efb68,2023-01-18 20:54:22,1,696
6873a231-738e-46fc-a165-cd02a9bce8e5,Jordan Lee,walkershawn@example.net,2022-09-29 16:28:15,97a39e0c-771e-42df-a772-21e10d0ae71b,Smartwatch,Peripherals,1606,fa15241c-378d-4fac-bdfa-c3e734c20833,2023-07-24 19:35:35,3,4818
c2e51643-9ca7-47da-bb46-0442572b679a,Theresa Nicholson,phamchristopher@example.org,2022-09-28 23:31:27,fcf542da-61e2-46c1-8ba2-19b6e28522fe,RAM,Accessories,1104,636e6c7e-a6f2-4456-9b89-56fc95064591,2024-03-13 23:40:50,2,2208
30f85c0a-ee2b-45da-832a-e88abd64dded,Jessica Harper,justin66@example.net,2020-08-15 09:37:52,c6fcd7b3-878b-458d-bd2e-2b3a2536d81f,Power Supply,Electronics,1392,7b02c6d7-e28c-4772-862c-107dfae5eb2a,2021-10-20 15:42:56,5,6960
e97c41e1-2809-4272-9747-2f06218511de,Joe Ramsey,amber52@example.net,2020-10-29 16:00:22,1731838b-8a51-4bc0-9d01-6b38179a1a4d,Drone,Gaming,1199,cec84422-7f57-400b-ad87-9d1fbc3c025f,2021-02-03 11:54:52,3,3597
0ca8e575-f932-41cd-af87-21bd7ad910aa,Kim Thompson,williamcole@example.net,2022-02-19 13:10:13,3e8594fd-f70f-4b69-bbc1-9dc452bfca66,Network Switch,Networking,739,60e22f2e-fb2c-495f-afcc-9b4a6d3e4590,2023-12-20 00:34:03,4,2956
74d7377f-7c6f-42ea-ab5c-ccbfcfbed065,Richard Edwards,frodriguez@example.com,2023-06-19 13:42:44,166898cb-e307-4a6a-b41e-8a3f48eb2543,Gaming Console,Audio,492,d9e180ba-8a79-4369-9672-de80e9bd0101,2024-07-06 23:07:18,4,1968
35e15729-3085-4149-bfb8-d124be3c5fc0,Carrie Schmidt,aarongarcia@example.com,2020-04-18 17:03:30,051dc21e-55dc-4f6d-96ca-c9b725a77d80,Microphone,Gaming,896,f63358b0-fe9b-4284-a2b7-9abfd4acc5ba,2023-02-25 11:33:43,2,1792
bb6276d7-950e-4ad9-95d3-8baefb2c1660,Tabitha Garza,leewyatt@example.com,2022-09-10 08:06:28,4b48e365-1f56-4adb-8674-e4930beac187,Scanner,Networking,1121,85bb5a3f-12b2-4767-bdf0-c95ebbba84f7,2023-07-25 21:35:17,4,4484
e0f18837-63b8-4dbb-8939-4f64ffc76f47,Courtney Thomas,kylecollins@example.org,2021-09-19 11:12:40,afbbd431-dea5-4a3f-9ae1-42a71f687ab1,Tablet,Gaming,1000,a5967cf1-65f0-4bd1-823d-cd846657504f,2022-12-14 19:35:49,5,5000
e81629ab-d58b-4b5a-95f7-49794881cc95,Jason Webb,garciamark@example.org,2024-02-19 08:27:01,922d4aca-2128-493a-8a49-3de9dd96b5c4,Drone,PC Components,1821,7a0d0cd2-a1fd-480d-a762-c710bcdee5b8,2024-07-18 15:55:56,4,7284
f28f90ce-e264-4cce-b2eb-a1c78d983130,Ryan Hinton,benjamin11@example.org,2021-05-09 04:58:47,c4a83cef-b6c7-4332-b48b-25b53673e5af,Camera,Photography,644,6015d973-b7d8-46ad-8d57-a3edde4502f3,2024-09-04 22:40:26,3,1932
0bf4c80d-2b62-4665-b15d-f5eb4d060490,Christine Stewart,zwarner@example.org,2023-01-04 20:11:48,6db47cfa-b728-49c0-8bf4-edb136f0a51c,Router,Photography,1759,7955578b-2cad-4f96-afca-3212df281c7c,2023-04-03 12:52:05,4,7036
6a1b9555-70a9-4b7d-8a25-c34c9371044e,Edward Young,richard41@example.net,2022-08-02 00:12:29,30f947d5-a085-4d2e-9d13-8518f5a24ea2,Webcam,PC Components,697,62ac6246-fd38-4000-b59e-beaaf826e02c,2023-06-01 22:52:42,3,2091
cd514ee3-5ea4-4daf-80fe-85bfab90fef0,Michelle Perez,smithluke@example.org,2020-03-13 07:07:13,57fb2e55-d6d3-41a0-9405-639cd63212f5,Power Supply,Electronics,674,07237f98-36bf-441c-ae18-dab313b93c63,2020-04-29 12:13:49,5,3370
5eb03067-dcf3-4d15-ac98-9c3978ec6748,Laura Kelley,zrice@example.net,2022-05-28 03:14:21,a2a8d805-1103-42ac-920b-913e0350dab5,Printer,PC Components,861,ede948d3-e077-48ba-992b-3dc279635dcb,2024-03-28 05:38:24,1,861
ac24c9a0-bbb9-470c-a1f4-72a9a1f5dc59,Christine Hernandez,kathryn72@example.com,2023-03-22 07:08:38,020ccf06-1ae7-475b-bf89-7cfc2fb347bf,Tablet,Photography,152,420c423a-71e5-45d2-8f5c-27e62cb8e03c,2023-09-26 00:37:55,3,456
24c9993c-4cf0-49b7-8c55-c6cb35e8022c,David Lee,milesemily@example.org,2021-01-29 22:29:47,a7cc3942-2aaf-426e-960b-e1c7e0fe5188,USB Flash Drive,Photography,509,6ecbd47d-cb74-4f63-b79a-5a2543ae59b9,2023-03-14 03:28:17,1,509
ff48c943-4997-4419-aea5-4e0528eae438,Charles Porter,hgill@example.com,2021-05-31 07:25:37,4a2a9cc4-da70-45f8-a009-f7924151177b,Tripod,Computers,1410,52df048e-ba18-432f-b6de-8d4e9dd06eb5,2023-04-15 06:30:45,4,5640
74859f3a-8772-4016-9915-b87bec15d14d,Shelly Mccarthy,wwilkerson@example.net,2020-06-30 12:07:19,7f6e9409-e82b-4dac-9524-7789162c7dd1,Headphones,Audio,343,31405046-db8d-4baf-be5c-5e77f625d7c2,2020-10-12 17:14:07,1,343
6b9ec961-0a5e-4cb1-be8b-fe46354bbf21,Julie Martin,mindy05@example.org,2024-03-22 12:02:31,ff44349d-1e46-4144-acae-626caf246aa0,Smartwatch,Electronics,1937,bcb28717-3b60-4054-8239-31ce9d336209,2024-04-16 03:13:52,3,5811
cf6ef952-b290-493e-b4d3-03bf375eccb6,Melanie Nelson,cindybrown@example.org,2020-04-07 10:07:02,f1c41149-7ab6-4a8d-aff5-f04384b7809c,Monitor,Audio,480,f21cca69-2af3-4649-9f06-5ee9131cf1d0,2021-07-26 04:33:42,4,1920
1299c675-dbee-4a40-91a3-2bcbdbdddc43,Michael Pittman,jenniferneal@example.net,2021-12-20 18:31:42,2c231b6f-873f-4db9-9d00-9fc68a61a5ab,Smartwatch,Accessories,780,09c9e4e2-9881-462a-8bd6-e828b015e6e5,2022-09-28 20:30:34,2,1560
df5dd84f-07be-4fda-990c-90f76044cdb0,Keith Newton,suzanne20@example.org,2020-12-31 07:45:33,4034c62b-4aa5-46b7-bdef-175e534856f0,Camera,PC Components,1014,28557da9-cc0c-4cbc-aebd-1294e3bab11d,2021-01-04 21:15:33,3,3042
9ed49272-b205-481c-9a41-154b9703c13e,Chad Hernandez,davidmayo@example.org,2020-05-26 12:45:20,d4f9fe1d-fe86-47b1-a1fa-9f9d6c29ee7c,Scanner,Photography,547,48c80c09-e3ae-4269-acc5-0087b8f60837,2020-11-05 13:29:47,2,1094
8c5093a0-02cc-49b8-befe-f094bc5481e1,Michael Buckley,sarahenderson@example.org,2020-11-29 02:13:12,a96aa351-a65e-49ab-876c-af3a90cc0d95,Monitor,Peripherals,614,64c2745e-cfbc-42ff-a4be-890ba1a3ce31,2023-04-28 03:59:58,3,1842
8c440afe-2f4d-4abd-b9fd-fdb0a4251374,Cassie Simpson,hfarley@example.com,2021-04-19 01:09:25,91b8237a-61c8-4a8e-a1ed-c34434cf036d,Modem,Electronics,1224,0f30db4d-4559-4440-ab50-f7c7ba0a90b2,2023-10-04 21:56:01,5,6120
271b5944-0d93-4eaf-b130-3cbda2f99b53,Jose Benson,jacob93@example.net,2020-10-05 02:22:16,54a0e86d-c8c7-42f0-8e5d-fee730548af5,External Hard Drive,Wearables,1203,597f46df-a855-48a1-9204-2d8eaf0bba9a,2024-02-07 03:27:55,5,6015
733488f2-eda3-4a24-8f7a-a23a4113cee5,Tiffany Holloway,yolandahall@example.net,2021-02-10 22:55:12,65aca2db-a44a-4009-a750-382f2491a7b3,Microphone,Networking,795,cfa342aa-0351-453c-be65-19eeb053291d,2022-01-27 04:35:53,1,795
a0a1da49-8521-4bb5-8420-72dca2da7275,Amber Padilla,beth09@example.org,2021-09-30 02:20:06,4aed0dca-8bb0-4e8d-9508-3d11b68a84c7,SSD,Audio,1838,df30da5a-9684-4014-af26-4ca1f7f9a879,2023-01-11 10:05:15,2,3676
9a261260-5a6b-4a45-8e7f-5f3fa6afdbe3,Robert Thomas,david86@example.net,2021-08-01 17:44:28,56bd23fa-72ba-442a-ab58-8c2d5d34567f,Fitness Tracker,Gaming,406,1cc5fa22-f024-4f0d-a8cc-c2144d2095b2,2023-09-15 04:52:19,2,812
55a880fa-8cf7-44cc-aca7-0dff62a6f804,Christina Richards,jlong@example.com,2023-12-22 00:16:45,69005e52-4a3b-430a-b199-8951230acaba,Drone,Photography,1293,f10d00c6-c618-403f-9c53-fdc7fae1ebbb,2024-09-20 07:07:06,4,5172
20340372-180f-442f-8864-3a803db15cd0,Kimberly Lewis,smithmichelle@example.net,2021-06-21 21:21:48,f3342b23-1e78-4d59-8a16-271405d462b1,Webcam,Gaming,1451,72c83087-5115-4222-aebb-4161dc923c0e,2024-10-21 23:47:55,4,5804
a8302998-e8ce-4886-8876-f3049b2f3a3f,Ronald Brown,umartin@example.org,2020-04-09 04:40:11,9a137d8e-cb11-454b-9a9b-3e1eec70b110,Gaming Console,Wearables,398,8c682374-baf7-4b9a-8365-973f58a0d91c,2021-05-28 02:53:29,5,1990
30850984-9187-4a63-a672-7e1314b74da3,Samantha Franco,rrivas@example.org,2024-04-23 11:28:00,d6ce3a70-16a7-45b4-ac1c-6bb3df9501dc,Motherboard,Electronics,1387,92eee900-cdd3-4471-924e-806560e99e15,2024-10-11 07:09:38,2,2774
3e69e442-3bb4-4256-b945-dc921efe4de4,Kevin Cabrera,lindseykimberly@example.org,2020-07-27 11:55:34,eceb41ad-5f2c-4442-9543-906a50019567,Keyboard,Networking,1443,775fcab3-1802-41da-8797-138280d092a7,2023-02-26 15:22:06,4,5772
4c6b6853-da8c-47c4-8f4b-a15f7e9780ca,Joseph Lewis,christinemitchell@example.com,2024-10-17 10:42:04,5877614b-e9af-4989-9abc-e5274dd43e04,Gaming Console,Computers,1902,027edc7b-54dc-4603-adc5-d3968e33dae4,2025-02-16 04:17:39,2,3804
57f1918b-4a4f-4660-860b-3d6bbba41693,Robert Schmidt,jeffrey91@example.com,2021-03-31 02:12:43,1cc9fc3e-25bf-4614-9461-5fd288b6f8de,External Hard Drive,Electronics,1450,2383f462-8bab-460e-8118-2316979ff9c8,2024-05-24 13:02:18,3,4350
79378a2c-db63-4c96-9795-df16a35dd0bf,Jacob Vazquez,jennifer33@example.org,2020-08-03 16:35:12,db01dd51-80a7-4f30-931d-b8d9cc44c95d,Tripod,PC Components,509,c08bf38e-6d06-4b82-887a-9445a389c8bd,2022-08-22 20:00:02,5,2545
b3724c6a-d225-42f1-ab25-75694f2ed7a0,Tammy Carlson,jonathan22@example.net,2024-08-22 20:23:26,698133fc-82e7-4e03-9d7e-1983654f2b49,Webcam,PC Components,226,494d6861-cd13-4c32-a2b7-c5b16444d7e5,2024-10-15 04:12:55,3,678
f0e6ff94-f0dd-4318-8d62-ce6b831ef670,Stacy Diaz,yanglisa@example.net,2024-06-26 22:56:05,eb7f5140-b0b7-494f-bfe4-8ec0cda93a82,External Hard Drive,Audio,598,58ceefc4-e9ea-4ce4-a94a-883da1b083c6,2024-09-01 23:31:07,2,1196
f4d32e9b-6014-4876-bac7-682c6ad330b4,Kristen Kramer,masonmegan@example.com,2021-03-26 19:15:36,8bf1ae8a-54cb-4215-9409-39e412e6dd3c,Headphones,Electronics,1313,4e30db05-2712-4dfc-95d1-c388d3d95744,2024-11-15 15:45:59,5,6565
e377e489-1f62-4585-95b8-7678fbe747b8,Mark Jones,samantha87@example.net,2022-03-05 20:52:58,fe54f6b0-b1cc-4ef0-8752-5c4681eb6deb,CPU,Audio,200,36df8402-a91f-4aa7-914d-7ba2794306c3,2022-07-10 15:15:36,4,800
a24a7389-c430-41fd-86f2-c8557601b4c0,Lori Long,carlyburgess@example.net,2022-06-11 19:07:56,00c94fc6-cd74-4355-97e4-3039637eed14,Headphones,Computers,656,5e474da1-8eba-4bae-98f1-8d66e0637164,2024-04-04 01:24:15,4,2624
06e3a4f3-4da6-4257-9e6b-3d84463c44a5,Kerry Myers,deanapril@example.org,2023-09-06 15:13:00,16edebb1-c73d-488b-b614-b3afa04ba2e0,VR Headset,Electronics,968,2e97248a-3f2b-4848-a12b-1b7c8647b25e,2024-02-28 00:15:15,3,2904
6c0cd0c5-c491-4f02-9250-f4998a283aba,Dalton Rubio,thomassanchez@example.org,2024-09-27 06:31:39,f2bfe0f1-0988-42a0-b8ce-d789c78321b6,Router,Computers,1725,d9dc1c0d-69d3-45c3-aab7-b22847106c3a,2024-11-04 13:27:00,1,1725
76b6c1be-a04a-4e2b-acdf-0befb46c84c6,Jennifer Johnson,janice53@example.net,2020-08-20 01:25:02,2fc71783-aca3-4e80-a50d-99042fbe0db6,Webcam,Networking,795,12dcf15a-f88f-41bd-a720-e30948f188ae,2022-01-15 11:52:59,5,3975
c7d4aa22-ae9f-4274-95bf-38ce63f547f3,Michaela Hawkins,brewermonica@example.org,2022-03-19 23:03:19,ca568d5a-2088-46df-9c95-71b1d9023dd4,Drone,Peripherals,1966,3e9aecda-1571-4719-8d1a-106f42b174aa,2023-02-07 17:19:40,5,9830
b697bbcc-7d16-410e-a028-4f533180af89,Hannah Hale,apeters@example.org,2023-03-19 10:30:40,e45b75d9-1fa2-439f-8ec0-6e19f5313fa5,Gaming Console,Accessories,430,124f0f4e-376d-4cde-afb8-9c8696eb7f05,2024-08-24 04:17:47,3,1290
99075612-14aa-4624-b73b-a7f026488632,Brian Deleon,michaelreed@example.com,2024-08-19 08:56:50,27ed368a-35ca-4693-ad73-b9b5c6fd47b8,Tripod,Wearables,1716,86924136-ee39-4ba9-a6cc-04db9e06fd7a,2025-01-01 23:05:19,1,1716
f76fc5f7-fbcf-492e-b60f-896a45c39880,Robert Elliott,paul81@example.org,2024-12-22 04:36:39,cce6c246-2f81-4b54-a322-26b8f83378d4,Scanner,Electronics,1720,0fd88013-2c21-4538-a48d-c4bb93ff9ce5,2025-02-18 19:49:04,1,1720
b9f4e0d6-20aa-4026-9b73-0838f0b8864a,Rachel Johnson,dsteele@example.net,2023-11-03 17:06:10,d12c2f26-df4d-4c2e-b219-795fac4d1ce4,RAM,PC Components,985,0aa2b11c-5d63-4c55-a396-a1b9adc2b379,2024-12-11 13:10:47,2,1970
447441e5-eb05-498c-bd22-acc5a233d8c0,Lynn Simmons,ericphillips@example.com,2024-03-19 12:48:06,1a24cf8a-5997-4d22-a5a0-1976cbe48317,Mouse,Accessories,302,1e3977cc-c5b9-4b0f-b98d-a5d0004b0f93,2024-07-03 17:20:38,2,604
8c06c453-e4a9-4b73-96f1-73c1df9e456b,Bruce Davis DDS,kathryn47@example.net,2023-09-07 06:58:41,4799153b-d63f-4618-a984-0e1d0d87ae62,Tablet,Accessories,575,5bbb86aa-d931-4fec-9fcc-afef3b439873,2024-02-18 23:57:25,2,1150
5f7e18bc-7bda-4304-bbb1-c3e3b3ad7f69,Jonathan Rosales,shannon88@example.com,2022-01-01 22:57:56,06301002-3690-4ca4-af90-9497bd2bb4a1,Scanner,Photography,1329,550f09e6-8df9-49e8-aea0-a5770bf01b72,2024-12-14 07:21:40,4,5316
05fd38b6-cbb4-4511-8475-6899ac7fce4f,Michael Thompson,obrewer@example.com,2020-03-20 16:51:11,d5c6e727-c26c-4c9e-a279-06516f70cf69,Modem,Audio,788,efb894fb-75b0-4297-9ee9-b5886a04d77c,2021-03-06 14:41:38,3,2364
d7e4a268-f5dd-4987-8099-bdaf99bb901d,Frederick Anderson,thomas33@example.com,2022-11-06 21:30:41,5455e8bd-7ffa-4d42-932f-4cfd16dee750,Smartphone,Computers,714,9d590ec4-c1f8-4da5-9205-6ee401ea90a2,2023-09-07 11:24:06,2,1428
5b6db91b-2efe-40c4-9dcf-186c7b43a214,Cindy Campbell,carsonlindsay@example.net,2022-12-19 19:38:42,e03f1820-6bc4-4590-9542-c525619e4fe1,VR Headset,Computers,252,e06aeb96-48dc-4dbe-812d-34312e8f1ccf,2023-10-02 10:44:04,5,1260
d8eea09b-a514-44db-a404-1f3f489d8854,Raymond Harris,torresashley@example.com,2025-02-13 14:51:19,f9c14273-5d8e-42ab-8938-ad6127bf2595,Power Supply,Accessories,496,5a0c2184-c0f3-40fd-91b9-f82c6d57cc76,2025-02-20 12:33:31,1,496
ce2d52b2-6b47-4c24-b2a1-21e71d07875b,Stanley Evans,jblanchard@example.org,2023-04-06 12:50:29,86efcc8b-47c1-485f-83d8-ed5093a1268c,Monitor,Audio,169,68433f5b-aec6-4a3f-9a49-cd1565cecb70,2024-01-04 11:25:33,5,845
9f6fb292-5dc6-4cd5-90be-3f90fa58cfa9,Derek Guzman,hernandezmichelle@example.net,2020-11-29 03:33:49,75754ab8-c127-426c-9845-51c9e75d8920,Modem,Accessories,1667,3a6d59fa-2bc1-4487-b9b3-0b683e763ddb,2021-01-03 18:20:57,3,5001
3d6114f7-1538-44bb-b40b-dfc9d6a60e52,Terry Weaver,wallen@example.org,2020-04-11 22:33:33,db7c21f4-20b1-4b72-ae3c-f92d3a0f93a9,Scanner,Peripherals,351,90d163fa-fc07-4dbb-a153-d7c9607432d0,2023-10-02 03:54:02,2,702
07b3088e-2117-44d0-b860-e3d2383f8a2f,David Duke,nicolewalker@example.com,2023-08-20 00:40:26,da63baaa-483f-4ef1-8c75-2b7d07494bb9,CPU,Accessories,1583,33ad2fd5-8703-4637-8645-23d698d117c1,2023-11-10 00:14:20,5,7915
99d13951-e862-4c15-b23e-22cc18537c0e,Larry Schneider,susan87@example.com,2023-10-31 14:04:41,f9e6644b-b0f6-437b-95dd-f6a0c2c8c7ff,Motherboard,Peripherals,948,621967ae-aa1e-4500-aa0e-8deb5f48eb2f,2024-11-23 14:43:58,1,948
8218399b-ae4f-4d47-9a5f-37279c0b1a70,Tony Gibson,jacqueline29@example.org,2020-09-20 00:56:36,549314d7-bb89-454a-b655-1938c2ca90d4,Modem,Electronics,943,550173e0-79aa-4df4-ad35-87717ab4fec5,2022-06-01 17:52:06,4,3772
e69aca4c-48db-43ad-97e9-ce5487e4b0c3,Robert Mccoy,parksjennifer@example.org,2020-07-23 04:47:35,fd3ed3a1-a27d-4e6f-b866-5ab906705417,Tripod,Computers,990,d3c0edf1-ef94-4745-938c-8c66297ac1d9,2022-07-26 00:24:23,2,1980
7d11ff80-35a4-40e2-bb28-a220fa2b361c,Carl Ford,grossstephen@example.org,2023-12-07 18:52:57,b645dd0d-ec68-46b0-9ba0-05d48aacc4ef,Network Switch,Peripherals,1723,a6ae5dde-65ca-4ef7-b9cd-0b128f623c5c,2024-03-04 23:28:20,4,6892
68823b44-870b-413b-bf34-8fdfacb071a5,Daniel Jackson,fmorales@example.com,2020-05-16 09:51:53,e4ef90b0-f580-4886-bb65-63ac913534ea,Graphics Card,Peripherals,1611,48765577-d10d-47db-96cf-156a2cf70b10,2023-05-08 12:51:17,4,6444
8c1630f3-00b4-48da-902a-02f2867ff314,Michael Hansen,cmorris@example.com,2020-07-15 04:59:24,275c9259-1086-48a3-a414-691c3038f72f,Gaming Console,PC Components,1772,2783b22b-6c90-4ca7-b23a-537193f68f93,2021-03-08 20:52:07,1,1772
92dc7297-5ec1-4c4d-b434-bacfc33bb510,Billy Hughes,hrodriguez@example.org,2023-07-16 11:23:41,75bc87c9-c30e-47df-979d-0f6e1ffee3e1,Mouse,Wearables,903,16db1932-6dc9-4f3b-89bb-9f58381ffc21,2024-07-12 06:48:41,3,2709
983dce1e-277d-41a3-b6ff-d3d6ff0c06a4,Michelle Duncan,sarahlewis@example.net,2024-11-29 06:17:07,09c9c17d-1a51-46dc-8f45-6461982de599,Bluetooth Speaker,Wearables,480,ad0a4870-9689-4c43-b14a-03d10ad5a219,2024-12-20 01:37:00,4,1920
d8c50988-bac0-48f1-8668-6bdd2b5237ed,Kaylee Hull,daniellemeyer@example.org,2022-12-09 10:12:16,232a3b3e-544c-43cb-941d-70c444236c66,Computer Case,PC Components,472,87994083-bb3b-417b-ae5f-ff822b46cd6b,2023-05-12 20:35:53,3,1416
4822125e-064f-4220-89a6-4b39dc7ca0f9,Ashley Roach,shawncarrillo@example.com,2023-05-01 20:38:51,fab53323-1dd1-4fa7-b6b7-1e3053461448,USB Flash Drive,Peripherals,300,014b1d5b-eeb9-48b9-986e-19ce34a7b55b,2024-01-26 17:14:49,1,300
c9a6522c-4ba7-4e78-82b4-c93cfb13c276,William Henderson,markthompson@example.net,2024-08-19 12:14:06,fe33fb91-d5b3-46d2-8958-1e641d220ff0,Modem,Computers,1354,f61e8a75-f7d2-4001-944f-14603800f79e,2025-01-31 16:02:25,4,5416
8fae82e2-b3d3-4ddd-9986-245fbbbd65bf,Frederick Palmer,lramirez@example.org,2023-11-02 15:33:11,4ebcfd87-c243-4428-9fda-37abca06ca4a,Printer,Peripherals,964,31e8f341-1d9a-407b-8366-32e2da17bc59,2023-12-15 08:04:38,1,964
a1be7916-bf00-4cb8-a690-903d5ae2b000,Christopher Skinner,jonathancross@example.com,2021-02-23 10:21:34,d0260039-41be-4e01-975a-2c44a730e865,USB Flash Drive,Audio,1599,aeeab51d-b9cf-436e-96aa-96ab2e4ea31c,2024-06-29 21:06:19,2,3198
19e8ab94-4102-4cb1-8cf4-3e21695a6093,Donald Pace,zacharyreed@example.net,2021-07-09 04:07:35,3f5221e0-c6a0-4e27-bc04-54d87d47a655,Network Switch,PC Components,1322,e4596b89-80ae-4e2f-bc53-8fefe97f5912,2023-06-07 09:04:15,2,2644
80d5a4d1-ae7c-4a93-a1f9-f21d79e0aed1,Clayton Thompson,gfloyd@example.com,2020-11-13 10:17:56,cfc4a3ed-c93a-4986-a7e5-aea7c945433b,Scanner,Networking,961,a0d62d01-20b9-40b5-8475-41847d83e57e,2021-10-17 11:28:01,2,1922
b8bbf940-2697-4e61-b4e9-b5a2d41a363f,Teresa Young,jonesgina@example.org,2021-05-13 23:00:38,b6c86344-fcd2-45a0-b3f8-80f950d47371,CPU,Photography,112,acdbb8a7-b340-40c2-bcd1-aae6aeb2165a,2022-11-21 14:11:40,1,112
fbbed57a-3c20-41db-aeae-58299e4edd6e,Melinda Ashley,brianwilliams@example.net,2024-02-12 20:01:40,f1d9cb4f-c4a9-430d-917a-4322a59b7ffd,Router,Electronics,1318,f1fcc3e5-13a1-45ea-8c9d-4e1ae7a72a91,2024-10-02 21:04:18,1,1318
7dc5f650-2a20-4d76-9385-732e07fa1ce9,Kimberly Davis DDS,matthew17@example.com,2022-12-24 02:10:42,1745cf8a-e5d4-431a-80fe-6e21031c8cb7,Headphones,Computers,1179,62d3e07e-5bbe-44bf-889c-76fd8b8a2f92,2023-08-22 15:01:49,2,2358
fcfbebca-ae66-477e-a9b6-a79a2411aeec,Steven Campbell,qgill@example.com,2024-05-09 17:50:53,f403804c-fb6f-4a8e-8f5f-86d2c5be4644,Smartphone,Wearables,643,fed5a4c9-8e41-4d4d-8bb1-a93c4388e484,2024-07-05 23:47:10,4,2572
2d0de88d-c880-447b-925b-1b5da0cc9f7f,Gabriela Krause,ywalters@example.org,2021-06-12 15:03:00,5bdb26f1-00dc-49c8-932f-de584f7bf167,Modem,Networking,1989,dd4d8805-c59f-49d6-a75e-91fa95184ef9,2022-07-16 04:21:36,2,3978
a73bf02a-152a-47ce-b86a-c3cd30dce913,Scott Coleman,rortiz@example.com,2020-03-28 14:53:54,3a8b1426-4dcd-46c6-974c-3b190d8f0165,Power Supply,Computers,1932,20ec2dc4-42b3-4f06-a34a-d850ce632755,2022-01-24 01:08:32,4,7728
0cc25375-d725-4523-abe7-a768302b79e1,Colleen Patterson,oneillcourtney@example.net,2024-10-30 18:19:28,e1dd2dbd-83a2-4541-83f0-8bb15c543f39,Keyboard,Peripherals,270,0df541ac-c6c4-4947-bc8f-e12f7cb645cc,2024-11-29 21:12:23,2,540
2f15ccbc-83f6-4e6e-b5aa-665a88edb66a,Amanda Fisher,martinezdebbie@example.net,2021-09-27 22:50:47,95ada49b-6289-4045-89d5-29868d81a67f,Scanner,PC Components,1817,05e18470-d9a7-4e12-80f1-f061a0b98bb5,2023-03-26 21:39:37,5,9085
6e62288e-2ad1-40bc-957e-3ec5a3d987ee,Andrew Fischer,timothyperez@example.net,2024-02-05 23:35:55,00a7d0e6-a1a4-4e81-90b5-deeb387a4933,Graphics Card,Computers,1937,2e5f76bb-b95b-44ba-9d37-fd42d5b31d5b,2024-08-04 06:07:14,3,5811
ea2ea587-a942-4937-8748-356bd026f62b,Kristen Strickland,jefferyreyes@example.com,2020-05-01 21:22:16,8ebd7042-761e-438e-8e2f-a0b7a39fb2d8,Microphone,Wearables,334,a1ba07b3-0b8d-41c0-8db2-b1beb50cefde,2023-02-03 14:10:59,5,1670
3e2c0c47-236e-4a75-9eb0-c6c6303e25d5,Richard Anderson,smithtimothy@example.net,2022-02-11 03:04:40,6dd7791b-ab54-45a7-8736-396fa4dd6c24,Charger,Peripherals,1491,d0cfcf5d-0ec7-4e21-a39a-f35533137d34,2023-08-26 05:08:25,3,4473
86222576-4eeb-4ba8-a7c1-b8129bf25ea0,Paula Swanson,jsparks@example.com,2024-03-21 02:35:21,8523afb5-7282-40ae-8394-4440025df6fb,VR Headset,Computers,228,239659a9-dd09-4aee-a1b6-d0b40a5a2c06,2024-10-02 10:18:18,1,228
1829004d-62ee-4959-9f8c-9ceff6d6d768,Darrell Fuentes,crystal57@example.net,2021-06-28 08:42:47,e5ef108c-3739-4551-bedc-2edd1340eaf1,Drone,Accessories,850,51cd241c-abb5-4a3a-b235-54f545dedf00,2021-12-03 14:38:47,1,850
abd3f180-730a-403a-bcc0-15b28e102642,Angela Clark,michaelmartin@example.org,2020-04-02 17:49:56,7e9d260e-3310-45a6-b2ec-6a18c27a3749,Computer Case,Electronics,1897,19f29bdd-b287-47a9-9b42-934d0345f343,2023-06-05 17:09:23,5,9485
c2a78b4a-86dd-4ec5-93d4-1f5bdc4d23ea,William Miller,hansenchristopher@example.org,2022-06-27 22:53:27,24dd2d97-e91f-4b67-a508-029aa552d63f,Computer Case,Peripherals,1175,ee549f8d-5144-445b-be4f-d9fd561af3e5,2023-09-27 13:46:08,5,5875
aed9d731-3d81-4cb2-9982-dff5a421cb93,Christopher Andrade,bmartin@example.net,2021-05-27 11:58:43,017b14cf-ee06-4a0b-806a-7a2175f86c79,Smartwatch,Peripherals,880,8053d49b-051b-4248-939c-8cf3fb18234a,2024-05-04 06:53:17,5,4400
3e168af7-e887-473f-b9ba-07d3e501426b,Felicia Chandler,alexanderglen@example.org,2021-03-29 08:21:54,9a1b06b1-2907-4c4a-a782-806086bfa8dc,Smartphone,PC Components,1100,3c400918-b286-4d6e-aebc-9836e728dc8d,2023-01-07 20:22:35,5,5500
1c5ac051-db4c-4a16-8bce-2c09efb16af3,Evan Moses,michellewoods@example.com,2021-08-30 04:13:53,d6edc056-5332-4813-bf91-fe871fc90e6c,Smartwatch,Networking,1646,e7073c5e-4960-447f-9e77-495c15d41ddd,2022-09-29 12:33:04,1,1646
b25a93df-7649-45b6-b741-8996767505ca,Rachel Meyer,lauriejones@example.org,2023-07-09 05:03:27,2f613418-c859-4e88-9ae4-58e6db8b9b8f,Router,Networking,1115,a4223c18-9eba-4e53-bcef-d2b8269a3074,2023-12-26 03:23:20,1,1115
356062cd-81f7-4650-9123-b0cdffc826b5,Corey Ho,singletonbrenda@example.com,2020-06-08 03:47:58,6d241c8e-d0ed-4590-816c-72dbcaa84a40,Headphones,Photography,1490,1390437d-a2f9-43aa-9eb8-b93973234f83,2022-08-29 17:57:36,5,7450
6b0537b0-1c0e-450e-8724-73928525c088,Richard Colon,marywilson@example.net,2025-01-31 23:18:25,5ae2117f-c5c4-43a4-a252-e8a2926532a5,Smartphone,Electronics,972,0a877d49-228a-41c4-8843-8e39d7b16a57,2025-02-11 10:41:10,2,1944
69e8334c-743a-4e7d-baa1-26e746c4050e,Maxwell Santiago,cherylmartin@example.com,2021-09-03 00:08:21,cca3a489-4f87-4b20-9ae6-2ac4c5ce051c,Printer,Audio,828,c2d930a4-a1ca-4e80-9dbf-8d3997319510,2022-05-07 20:36:26,4,3312
79049f98-a54a-4b74-80bf-c9ae37d441e3,Jeffery Miller,jenniferjohnson@example.com,2023-07-06 12:59:28,c39b54c3-5d1d-4d9e-9a42-7421d00b3285,Scanner,PC Components,1297,adfe6724-8409-41af-bd42-66a5756c498e,2024-04-23 08:25:25,2,2594
436f864c-9a0f-4523-9643-a9c09df6ab91,Samuel Baxter,lbutler@example.org,2021-01-08 12:52:37,771a5cb1-2e0b-4128-80bb-9cfb03a4d6e5,External Hard Drive,Audio,586,4b062d5c-2431-4169-94bf-da4e70ae39d6,2024-07-06 04:27:01,4,2344
a4a699cc-ed7f-4edd-a65f-2e3473eb3c55,Stephanie Bryant,geoffreyrandall@example.com,2024-05-05 23:47:58,1786c115-f4e7-42d1-b73c-4acdfde5507f,Charger,Peripherals,673,1999dec3-82cb-4125-a970-8b85e21e60f6,2024-11-06 00:33:38,4,2692
ce8b1ce7-c651-4d9b-8e93-4b412e43c6da,Justin Myers,ccurry@example.org,2022-11-06 11:03:39,4e56e084-04bf-4476-9612-f468a98c34e5,Smartwatch,Audio,323,7a9a83d2-1732-4fa2-b659-fa62281656d6,2024-12-20 08:19:46,3,969
9213c4f0-337b-462b-bfd1-82aa04eeca7f,Lauren Palmer,ufox@example.org,2021-11-15 08:15:11,93368833-ec13-46c9-aa93-a28cfdafd65e,Router,Accessories,1758,83121fa8-dc99-4ce0-bbcd-fae3b7e66106,2023-10-19 19:22:46,2,3516
e6d8cf0c-5bf9-4629-865e-9163509ee116,John Davis,irich@example.net,2024-10-26 01:08:16,7e20b0b9-2551-46b1-b7d6-2be669096669,Camera,Computers,1384,16673fd8-1a89-4aeb-b1b1-cedbcd2f4dfb,2025-02-26 08:23:33,5,6920
275f1b86-4311-4a58-ad21-76bba46257ff,Daniel Willis,duanerodriguez@example.com,2020-11-06 11:28:59,23373ea9-7981-4ff5-b68e-6610bd330562,VR Headset,Wearables,228,50a0484d-7ccd-4e9c-9318-f50f5c10887f,2023-10-24 22:15:53,2,456
4c570cfb-87b7-4150-86b3-9a627576204d,Joseph Price,tony16@example.com,2020-09-17 01:58:25,8258a44f-69f8-425e-9a14-7a2ae0cb0e09,USB Flash Drive,Gaming,774,70bf621f-f2d4-43ed-b770-2e814045a754,2022-02-05 09:07:29,3,2322
434e188d-dc26-44e1-8b26-1b51b766c04c,John Duncan,marybaxter@example.net,2022-10-24 13:23:50,7b236fe8-8019-4824-904a-eebda595dfa1,Gaming Console,Networking,667,9ff6afeb-70aa-414e-ad01-6bf27762b571,2024-04-18 13:10:29,3,2001
08f8f14b-7bff-478b-9949-1a0d1eebee23,Ricky Jarvis,cdavis@example.org,2022-06-24 10:55:21,4ba46f82-d0dc-43b2-982c-f265064d1652,Motherboard,Accessories,574,0f7cff8f-fd4a-42eb-af8e-cc729284bfce,2024-07-09 10:43:37,1,574
d2f1f57c-ad59-4776-92cf-b7102ea5b117,Emily Kelly,ramirezrebecca@example.org,2024-03-28 04:36:44,4d82267e-9a6c-40d9-b829-d7463cd65d7b,Gaming Console,PC Components,1871,a86b388d-c887-4f18-8128-1f895cdb49f8,2025-01-01 03:28:42,5,9355
505cc117-a24b-4cf5-8d39-a9502e02f221,Alexander Watkins,ocampbell@example.org,2021-07-17 22:08:28,cd077dee-261c-41d0-857e-fef3f32af821,Charger,Networking,54,0ac287d1-89d3-4f21-9741-f1e4a7ddd75d,2023-09-21 23:54:40,5,270
1e4a872d-840c-4a27-924b-1f0331721176,Emily Watson,stevensonjoseph@example.org,2022-04-04 17:09:42,5bf2cc7b-9b81-48b5-8644-369ebda3524d,Power Supply,Computers,908,81e8761c-e128-4b53-b4c7-402fd93e9db0,2024-02-09 15:56:52,3,2724
fb47c4df-9ad9-4974-a1f5-4a655574f600,Kyle Thompson,kevin38@example.org,2023-01-13 08:24:07,cc6a8e57-003e-48e9-9b42-52d2aefc5976,Gaming Console,Electronics,939,91199aff-34e8-4187-9bb5-8c82c47bed1b,2024-02-16 23:45:07,1,939
4285a8a9-b7d5-4130-8142-0567daad0b26,Christine Doyle,wilsonbrandon@example.com,2021-02-22 17:58:50,e7b2b977-adc9-4e13-b4d1-c5f8f56dc956,Smartwatch,Networking,549,ce8f37c3-dab8-4208-b44e-aa9ee2a38580,2021-09-11 09:14:22,2,1098
e6b85fa8-cd39-4a40-92e3-53b52a0a6e92,Jeffrey Ramirez,burtonpaul@example.org,2022-09-27 19:36:52,c6fec32e-a807-4cb7-bbdd-2662630625b7,Keyboard,Photography,770,dc2ddcfd-9e20-4dcb-a41f-46ebfc548a4a,2023-05-06 15:58:19,5,3850
a03ca177-ca9d-48b9-82d0-64445067d110,Melissa Sexton,perkinsnancy@example.com,2024-10-18 05:05:20,144ba16e-3f25-4e91-9a17-a4390a36a7b2,Modem,Accessories,1770,0a096eae-bc3f-4f03-ba30-989ec5ac7f69,2024-10-19 05:36:23,4,7080
edd9c6e9-8116-4c43-a0b6-5fd60667055c,Allison Jordan,emiller@example.com,2024-09-12 23:09:36,73b7486e-3025-4058-b0d6-df04148a1e67,Headphones,Peripherals,526,b56877f2-914e-49fa-a36a-8f6f318ef071,2024-12-02 13:14:20,1,526
2251af2a-5009-4286-bb8c-54b64ade98a1,Robert Fleming,brandicunningham@example.org,2020-08-17 00:43:15,4b016c60-aaf4-4dc2-aac7-83b53d2cd0ee,Fitness Tracker,Wearables,1547,5a4c2172-d454-4c96-a479-76b0405887de,2023-05-05 09:31:37,1,1547
3f302f65-2e6f-4d60-a89d-08db332d8ac8,Patricia Webb,tamara01@example.net,2023-02-06 16:14:22,64712ca2-3bfc-493c-bff7-815c2880d47b,Fitness Tracker,PC Components,1280,3fef01d8-cf66-49e4-a011-a40ca3d9e7b8,2024-07-27 09:49:48,3,3840
082cf8c7-d2fc-4234-84a0-6ed97561189e,Evan Hill,nortonlinda@example.net,2022-03-24 20:15:51,b87806a5-98e8-4e14-bbf4-4ac860fd7a8b,VR Headset,Photography,184,f749ad64-54a5-455b-9206-cad65603d428,2024-05-26 08:14:54,4,736
b5675fb5-c43a-4afa-b959-e7615b6698c1,Joshua Moore,charles04@example.net,2023-11-30 14:18:54,82af0491-1bfc-43f4-be0f-56e5e3e98c24,Laptop,Networking,744,9b53593f-0480-418b-8f5e-a7768a730366,2024-12-12 10:11:26,1,744
324ef32f-bcdf-4c85-9522-49d9b0ad7c3a,Duane Oliver,livingstonpatricia@example.net,2022-10-11 06:02:53,5354dcdc-8220-49ab-895b-fa7a7f767889,CPU,Computers,923,d88627e3-1b33-472f-b3a2-0d53eaf7cecb,2023-09-21 04:50:55,5,4615
9764a216-3013-4a17-9d98-529696818a96,Michael Wright,mhood@example.org,2020-11-13 23:35:00,b16dcab0-4e18-477b-afbe-16ef5c32801a,SSD,Accessories,29,8e0ee8db-9ad7-4065-935f-f46ceed93095,2021-09-25 00:20:51,2,58
88ff30c2-5076-4f60-a53a-19f3965aa0fb,Abigail Wang,barbara19@example.net,2022-07-25 06:59:42,4f047cbf-4850-463c-971d-91a512f5c01d,Charger,Networking,1942,fcffaa6c-a0af-4d8e-9fe5-9b3d418baeef,2024-12-23 04:57:33,1,1942
2c59f5bd-227f-464a-8c0e-41323f33a6ad,Marcus Lozano,greenjacob@example.net,2023-12-31 18:32:57,186ad5b9-c6a2-45b5-8449-1d2b5ab8c5ef,Tripod,PC Components,1830,9551cda5-4535-429d-a3af-501fee314fc6,2024-08-07 17:34:15,2,3660
7d778f35-8fb0-4fe5-8a21-a6727d1d66a5,Victor Scott,andrewhughes@example.com,2020-12-27 19:37:06,d029ac72-1757-4b17-a6cb-920ee8c65a64,Smartphone,Peripherals,1130,e9c5c0c3-5285-45b3-a723-dd188b3f5f8a,2022-02-26 07:38:46,1,1130
4b7d4e7a-c767-4e11-8f99-f2a1779c9225,Danielle Johnson,jesse84@example.com,2022-07-07 23:25:59,4650be5b-7d42-46f6-ad9c-44458d8a52e5,Power Supply,Computers,704,c57b4d5b-9492-40e0-a5a5-e6d42cdc9e77,2024-10-12 05:42:06,5,3520
f3bca272-a4f1-4f04-9d61-ec702e70fec3,Linda Collins,ataylor@example.net,2024-02-20 10:23:06,f33380e5-9e3b-4e7c-bc5e-18a2a72b8f33,Fitness Tracker,Peripherals,1116,868473fa-a3a0-479e-8143-2f1349ee4808,2024-05-15 01:02:09,1,1116
7db90614-539d-4450-8fb0-ca76785118bb,Chloe Salazar,johnsonjulie@example.org,2024-09-26 09:39:12,a38412f4-7a61-47c9-899d-c0742b439766,Computer Case,Accessories,1441,0b95746e-a85e-4764-aec9-f8a99bc399f0,2024-11-22 23:46:06,5,7205
79cf3ca9-8816-4129-bf6c-7fb841d38f06,Shelley Mills,criggs@example.org,2022-12-10 13:36:33,f4828494-f201-45a9-8b98-0c29023cecd6,Bluetooth Speaker,Peripherals,1627,1e49959e-7aeb-47b1-a447-f9406428aa29,2024-05-15 04:37:40,5,8135
0e8d21ed-8794-47b8-bf85-4ebb22bb6a6e,Brian Rodriguez,yyu@example.com,2022-11-06 16:35:52,69a4b2cd-4f78-4069-aa9a-4aa6217c1a46,Drone,Networking,894,8ee773c1-a09c-44e5-9dea-ebf1d25df8a1,2024-10-23 11:01:18,4,3576
cd8b29ed-4a76-4f3c-aa08-a89f06fc4ee7,Melanie Bishop,samantha23@example.net,2020-04-28 20:41:00,633b48da-688e-4455-95f1-8b0577d49bd7,RAM,Peripherals,554,f3d56603-2612-426e-bdf5-0d8336a81a73,2021-03-10 08:28:52,5,2770
a6f7e2ab-1417-43af-baeb-1c7977accb55,Pamela Davis,bmiller@example.com,2021-09-10 22:45:48,46d21457-3060-4d69-842f-fb408bb2c422,Motherboard,Wearables,863,44171373-00d6-44eb-af2d-3ed6643767f3,2023-05-18 02:02:59,2,1726
4ce06275-caf0-4ca6-bea7-d999aebe6074,Brittany Johnson,ericperez@example.net,2023-01-07 05:43:08,53e07348-057c-4b9d-a2a9-7f259bd3f10a,Drone,Accessories,806,ae1d61d9-3382-46c6-846f-db532cecd719,2023-07-25 17:32:37,1,806
df6f0558-ccf3-4eae-b854-76fee9056b38,Michael Newton,anthonymassey@example.com,2021-07-15 08:45:57,5c4f25d2-5aeb-4dfb-b4d1-a74aa8becb75,Camera,Peripherals,1832,b7280fd5-15eb-4521-8a61-3cf7aeee7dec,2024-11-03 00:42:11,5,9160
d1532cc2-5666-4023-966c-b17b4ea99fb0,Andrea Barnett,qphillips@example.net,2022-11-06 08:47:00,a4cd52a0-821c-48fc-a83f-5a49e1a4b241,External Hard Drive,Computers,1563,3d82181f-c324-462f-b4e9-a5beb076e24a,2023-03-20 09:47:30,2,3126
99b7498b-9f08-435f-8dc6-1811ef71aa58,Eric Williams,xrogers@example.com,2022-03-22 21:33:30,d88a76f8-141b-4c60-b91f-0778fe8a971d,VR Headset,Gaming,342,0cc1320e-d7b3-4040-87bf-f62c9c2b9a0c,2023-02-18 11:50:28,5,1710
8a7e3036-76d4-4beb-bf7f-4f70a833533c,Dana Austin,claycharles@example.com,2023-12-15 01:06:36,58ed3dbd-6be4-40fd-9ded-b539bbb2d1ee,SSD,Electronics,1748,b8578c7a-9ad6-4dc3-9792-6f5b0be16c80,2024-08-31 09:42:17,2,3496
0d8a0a31-8c75-4748-a854-5de6aa14441c,Emma Harris,mboyer@example.org,2021-01-31 15:52:23,62cd4650-52c1-417b-aeec-0c3234c2e43b,Webcam,Gaming,947,9317d28e-954c-4d7e-940b-035d511dc223,2023-04-12 10:23:03,5,4735
e264c23b-1ab3-41b0-b06b-6dd066f1a351,Gary Acevedo,adamsann@example.com,2021-10-19 15:35:59,f73648a0-cd95-49c7-87dd-961f85b528af,Tablet,Wearables,508,3710e9fa-f8c6-4b35-a8a8-cc98c2e855d8,2025-02-03 06:57:16,5,2540
08438821-4222-4c3e-8b9e-f4eb7b772940,Stephen Cordova,cwilliams@example.org,2021-12-05 01:07:08,999a11b4-9323-4317-9266-e6bb628d0d57,Network Switch,Photography,76,49fb8327-b550-472f-9ee5-b9dc0d0af061,2022-07-23 11:00:13,2,152
bc59e308-9d16-4223-89d7-1c7ba2cd08c7,Brittany Mitchell,kathryn12@example.net,2021-04-15 08:23:07,da026d5f-244c-4888-82c9-9d48a5ed8246,Drone,Photography,1026,fb4a9e05-5db3-4e58-8a2d-a307cafd0340,2023-09-24 18:25:13,4,4104
44b19d8d-9d78-4ef4-9b3b-e0e4ff64cdeb,Alyssa Bradford,lopezstephanie@example.com,2023-02-21 11:02:43,e7f7481a-ff13-49e2-b659-d2547d290c8a,Headphones,Wearables,350,c56b83f9-bbb8-4650-b7e0-8ee472b665d2,2023-08-31 08:43:43,3,1050
37768091-b4f1-45eb-9765-7a45d35f734c,Janice Hodges,rogersnathan@example.org,2022-02-09 10:11:57,7413555f-7a94-4752-9119-dd7ec7609c28,Monitor,Computers,1097,d1bfabec-6587-4883-a8fb-64638735dc34,2022-07-09 13:16:14,5,5485
435bdfbc-6b45-456a-b632-00cbe8b9ef14,Brian Mcdowell,daniellebrown@example.net,2020-06-09 04:38:52,43e6ae08-eef1-400e-b8fb-de3255b181b0,Modem,PC Components,1549,4697fa56-0112-43fd-b4e9-9a83fe80c920,2024-12-08 02:51:38,2,3098
2795a324-2a2a-4bbd-92e7-f4388d3b756f,Ian Kelly,thudson@example.com,2022-07-21 03:57:04,12ac1157-8dd4-4895-94e0-4e7f9c233e4a,Headphones,Networking,1146,7bcf8feb-f3c0-4a48-9a11-6b9027d6c5d3,2023-04-29 09:48:43,4,4584
ee7e6225-5acc-41b1-bd05-7612867fe3e0,Anthony Rose,melissaramos@example.net,2023-05-06 04:54:21,6824b812-7a80-416a-94d4-d596f769d354,Monitor,Peripherals,655,8f07305a-b3db-403e-90e7-b127fd726859,2025-02-23 10:54:13,2,1310
6b733a43-6590-4a6e-a394-4126eb446c7a,Mike Reyes,thompsonanthony@example.org,2023-12-08 20:57:29,f79f5a73-ccc8-431b-bb00-d7f1afbd93ed,Scanner,Gaming,703,a2901814-411f-48c5-b1d5-e9886c82fb52,2025-01-30 20:17:39,2,1406
23d53378-e2ba-4592-a9ab-2de59947da39,Anthony Porter,umitchell@example.com,2024-08-20 14:26:15,26faed8d-2da5-4ff8-8a2c-ccaa12d1152a,Bluetooth Speaker,Accessories,243,a0a69066-4041-4151-a6eb-e8c3a5258be6,2024-11-16 20:35:06,2,486
db1a2059-fe58-4b54-a831-d2f3bcb6b785,Tiffany Wilson,wwolfe@example.com,2021-12-12 18:56:44,55c6f1dc-aadd-4fd1-a86d-b8d4261c5abb,Webcam,Photography,417,789198a5-a862-400b-8dce-9997f77ee2bb,2023-05-16 06:37:16,4,1668
90f9d218-c973-4daf-b6da-ebe295f85a7b,John Frazier,kelsey53@example.com,2022-12-16 01:16:41,98c4ef92-c2b0-4ef4-9ede-b1c4af1bded6,Network Switch,Computers,1498,a720dd66-94df-45dd-b07b-23a213171d4f,2024-11-19 03:34:01,1,1498
745bbfe5-fd33-4050-857d-a238e144cd51,Eric Collins,gabriel10@example.org,2021-12-11 13:40:52,bb946346-0a27-48db-a24b-1c79cbd0b66e,Network Switch,Wearables,1087,bdf3421e-2395-48d0-8c6d-320c4a985a9b,2022-02-18 17:01:59,1,1087
e79e9775-0e3c-4684-9b85-a39ab33e4348,John Hernandez,christopher05@example.com,2021-10-02 01:22:48,c20487c1-9e3a-4fb0-85c6-989fac606e61,Printer,Networking,1629,06fe1ad0-146c-4613-8ad4-cba9ccfb8266,2022-12-06 04:20:34,2,3258
75f774a6-35f1-46e1-bd16-223ca4dc1794,Susan Herman MD,rodriguezjessica@example.com,2023-04-18 05:29:59,982c9c3e-702f-4915-a3bd-59019f112e9a,Camera,Photography,91,1684aec4-cc7d-49f2-95bc-69d6a2ab3a52,2024-10-28 10:06:00,4,364
0aaa89f0-a4c8-4c55-9e22-619dd679a636,Anna Kramer,hkim@example.org,2022-03-25 18:07:32,772b239d-ba23-4952-bfba-bfd5e12a0b8b,Headphones,Audio,763,28bec18a-07f9-46a0-8c4a-c37a4a9ae9a5,2024-07-09 21:29:51,1,763
8cbcdc7c-b926-4c5a-9988-3a9c9a2efc1d,Anthony Francis,kenneth22@example.org,2025-02-01 13:54:07,0f1014af-bfbe-452d-b73f-459131e53711,Monitor,Gaming,1163,16ca94aa-1191-40ea-a7c2-37ce654b8c3e,2025-02-04 11:06:31,1,1163
0ec0baab-2c85-4455-9474-8186885e7522,Shelly Townsend,jasminebrown@example.com,2020-09-29 00:16:01,589afed4-53f6-49d2-9f04-e2aa09f5db27,Drone,Accessories,1198,eabd8dff-0a2f-49d6-92c8-de33c4ee0663,2025-01-25 15:40:36,1,1198
106458bc-32c4-43a6-b9ba-cb130cf29942,Mia Davidson,hshaw@example.net,2021-04-05 11:49:57,64b7f976-ebbc-41c0-80fd-1ee856dc3bc3,Computer Case,Audio,1816,cb0af38f-98b4-4a54-9200-ef6dddb748d0,2024-12-23 02:36:31,1,1816
218bb7b8-1273-47a3-9b22-269a59077852,Kimberly Trujillo,amyking@example.net,2023-01-29 12:40:02,07d34e7a-c3e7-4d48-bc87-62f7f4bb2f95,Computer Case,Gaming,1815,1d0771a2-13a7-422e-b2ea-a868ad8d760c,2024-06-05 16:14:30,2,3630
eb47e2a0-47b3-4651-859e-99a56acb39d9,Rhonda Gibson,dennishamilton@example.net,2021-01-02 04:22:25,e15d5e8a-cd3f-43d5-85ff-0bc5c1b75f4f,Graphics Card,Photography,1543,9cb795bb-fa9f-4bcf-a04d-e3027e454394,2021-02-22 19:58:42,3,4629
e56984ca-1c31-4d17-8f8f-7ef3e153b5b1,Kristina Ramsey,annettehunter@example.org,2020-11-05 00:31:50,db38321a-9d81-4c0d-a244-543d3733f1d4,Drone,Accessories,804,006bb7e0-97d9-4720-ae2f-13f47fd26913,2024-05-15 17:22:21,2,1608
c1c06730-1e49-4060-b22a-3c1a8c106b3a,Sabrina Turner,smithelizabeth@example.org,2021-12-10 04:19:00,c6ba36cf-82d4-4161-bb94-a2c5d6299e73,USB Flash Drive,Computers,1725,2ffe3dad-32ad-4a01-a393-5d24eeb78871,2022-03-07 10:24:08,5,8625
82497a0a-bb67-4790-9dbf-7915ca434fb5,Tamara Wilson,tracy96@example.net,2022-02-11 08:10:35,3e16bf7e-2433-4530-ad5e-17fba65f7e76,Keyboard,Accessories,639,78843cdb-0d18-49f2-b85f-ca62457c6718,2023-06-01 02:07:53,3,1917
5caa9a12-4512-4775-a6d8-f71281ae3a52,Nathaniel Morgan,ybraun@example.net,2025-02-26 08:53:55,449f1b39-9dd3-4e16-949f-b67d65d02e13,Microphone,Wearables,460,2aaaa59a-1087-4a30-b243-ce5cc77cb377,2025-02-26 13:27:16,4,1840
70359da8-d30a-4db5-a77a-63e4367bf23e,Jessica Peterson,hbrown@example.org,2020-07-31 14:06:09,012cf947-f10d-4a83-957a-ee7d2b18d964,Smartphone,Computers,186,783928dd-aed9-41b9-a23b-164e7b396c4d,2022-05-06 17:35:57,1,186
c3201d97-1f1a-4648-bda7-b763c20cf022,Christopher Robbins,davishenry@example.org,2022-01-16 10:32:50,4cf6c085-34b4-40e1-8a20-5f40b68e038f,Camera,Gaming,593,39b8bc32-d3de-4bbd-8960-1b16b4f3367d,2022-06-16 10:07:34,4,2372
66eba0e2-cf7f-4750-aa50-edcb0e863004,Jared Weaver,aaronrivers@example.org,2022-04-09 12:35:43,19e9badf-d140-4e0e-a17c-376e727d19e5,Motherboard,PC Components,284,5ae2d9ba-e781-4b34-aa3e-181853cff155,2023-10-05 02:46:49,5,1420
60696b54-31bc-46bb-8834-5a1276150f05,Melissa King,paulajohnson@example.com,2020-04-18 23:20:24,94f97b10-20f6-4833-afdf-89c6b371a65e,External Hard Drive,PC Components,1731,dbe0a100-c959-44cf-9437-d729de713d7a,2023-07-03 05:39:36,4,6924
e7f992df-aa29-4b51-8394-f84e8bdb75fa,Christine Reed,ortizjose@example.net,2020-09-11 21:24:01,2df264d9-7d8c-404d-9f2f-c1fb89c108aa,Scanner,Computers,1879,c6070240-f2ad-40f4-9b51-9fa3558e28de,2021-09-13 15:02:47,1,1879
fff24cc6-e067-4ae3-8c93-10252805511c,Stephanie James,coltonhurley@example.net,2021-03-06 12:38:23,3b04933d-9a12-454f-a407-a58deb60fe24,Smartphone,Electronics,1976,d7597478-f9a3-41af-a160-1b4da3095c0f,2023-08-15 21:03:12,4,7904
871491a5-a070-44ac-80cc-e1ae8b2c9557,Maria Davis,dwalker@example.net,2023-07-02 13:30:50,d1fb0073-8640-47d6-997a-3de822c55fb4,USB Flash Drive,Electronics,1867,331951f9-ae7a-449b-81df-628c0795f186,2024-02-06 15:05:59,5,9335
555a73ca-9618-4bad-a784-7d494f7fbcbe,Tommy Lewis,saraross@example.com,2023-08-13 04:22:43,6266063d-b7fd-4bff-b613-fcad3b72952c,Monitor,Audio,986,90fbd7a2-f7ba-424f-8b93-8de42a4a2ac3,2024-04-27 03:54:50,2,1972
fe8c9e27-2df2-4c01-bd9a-946f6510a03c,Raymond Hudson,walshtaylor@example.com,2022-08-11 22:27:08,0144ed3f-d8e5-4ec9-a6cc-27096948573a,VR Headset,Electronics,1212,cd82296b-9fa0-4e0b-b478-f61d3be2ccda,2024-09-13 07:01:20,5,6060
fb0212cb-48de-4594-ae1a-bac5c05fd9c1,Maria Barron,ericfreeman@example.net,2023-07-21 12:40:54,3e0774dd-9416-4460-ad5c-9283ec0cb666,Laptop,Peripherals,1980,d10ca60c-c2f9-44d1-b798-136baa280770,2024-01-10 02:21:27,1,1980
81f92045-4294-49f8-9fdb-fc6f4353078f,Ashley Carr,tscott@example.com,2024-07-26 10:13:59,a0d76ca9-299e-4079-85b1-cf27ab187bf4,USB Flash Drive,PC Components,1463,109976f9-0e84-48e3-a26d-73fc629cc45c,2024-11-16 14:29:10,2,2926
3927c5a4-da73-4311-8249-62194b9add3b,Kara Buckley,ibarraadam@example.org,2022-05-30 09:50:06,4e39ace4-d58a-430c-b5ba-eac456d4ebd6,Modem,Audio,785,1e8eb921-c15b-401a-8a98-88b37ad2ba5f,2023-05-05 14:53:29,1,785
6b2d39c7-3424-42f4-a071-d699bdb64c80,Kristin Roberts,janice56@example.net,2023-03-09 18:19:10,7db375a1-258d-411f-be05-2632f57443dd,Monitor,Gaming,493,9a12563e-17fb-4d2e-91f0-62728a4488b7,2024-08-07 13:55:25,2,986
bfe4d0d5-3b3e-4d26-8c50-caf2a08a2906,Carla Stevens,sanforddavid@example.net,2023-09-30 01:23:32,b6af6cff-c259-492e-94d1-81397d8de74f,RAM,Peripherals,551,fdbcf1a8-b4a6-498e-9d07-008989a0f91a,2023-12-15 20:47:07,4,2204
b9116dba-18db-43fd-aaf1-7c401fc5ce8c,Derrick Fowler,karen14@example.net,2021-09-12 10:14:41,61a3f9bf-2a34-482b-bbad-ef14492b7731,Webcam,Accessories,1827,ed9712af-96e7-4034-804b-6806743773f3,2022-05-07 07:12:49,1,1827
617ef8a5-b836-4129-b708-5548ea2546a4,Jamie Burke,heather56@example.net,2024-11-14 06:11:25,21763df6-821c-4334-914b-5bda9f9225d2,CPU,Computers,510,0b9390cc-3288-4754-b517-d5985d424965,2024-12-12 19:18:42,3,1530
5bdf6b64-8803-4274-b911-7e775d93080a,Bonnie Barber,mercedesmorales@example.net,2024-01-18 07:37:39,5fc36a1a-f8ca-4f0e-a52d-067414093fc8,Smartwatch,Peripherals,197,8711b719-224a-402d-8e61-08012c4fdcdc,2024-05-01 04:02:50,3,591
f013d6fd-5eaa-4008-9903-60d6e0892229,Jacqueline Sandoval,stephen82@example.com,2022-04-02 21:11:54,428ae825-ca83-4501-9bb8-534f9c033552,Power Supply,Computers,641,716b7510-470b-41e6-a9de-0e054353bb77,2022-04-13 10:41:58,5,3205
973fff51-8768-4950-a944-66b47d8c2c0d,Kevin Taylor,wallsblake@example.org,2020-09-30 07:24:03,0c0f08b4-e585-4d18-8dd3-6ae2909062b5,Power Supply,Wearables,1426,388358e3-fc7f-43a8-8f6f-706ac5b6159f,2024-10-29 14:02:24,3,4278
2f2469f9-e9e1-4a0d-8f1d-10c571dfd580,Tiffany Little,kylejones@example.org,2020-06-20 12:56:48,07a3d996-623a-440c-8c9f-09d7d2188202,Printer,PC Components,1248,3d799f1b-f583-42db-a704-1a2be434de2b,2022-05-10 11:46:15,1,1248
65f83fb7-4bb9-4352-a5df-80b0be6e2582,Sheila Serrano,ayalamichael@example.net,2024-10-09 13:46:02,94af2ccb-eec6-404a-9558-6fb1a548abe7,Webcam,Accessories,589,b5d09aa1-12f2-4e77-8de2-6323a708e1d0,2025-01-05 01:35:41,2,1178
44175fdb-76e8-4c16-bb49-6703e33289c7,Yolanda Bell,miranda26@example.org,2021-10-09 19:59:29,a657fc48-f051-415c-a6f6-ece307f43c5e,SSD,Computers,49,1ef60ece-3b15-46eb-8d55-5dd92a859b89,2022-01-27 23:07:06,2,98
22afc35b-bda3-4ee0-9b84-753426f955e3,Kelsey Jenkins,josephgrant@example.com,2022-04-16 05:27:59,1fd248ba-eb89-4a76-85bb-9f79ace48f2e,Smartphone,Computers,755,27502c9d-43eb-443a-9e2a-350aee1ba1cb,2023-07-06 06:51:58,5,3775
4bd8e000-80e3-47b6-8cb5-d1a2b59e3967,Karen Salazar,kellyortiz@example.org,2022-02-25 05:19:26,5bb9adee-b6c8-42ff-b4cf-c0b422278991,Webcam,Photography,1959,21329ca1-33e2-4d56-bb99-0ffd997a2248,2023-08-23 21:31:46,3,5877
1c6c1ab6-9a99-4f00-84d3-535a06287cbc,Hannah Morse,jphillips@example.net,2022-02-26 09:45:21,f67e26d7-20d0-4c65-af7f-791d4a0d6f0d,Printer,Audio,860,57404303-d8ca-4ee4-a2e0-ad2f76cb72a6,2023-02-10 12:39:44,3,2580
056d4836-1751-4251-87aa-cc772ed2341a,Pamela Howell,wthomas@example.net,2022-08-11 07:47:46,c338db2f-41f9-4983-b937-78badc9d221d,CPU,Networking,82,62fb8ae8-047b-4e1c-9c91-4c8febbd2cd8,2024-11-01 08:26:13,1,82
36f59d9b-518b-4d16-b045-17650178041c,John Banks,rbishop@example.org,2024-04-16 09:43:50,090bb995-8d82-49ba-912f-a95957207c63,Scanner,Gaming,653,e2eb7190-6ab8-4aaf-ad16-01a2d917cda9,2024-06-20 09:54:18,5,3265
29e697ed-fd49-4abd-82d8-be76bc14cabb,Sarah Lee,cherylphillips@example.com,2020-12-26 11:33:37,e239d84c-8023-4251-8476-4a97498dffe6,Bluetooth Speaker,Photography,698,44488f67-b9f0-4af9-9577-9b5a96740f49,2024-12-26 08:31:20,2,1396
23659239-9107-4ed9-a54e-b58ca9259a0f,Alicia Miles,yangjamie@example.com,2023-03-06 17:45:05,4aa0957f-c572-42f8-b68a-3a2799dfc9ef,CPU,Gaming,1197,38bc0bab-daa6-4116-989e-c16ccafe459d,2023-05-08 05:45:07,1,1197
cc4217ee-0b30-4507-8107-471943ef8b7d,Malik Krueger,phicks@example.net,2022-08-16 06:15:27,54580cb1-c13f-421a-b7a7-63fec97cf50d,Keyboard,Networking,1005,674123bb-f386-4148-bddb-8b7c7f5c4360,2024-03-26 23:22:52,1,1005
26711615-7a56-4053-b363-39386c46896f,Jason Zavala,katherine57@example.org,2023-03-14 15:45:23,dc908599-7acb-4f41-ab57-d596d4687685,Drone,Wearables,706,3c371430-1c4d-4329-af06-362174cd73d5,2023-06-04 22:33:08,4,2824
a8dc263a-1f89-4db2-855c-e0a2a5846c56,Kevin Johnson,joseph04@example.net,2022-02-25 17:46:46,134e031f-2123-49cb-b487-54705b51a6d3,Microphone,Photography,468,af4721d7-13d2-4f55-bb00-cbf6079d982a,2023-07-22 03:43:25,4,1872
aff4736a-e6cf-436b-9dce-f1402a6234c1,Kathleen Stevens,williamnewman@example.org,2021-04-24 20:50:46,92b9d564-96cc-4773-b5a4-c22f67eddea1,Headphones,Computers,28,136522d4-68e5-483b-91a9-67679b6fe155,2024-05-08 13:24:51,1,28
6970713f-b0b2-4af1-a5b0-70756e2f5d54,Mary Eaton,madisonacosta@example.org,2024-10-09 03:05:16,37f64e43-faa8-45f6-8f1c-6f8f0bbef1b4,Headphones,PC Components,1827,e05975be-055f-4bf6-81c6-f3c5668e084b,2025-01-28 11:27:08,4,7308
d482e996-542c-4e94-91b1-037af568c153,Brandon Gordon,tracyschneider@example.org,2022-03-21 18:47:37,2f6f8152-7771-4290-982c-dbec2809675b,Keyboard,Photography,1675,d5784cf8-cc62-4ef3-b761-5d64edb93944,2024-02-04 15:11:52,5,8375
43878b37-f2c5-4084-92d8-ba32e3e7a67b,Phillip Morris,woneal@example.net,2020-08-13 03:17:18,893980dd-efad-4038-bfd9-dfb9c8493e59,Laptop,Accessories,813,8ad1ce8a-e219-4cfd-ad35-ae6b2c0a0003,2020-10-14 10:14:27,1,813
d9473f0e-75eb-430a-a5ab-0800d5d8e351,Christopher Brown,scottbailey@example.com,2023-05-20 08:36:17,cad8ad6c-781b-4387-9dbe-75b2764279dd,RAM,Networking,298,ea47389a-584b-4e76-83a2-89dea248da1b,2023-09-23 00:49:45,1,298
01e8443d-fca2-41a1-8c28-f8c458578578,Cassandra Harris,janicegordon@example.org,2021-12-21 14:10:45,4818ce13-c975-425a-9752-884a222f10a8,Computer Case,Electronics,365,f187f2dc-f7ef-4935-a8c5-f14951e5f424,2024-07-21 19:56:37,3,1095
5080807d-d426-4030-8ff7-48cec5f3c8ff,Gina Peters,oliverjames@example.org,2023-11-26 14:10:36,4739e931-391c-499b-ac66-76a05f37276d,Webcam,Peripherals,1048,378b7a9a-1f81-408d-9ee7-a04eaccf8705,2024-05-22 06:04:58,5,5240
a1788770-cbf2-4e68-9aec-e439fcf756fc,Brandon Cruz,odurham@example.org,2023-11-17 06:40:42,0b49e351-d571-4d3b-86cc-ee7924746638,Monitor,Photography,1330,c8dd7527-175b-46d6-b99c-c5939f7b7ac2,2024-06-02 04:00:38,2,2660
e9228f4b-ef31-4a65-9de5-1944656cbced,Robert Conway,ayerschristina@example.org,2025-01-03 20:22:42,8e918607-1004-4415-8a30-c880c6687772,USB Flash Drive,PC Components,1280,31b26e9c-22c5-4ee9-bcff-7fa27155082c,2025-01-11 04:32:14,3,3840
eb7512ac-bb09-4292-b195-b913a84e6ddb,Angela Snyder,stuartamber@example.net,2022-08-11 15:07:01,37ef6837-61cc-4ad0-8f36-40658b9d2829,External Hard Drive,PC Components,1459,c875428f-0223-47da-91c3-54a7ad50fb09,2023-02-13 23:05:45,3,4377
85c42a97-d99e-407b-868d-b0a20ad22255,Ariel Garcia,eflores@example.net,2021-08-03 07:28:27,9884e449-7d24-4f43-b56b-8131857b6aff,Drone,Computers,1077,fda25be7-6049-434b-91e2-52e1f7943427,2024-03-27 08:36:34,4,4308
baf1c83d-fe18-458d-bb84-bbf40ff05e63,Erica Patel,kelli42@example.com,2020-11-23 08:27:42,edfddbdc-9c51-40e0-aa76-8fa87c864a8f,Modem,Gaming,160,132c23f0-cbaa-42ed-a2e0-8bed906ecaf9,2024-04-24 06:35:31,1,160
fa91ab23-1795-4acc-8887-845c38d11579,John Smith,rachel65@example.net,2022-07-17 05:54:32,45796159-941c-42eb-affd-05f702d8534e,Camera,Accessories,1902,39af290f-5de9-427b-a2bc-ca9fad44e74f,2024-04-11 00:06:01,4,7608
bfe76bb1-7786-48c0-a1b8-6642f02bae1a,Andrea Williams,xflores@example.com,2022-04-03 04:57:30,d9967073-5597-4631-b293-0e8ef0f91982,Bluetooth Speaker,Photography,833,eb4d7660-ec34-48e6-a1b3-3a800b75bebd,2023-11-10 04:01:58,2,1666
07ddb312-d13f-4ab3-adf5-631f3ea4d1ce,Jason Smith,dana55@example.com,2024-10-26 08:09:22,ba32a357-21c3-4291-8d4e-eb22f71cef08,External Hard Drive,Computers,1631,c44eec11-dec0-44df-a5e5-116486dae19f,2024-11-23 17:50:06,3,4893
23c4df37-9e0a-448a-bea9-5e16cf769274,James Kaufman,hamptonwendy@example.com,2021-05-15 19:01:32,159b15c5-afc1-431d-a3dc-d82a6abf820a,RAM,Accessories,22,2b0e0a5b-6540-4207-b959-73698dbfef4d,2021-06-24 07:00:54,3,66
35a3219c-5d0c-4ed8-8f5c-8d62fb631102,Andrew Golden,carrieortiz@example.org,2023-04-10 05:17:00,66f4417b-a925-448d-bb3e-4b04bbe0c129,Laptop,Wearables,849,11408107-fbc7-4e8c-ae9c-425f07c6155a,2023-06-18 00:28:56,3,2547
8a8de3f6-d87d-45ca-a0ac-2b9ca6021900,Billy Wright,michaelrice@example.net,2023-06-08 23:59:34,97a2a943-ab48-47f7-b040-018011eceaab,Charger,Networking,1784,d080ac30-c910-49be-a528-1b14947171a0,2024-02-09 19:07:56,5,8920
8dbce5fc-60ef-45c4-a922-136e4154e7ca,Jacqueline Chang,pshepard@example.org,2021-02-10 11:31:29,52dc75d4-610c-43fa-b85f-b7b8340fe270,Monitor,PC Components,1090,d6375e6a-19b2-4002-9f1f-6f070b237bca,2022-08-21 04:32:21,1,1090
f6100ac9-b02a-41ad-a681-f5bbef7eeff2,Ann Krueger,campbelltroy@example.net,2020-03-05 11:42:42,31790393-fe72-4f6c-b177-c9f7b77da505,Bluetooth Speaker,PC Components,1116,36ced7b4-8299-4023-b192-d7ef345ab44e,2021-06-22 21:30:36,4,4464
603e68b9-5bd4-4f0a-bd2c-e3afe67de26c,Brandy Ross,wyork@example.org,2022-10-19 01:44:21,ec407b52-53e0-4743-ad24-7bace2ab4f6d,Modem,Networking,717,578c58d9-7e0e-40b3-a93d-f54ba3e4fea1,2024-08-12 14:46:10,2,1434
5edd61de-cf2c-4501-a052-69cd6d42e18d,Jeremy Weiss,jblackburn@example.com,2022-03-26 08:56:58,137c7c87-0524-4039-a9d1-590c7e684951,Computer Case,Computers,1100,ed92efc9-fb73-4b4c-a291-31fafe805df6,2023-11-24 17:07:25,3,3300
669b0634-304f-4058-9e91-37f832d327bb,Kelly Ward,aedwards@example.net,2024-06-28 18:07:49,127b7485-a8a9-4c17-9a4d-1fcfdae1c039,Router,Peripherals,723,5055d900-11b8-4f9e-a41f-acc56681c2f9,2024-07-27 17:56:56,5,3615
79e1ffa8-4f8b-4e0b-b2bb-6d05997e1864,John Walters,qashley@example.org,2023-06-04 09:33:40,a17d4e02-04bf-4867-bb70-a57bd58008f6,RAM,Gaming,1790,e5856076-c5b8-49eb-b635-0292d9a9cb55,2023-09-18 13:56:59,4,7160
3385be89-50bf-431b-9050-e4da3d7cab96,Deborah Burke,brandoncook@example.com,2023-03-04 13:07:11,c6fb9c61-8497-45fc-a885-2f352946960a,Power Supply,Wearables,1295,3aa0598c-c681-4fa4-b877-98cea8792668,2023-05-02 01:41:26,3,3885
db7a9c9f-e19e-45f8-8f51-644c353d189f,Robert Mason,allencathy@example.net,2022-01-22 20:35:00,4e42e06c-48d3-41c2-af1d-d02ebb9d130a,CPU,PC Components,1331,1ce6bc66-a7e3-41fe-8e3a-37fc26113da9,2024-08-03 03:53:43,1,1331
a42d0d3b-03a2-4f6c-b00f-a98b76ddd673,Roy Brown,brownalexis@example.net,2023-12-16 04:14:13,c6902873-d9c0-4892-b1de-17ed4d08ffb8,Microphone,Wearables,1065,2d1d823b-0fe9-4dff-b92b-6ceb4f2e1ecc,2024-11-17 14:33:33,2,2130
eb70a827-0ec1-4317-8aee-836809a653a7,David Flores,paula29@example.org,2023-07-12 13:47:56,c65505d2-305b-44fa-bdc4-3e459729c861,Power Supply,Electronics,869,62cac544-749e-485e-975f-d7a88dce7dfc,2024-12-05 15:09:59,1,869
4c616390-c89f-460c-88c7-dc7b37ecca64,Tracy Johnson,brittany38@example.org,2021-06-20 22:28:09,de651df9-90a7-4637-a028-3b779243fadf,CPU,Audio,367,b0341d57-a69a-4893-8b08-441211d37e78,2022-04-05 03:39:26,4,1468
eab0f2f7-4028-4bb2-a96f-4b5987507721,Michael Khan,shanemartin@example.com,2024-05-20 04:00:30,fe98bc4b-a4d6-40d1-a9b3-1472b94f4152,Camera,PC Components,1736,fa656523-2f58-4b8d-ac86-bda6c3f24c57,2024-07-25 06:40:02,5,8680
680e2edf-40e7-4f53-a328-20600e5226e0,Robert James,stephen77@example.org,2023-06-12 13:28:17,a0d53c20-d964-41c0-aef8-cd63c74e253c,Headphones,Photography,1931,92fafc3d-1a2c-4c2b-9281-df5ab7aed2b3,2023-11-23 06:08:30,3,5793
73b55c6f-7549-4f8d-900f-f2d7587a55d9,William Abbott,lwatson@example.org,2023-07-08 09:44:25,a227ebe2-8687-41e6-918f-7ba645239e2a,Tablet,Computers,69,b5677750-f3b7-4292-a6d8-006f13298db7,2024-03-22 16:16:45,3,207
3a99de0e-9411-4ecc-a583-d10e79ecdf5b,Jenna Brown,hsmith@example.com,2020-03-24 23:09:45,dfcb133c-fd83-425a-afa6-ec761470aa57,Charger,Accessories,1952,fede16af-8a55-417b-a104-354afda897ae,2024-05-17 06:04:26,5,9760
4f043a84-f76a-4d81-8d8d-2cb100d14625,Thomas Flowers,kathleen03@example.org,2023-12-21 07:46:49,89317868-c149-417f-8e4e-4c926e57510a,CPU,Peripherals,936,0a718fb2-03be-40b1-adf0-509402d1712e,2025-02-11 11:11:25,5,4680
e29a4cc8-e449-40f8-8b6a-9d3ddcc78c05,Alexa Gallegos,crystalwalton@example.net,2023-12-04 16:58:24,998e71f6-7770-497a-b045-29f42c150bb6,Smartwatch,Networking,1203,5e42d688-3199-44ab-a8cf-a2ef3354ee89,2025-01-30 16:01:32,5,6015
5c486160-0f1c-4bf0-8892-0d5be8641f05,Mrs. Kayla Herrera,davidbailey@example.net,2020-04-28 07:10:42,d83d48ba-69be-4380-af81-eb7b33bd7b26,Tripod,Electronics,202,feda3ffb-21a7-4d13-9bd2-f8deb0b9a120,2021-10-21 03:30:12,1,202
ceb30f73-8060-4f73-ac51-53da06c42622,Laura Chase,tthompson@example.net,2022-08-02 01:19:20,4dcd3a8a-9116-4a6f-b6e8-a75fbaef9576,SSD,Accessories,624,ea52045a-f678-4df3-9f7d-b4397c3f2c1c,2023-02-16 15:04:24,3,1872
498963c6-0d78-4490-9179-0c0f9f284c48,Crystal Horton,molly49@example.net,2024-04-10 19:58:55,7f01b873-41e9-46ba-ac6d-c53060188e54,Laptop,Electronics,1437,2c815f59-ecea-48c1-91f4-2e972e77db83,2024-06-10 06:51:30,3,4311
ad48d3bb-af0b-45d3-bc92-0564f8cf4176,Daniel Wade,smeyer@example.org,2022-05-26 11:03:35,0321ec67-bc41-4fee-adc7-0ddd4bae457f,Microphone,Peripherals,1042,83dd0710-47b8-437d-a360-3eb47f42d216,2024-10-10 17:07:41,2,2084
b33037c6-cafd-437d-9b7d-22b4ad639559,Matthew Campbell,tina91@example.com,2022-10-25 14:20:05,c746893e-adab-4efe-9d46-e0fe2dfcbca0,Tripod,Peripherals,1772,b6d3c1ec-508c-4723-86fe-6a9df98f41c2,2024-10-05 11:27:06,4,7088
7c94eb2f-2911-4998-8c7b-593ecf25b923,Briana Huffman,wdiaz@example.net,2022-11-07 16:39:18,19b8272f-78db-41f5-94b9-553775ec3705,USB Flash Drive,Photography,1817,d6b55b94-2832-49cb-a361-6a313de0062d,2024-02-06 16:51:36,5,9085
ac28c955-5396-4c48-a6da-eda42d45ffed,Angelica Carter,aarongoodman@example.org,2021-12-03 15:45:08,e0dbadea-e080-4355-b363-7b3b3ebf3674,Smartwatch,Gaming,884,f11f09ae-0f22-41cf-b06f-f76f63e2d8b1,2023-02-23 17:56:36,3,2652
22cecb01-ba69-45d1-bcd6-b735233feaca,Charlotte Marsh,ncaldwell@example.org,2023-10-21 21:02:54,abe4ced3-9ebf-4810-9d29-7a5d69994d09,Headphones,Networking,660,93a4c87f-e34a-4828-8671-39a1120a241c,2024-11-22 19:21:03,5,3300
4ffb44bf-8819-4d2a-a46c-40795c7dd060,Denise Carpenter,shannonmcgee@example.org,2022-03-29 22:26:53,16a68a45-66af-4ba9-a29b-f9da38acd80a,USB Flash Drive,Photography,796,40ee7983-d858-40d4-b725-3e1389e04784,2022-05-08 02:01:44,2,1592
30a60649-b245-433e-bad3-2364d667a027,Tracey Robbins,nperry@example.org,2023-05-15 23:06:53,0af0eb65-aab5-4040-9056-6f53bee90cc1,Charger,Accessories,1853,4a941480-6aff-4969-bf92-005f2dd6049b,2023-08-09 03:25:55,1,1853
98baa556-69ea-4bb6-8df7-3d2a210da72d,Brooke Perez,tammy83@example.net,2024-07-01 14:04:46,be550259-0e41-4c18-9984-5b87688b8c76,Printer,Computers,1485,2dd93c9b-9931-4f1b-9117-1683db2425aa,2024-11-16 14:17:33,1,1485
095df53f-19ea-4175-90c5-16aefedce38a,Carolyn Beck,james31@example.org,2022-01-01 12:17:46,9c06f0da-e45c-4cf9-80bc-eea8e9587ad6,Bluetooth Speaker,Computers,1898,915e1912-98d1-4204-979b-4d1de6ec32fb,2023-01-28 22:37:21,1,1898
445c81f2-3464-48db-8ddf-c00e52822462,Theresa Mendoza,ljohns@example.net,2024-01-30 01:57:50,58569eba-bbf2-4ce9-8069-beda646314da,Fitness Tracker,Wearables,1715,065ebbed-5765-4bd3-af9f-dfc5791fdd37,2024-12-09 10:30:35,2,3430
b26bc247-fd7d-41b3-981e-034154c636b5,Eric Hopkins,robertadams@example.org,2021-04-24 08:04:07,043e1e77-795d-4761-8f15-d56642daed0b,Computer Case,Electronics,1925,fff78339-c7f8-4eb5-b4f5-b9497a97025f,2023-11-14 20:39:30,4,7700
a491d548-1518-4ed0-95fe-73abac5ea383,Robert King,perezkristina@example.net,2023-06-09 00:16:01,15572381-437e-4ac3-a8c8-1ea3d91ca1b1,SSD,Peripherals,1896,414c68ae-4005-4b83-8c14-d5f2c8e12861,2024-02-24 04:36:53,1,1896
6cf09d8f-af26-49a7-8827-f411ea870c27,Mary Small,connor36@example.net,2021-12-11 22:23:12,4ba366bf-048e-4e4f-9a1c-9fc4512af1fb,RAM,Computers,648,5d3eb7ff-ebc7-4493-97de-a1e882c29552,2024-04-25 07:17:59,2,1296
d33cac7e-59c4-48e3-917f-1258fa47e218,Melissa Smith,icampbell@example.com,2024-03-13 13:21:43,cfc6743e-f684-4d67-a1b6-c3c93efc61eb,Modem,Audio,1089,d4c07303-9e91-42e8-893c-d76fe22c0a62,2024-08-20 10:59:24,1,1089
10736d4b-de19-42a3-b849-9855faa539ae,Gregory Jackson,eacevedo@example.org,2024-04-19 16:15:39,050da3de-3143-46ab-9973-78f89ba12718,Tablet,Audio,203,0ed97017-583d-49c8-8faa-5b21766c472f,2024-05-11 03:48:18,5,1015
acdfe3ff-f69d-443f-bcb1-4326bb7849be,Jonathan Miller,pattersondavid@example.org,2024-11-14 00:51:28,66953b9e-8fa5-4efe-970f-277cd72aad82,External Hard Drive,Photography,595,8e874ef8-adbd-4727-8024-87c9d99440b4,2024-12-28 21:20:26,3,1785
24ceb387-fad8-4ab2-8443-190707021651,Melissa Mcknight,nicolehurley@example.net,2023-06-16 05:26:52,c1220efb-75fb-4301-958a-09cfe02881e9,Gaming Console,Accessories,309,1a6ebd41-5d59-4d17-b766-442d6db03d53,2024-11-11 13:44:06,2,618
3a2b3eae-d33a-4f54-91bf-92a2de4dc9a2,Stephen Brown,donna79@example.com,2023-03-07 04:28:05,d9d4ec01-6a2a-44ef-bd39-4c0e3c6f428b,Microphone,Networking,330,7e0a11fe-8682-4eb6-80ef-f6ebd9f79adc,2023-04-24 22:31:25,2,660
d89ba2ad-03c1-4660-8e5a-cf6369a30593,Sheri Montoya,matthewdiaz@example.net,2021-06-06 13:40:08,933fe08c-1842-4f47-8fe0-40d918b6f143,Headphones,Accessories,812,7a86a3e6-12d7-485f-aaa0-5a080b41a943,2021-11-11 18:13:51,1,812
775171e5-cde2-4801-b624-1fe3c157f4b1,Courtney Colon MD,robertjames@example.org,2023-12-06 17:05:22,278a16da-e048-4417-ae23-968cfdabd03c,Router,Photography,165,91a47550-4c8b-4ac7-aa3c-6bf7c17aeb08,2024-04-22 07:43:08,5,825
76935873-275e-46e2-b38a-db140dd7c238,Breanna Stevens,mercershawn@example.com,2023-10-17 08:47:53,d5543d1e-3147-4ba2-a55f-9fc4bef396f7,Modem,Audio,158,78e87661-897f-44a7-bc4b-ee0a148f77b7,2024-10-05 13:57:25,3,474
d4860f70-fb7a-4dd9-a110-ed04aad198bc,Alexis Ward,susansmith@example.net,2021-12-06 18:05:38,865116bf-7139-4186-b17f-60578da193f0,Modem,Electronics,230,a00c2358-1a58-4cd5-9960-eae28538ce2a,2025-01-31 14:25:51,1,230
356f6dc1-6e1b-4d6e-a810-ca10db112929,Kathy Evans,leblancamber@example.org,2022-09-24 22:48:51,7e247d99-6010-4cf0-8804-c52cd602daf9,Network Switch,Networking,442,7122c4cc-0149-4e96-b359-45fbc607970e,2022-11-14 12:54:11,3,1326
85c4e3fd-eeed-41c8-9c30-371ebecc3bb7,Wendy Brooks,paige36@example.org,2024-06-18 21:53:01,042b505c-8455-4409-a827-5baba7a905e7,Router,Audio,648,6e0372a9-95c0-48fb-8a5e-cf077b8baeca,2025-01-03 15:47:33,5,3240
f4416056-f2bb-4fb0-9066-d087d216e284,Scott Ramos,avilaanne@example.org,2020-12-22 23:07:20,dd0bdeff-1045-4dc8-bc83-63027a2b547c,Tablet,Audio,1802,aafabeff-6ad4-4f32-9170-db559e85290c,2021-05-27 13:01:39,5,9010
67e95962-007a-4573-85fb-d37cf737eb3b,Gloria Harris,daniellehopkins@example.net,2020-09-02 16:50:17,b5ca1fcc-a3b4-4ff1-80e0-b677bf04ca2e,Computer Case,Electronics,1370,64b39870-5271-4340-b058-a1468b31b829,2021-12-08 09:02:17,5,6850
2510be37-d5fb-4ac6-b104-3aa2d5a83d0e,Brett Sanders,zking@example.org,2022-04-06 18:45:22,57b23ac6-90e0-4c1a-9049-d6ec07c7b40b,Fitness Tracker,Accessories,277,2c6b1aab-7433-42a8-bec3-dd48620f946a,2022-07-26 08:04:43,3,831
b2c3cd4a-e9af-4cc5-84af-f228979f71a3,Barbara Martinez,anthony21@example.org,2024-03-06 16:24:56,651d14f3-07c7-44c4-b8fa-69d7c5a83924,Router,PC Components,850,cebda9dd-583f-43f9-b0a1-3df8938edf6f,2024-11-21 11:09:12,2,1700
77e9e894-b82d-4583-b81f-45f901cafead,Bridget Miller,lisa48@example.com,2023-05-16 06:56:45,cce70a09-0774-4f3e-9b5b-6381d045efdb,VR Headset,Accessories,440,db6f1dbe-8dfa-410b-979b-e3cbcbd336a9,2023-07-22 03:10:28,5,2200
eba2d9d9-9990-42df-bdd5-d335010ca632,Wyatt Fuller,tpayne@example.org,2020-07-05 16:03:40,89f14cb2-8f53-4244-a89d-009a5b1c2d49,SSD,Gaming,926,882f2305-7f2b-47cd-a650-c19e38556a5b,2021-02-09 05:39:14,2,1852
38e9c374-e638-4851-ad1f-5817639dbb97,Jeremy Johnson,greenerobert@example.com,2024-03-21 01:46:08,4b15920e-f40b-422d-b7c3-aef24b694776,Bluetooth Speaker,Peripherals,517,c8f16545-b629-4ab8-bd58-5cc942fddbf2,2024-12-18 08:09:33,2,1034
2b7472fb-35d2-4235-9013-99bd0a10a7b6,Colin Simmons,mperry@example.net,2024-08-21 09:05:13,49e62940-91f1-4f89-aca3-77ec801178e4,Microphone,Peripherals,252,5e620247-9f3a-44c8-aeec-9867d46dcdf0,2024-11-14 03:20:09,2,504
26b8c514-063e-4d97-997c-af51fac99ac8,Tammy Gonzalez,wilsonbrian@example.org,2022-04-27 15:57:44,26d49791-b504-46dc-9b8c-9a78a3e6ebee,Motherboard,Networking,1289,53eb1a82-ffcb-4ab4-8390-b7a62e7a310b,2023-12-06 10:16:58,4,5156
804c23d6-242a-4610-b6bc-991c6b4def0b,Alyssa Williams,grantpeter@example.net,2023-06-19 16:20:12,a5763afc-fed0-4461-8ad5-52c8560087b3,Printer,Accessories,481,6db3b357-db1b-4515-99d5-08001abafa8e,2025-02-04 04:21:27,2,962
b3c84f90-98f3-476b-8a6c-aabba041674c,Lauren Richardson,benjamindawson@example.com,2025-02-02 13:06:24,d6066974-18e4-429f-84cf-d3850db8d2d9,Bluetooth Speaker,Photography,932,9880d126-877e-4808-ba22-1bcff317ed17,2025-02-22 09:52:38,4,3728
1f36443c-75cf-4e13-8e19-166171cb5cb0,Emily Guzman,dneal@example.net,2022-12-22 10:52:41,a5a3ca3b-e73d-4408-9625-a3d44d2ffd9a,Monitor,Accessories,1392,f91733cd-2d91-4b64-bfcd-69f479ad4daf,2024-10-28 17:14:08,1,1392
908657f0-e9f6-4758-9f3b-419697d27fb3,Vincent Evans,jenniferdean@example.com,2022-08-22 06:47:56,21d6d811-a036-41f3-855d-44c6240cceee,Charger,Photography,1336,e362e378-8f7a-40e2-9f1a-cae449903ab5,2024-10-05 19:43:03,5,6680
b0553411-3f04-42a3-96d1-478db709042a,Bradley Golden,laurenking@example.com,2022-09-11 05:31:34,48fcb29d-1c1d-437f-9e22-84e4df9098c6,Gaming Console,Electronics,1369,ebd2d9ab-15b3-4433-bc4f-ce7670560b25,2025-01-11 15:43:08,5,6845
1413d5e1-9c0a-47e6-951c-abf4e262fbc2,Cynthia Newton,burnettkristie@example.com,2024-05-18 08:38:03,28d3d7c5-b874-4c20-9a04-b282cd04b781,Webcam,PC Components,991,e492d10c-f478-4270-9236-41a2a05fbddd,2024-11-04 06:24:15,1,991
f2ee20ee-172b-49b2-aafd-57a1a4f143af,Lisa Bailey,taylor63@example.com,2022-05-10 22:17:38,2b75ab83-edd4-4054-8f26-ecfea8cabbdb,Graphics Card,Accessories,1697,eb426bc9-e7f3-4c00-a20e-d47570ad320f,2022-11-01 12:19:49,4,6788
43ae5c14-ee4b-4bbc-b074-cbaa1f1beb8d,Michael Franklin,christopher17@example.com,2024-04-20 11:20:31,94a4326b-d1a2-401c-a142-b667ddd13f36,CPU,Peripherals,1319,94cff91b-67d3-4a12-b226-246aea689d67,2024-07-17 01:39:52,3,3957
2b5d92bf-d144-4656-96a1-80ca7f2a4abb,Dylan Norton,williampace@example.com,2020-10-24 15:58:15,a62ae46d-6845-458c-859e-63a7eeaa0a1c,Charger,Gaming,1596,b16e1d7b-4d44-4754-806e-a2651c817c8a,2021-09-03 11:04:06,2,3192
b1bfa101-8ac5-4acb-8cb3-0a618685a176,Donald Roman,jessica22@example.net,2024-05-28 08:51:42,073f14a0-457b-4c8a-a3e9-3592202720a9,CPU,Photography,1495,1cb1b613-aea8-4507-ad89-811d0c3d27f6,2024-05-30 06:27:15,4,5980
925405e1-d977-4157-b929-71f3be04fd1e,Stanley Petty,zcastaneda@example.com,2023-08-07 10:52:46,a10829c8-b857-4419-8af4-6fdb2feaed4d,CPU,Electronics,1511,6819f07e-ffd4-4286-8fe4-b184cebfc156,2025-01-11 20:29:33,5,7555
b74542f6-f6a8-4b35-8146-a5be0e0f0d18,Mr. Brandon Flores DDS,oconnorbrenda@example.org,2021-10-12 15:55:45,42b9518e-91b5-4b81-a890-73c58dad0f06,Router,Audio,442,f09ba489-1a36-4c1a-b0ef-52213fdc284d,2023-12-24 02:18:13,4,1768
71c73998-900c-44e9-bfb6-ace1420c66b7,Alisha Ross,jeffrey02@example.org,2020-05-07 09:37:02,0fa66898-c8a6-48a1-99ce-782ce7d344d9,Mouse,Wearables,1703,2ccfa311-f256-463d-af20-9dc428245f37,2022-10-08 06:47:01,1,1703
5b0346bf-5063-4b5b-a52a-e7e7ee95651b,Natasha Roberts,keith22@example.com,2022-04-23 15:56:58,13091e67-5e00-4516-baf2-523c89a9b730,Laptop,PC Components,1189,762f87a4-0376-4256-a751-b48609c108f2,2024-03-20 12:31:43,1,1189
5827cffa-3009-44c2-a702-e324907530af,Curtis Boone,jasonsilva@example.org,2020-05-25 10:34:17,53a91d4c-5c42-4a54-885d-c06d62f2e311,Smartphone,Audio,581,8f6a4296-79ae-47e4-a238-63d96b6ffd48,2021-03-28 09:45:09,4,2324
9b294dc1-2029-467e-84e7-7c93e09b6d16,Erin Adams,smithadam@example.net,2023-01-03 11:12:37,57dcdf2c-6c24-4f02-b5ed-2052122798b0,Smartphone,Gaming,1954,5d2059f4-30e1-4e58-a113-e59360413319,2024-01-02 19:05:27,5,9770
8eda3beb-d719-49f0-bb06-4d9f24504f6a,James George,woodskatie@example.com,2024-06-26 13:27:54,ab9b8afb-27a9-4890-a2cd-0f70dcfee306,SSD,Gaming,747,f2e0ce32-1b83-4797-8346-e775ff40c20c,2025-01-29 11:18:34,4,2988
bdb9079e-3624-4274-8e0b-9d8e48ec7553,Crystal Hunt,doris30@example.org,2023-12-03 06:08:05,df334d19-126c-4cb4-9d3a-12dde77945ae,Modem,Peripherals,663,f8435649-1190-42b6-bb90-427036f385e5,2024-01-23 06:49:42,2,1326
d80f0130-c92d-4776-92e9-5318f31d8b39,Heather Barton,john94@example.com,2022-02-02 07:59:04,95e45ca8-1311-49cb-b218-0f6ed8873596,Headphones,Wearables,390,c615602b-1a85-4c61-a2a9-7779ad4b2b60,2022-06-02 03:29:06,2,780
806759ff-0181-495f-97ba-fcf0e2cc2fdf,Scott Garza,ortizcynthia@example.org,2023-11-27 13:04:21,36f390ed-bf6d-4172-be0b-5a89ddaef3fb,Network Switch,Audio,420,7bdfd1b7-5f23-4df7-803e-4ecd42e42f6b,2023-12-31 05:15:18,3,1260
fe26ac80-81b8-4a2c-91d0-3aad7b2ae501,Lawrence Reid,jenkinserin@example.org,2022-04-12 04:19:38,c68732ce-dd85-4ed9-aeb9-9063293397d5,Webcam,Accessories,677,e949a47c-4cb0-4e8f-9a8d-f646495452dc,2024-03-18 16:03:16,1,677
433589e3-14eb-415c-9b36-7c765fba1f0f,Barbara Garcia,banderson@example.net,2021-03-14 13:39:44,759f59f1-2065-4f78-bf2d-f3c788641ea1,VR Headset,Audio,786,fad52288-92d3-4e7d-9d4a-ce708215ec97,2023-09-12 23:27:25,1,786
5e8a3ace-d449-4540-91e3-e2aa1e67466c,David Mckenzie,lori08@example.com,2021-10-12 19:00:36,0f945002-2116-4a71-86e0-5909b0488955,Microphone,Wearables,1932,e70f0dd9-8e66-4aab-9236-ee2056343305,2022-08-08 06:03:58,3,5796
0084dac0-5f82-4804-b0d6-5330a4129851,Brandon Hamilton MD,barkerdawn@example.net,2020-09-15 06:03:42,e05f1ac2-9d43-4cec-a105-f6931e557ad8,Headphones,Peripherals,456,f8b8eaaf-df7c-4aa2-bf88-202af6deb793,2022-05-30 03:15:04,3,1368
a79ca4bd-58ca-4f96-89bc-17d02d714027,Amy Pham,perezkathy@example.org,2020-10-13 14:22:01,1ce9144d-ad20-4ac2-a7ae-bf188dfcb161,Graphics Card,Gaming,346,9d798133-bb57-469a-aa54-f68b2976f56d,2023-04-04 12:17:14,4,1384
79e96731-621a-44a2-9cb6-17c2da173c60,Joanna Bishop,huntermathews@example.org,2024-07-09 08:18:28,e70dbcf9-95bc-45df-91f7-cdb83af51dab,SSD,Wearables,434,8f0a7726-ebf9-43d7-974f-8e8265915d29,2025-01-29 19:25:18,4,1736
d2e3c474-b6f4-4195-9c1e-2a249c0b141a,Sheryl Zimmerman,nsmith@example.org,2023-12-08 18:05:15,88390dd2-dcfc-4dac-90be-cacc32ee91b5,Tablet,Gaming,1887,bbf075e1-286e-4ac2-b784-18a39da8a811,2024-10-27 00:57:33,1,1887
1a4aa961-4dbf-4f8b-9d90-01be1cb739f5,Adrian Obrien,lgordon@example.org,2021-04-28 04:34:53,8c0c57ce-da59-4158-a06e-bbf32e280e5c,Mouse,Networking,1938,641282a2-bd24-4ef5-80b5-59a5411bb9af,2024-06-26 03:02:33,3,5814
a62307d0-91c6-4105-9320-a3e00c220911,Jonathan Lowery,tscott@example.org,2024-11-19 09:04:45,822b4498-e0de-4657-9909-c2455476bf2c,Keyboard,Wearables,1458,a8734d57-9754-45a7-a11e-1336d7dc6fbd,2025-02-25 10:36:53,1,1458
96a3687c-d124-4956-a113-2dbe4078e457,Whitney Wilson,rharmon@example.org,2022-07-04 14:38:57,52d93ee3-2da4-40c5-ac38-a86cb842accc,Laptop,PC Components,1808,08dcabb0-a5ba-4297-af26-509f072bca82,2024-04-16 19:39:44,3,5424
2b195b59-20b8-4e3a-816f-29e8fa21dbf7,Emily Serrano,christina06@example.net,2020-03-26 13:54:40,a7fb8325-7506-4d4d-a6af-a8030bd060d4,Smartwatch,Networking,1025,d8e7701f-c294-43c2-a7d2-b409fb4b6b78,2020-10-24 18:31:34,2,2050
8525de9e-3c10-4c7e-9596-b4371b3281c0,Leah Johnson,wchavez@example.net,2021-08-07 13:06:56,2a3de8c8-50f6-4b01-8310-64dd402a6fff,Tripod,Peripherals,620,caadbb2c-a4b3-4fa4-be69-76184b69eaa8,2021-10-27 07:32:01,1,620
48f26219-afaf-4bb9-b0d9-d7b444a86349,Paul Smith,michaelbell@example.net,2021-05-26 23:54:54,2d3755a5-298e-47ee-97bc-daae530e1980,Mouse,PC Components,1575,60b7a5f8-cf49-4f85-be68-8cc95785a9ec,2024-01-02 16:20:33,1,1575
aeee87fc-7315-4bd1-b4d0-35556437c1cc,Abigail Ortiz,kcoleman@example.org,2020-06-05 19:05:36,a751649b-dad1-406d-92d9-e9261428a26a,Power Supply,Audio,1270,fc640958-4444-4466-8f2e-0d34cbb16473,2021-03-30 06:05:19,2,2540
615176fc-739c-41ff-bf5c-84a2d29f28fc,Maria Richmond,joseph45@example.net,2024-12-20 04:31:30,d75cac2c-6dad-4664-951a-3d409cd62728,VR Headset,Accessories,941,f9a0a0d6-121f-477d-b41e-2e02edeafbe2,2025-01-13 08:23:55,3,2823
92fe38ed-5eb0-48f2-a848-4134b38ee948,Ann Brown,kchang@example.com,2023-11-09 05:48:48,320afa5d-a9e1-4d2b-b1f8-e8a98288be83,Smartwatch,Peripherals,441,329a3957-17e6-42c2-8fec-46b6920db22a,2024-06-01 02:15:57,4,1764
2fae03db-a40c-4f95-91a0-ffac5c0a8c9c,Cheyenne Riley,casecharles@example.com,2022-04-12 06:41:22,1d76bd18-a5c0-4ec6-b2e3-588b904fad1f,Printer,Photography,1144,7d7ab50d-6319-4c7b-aa96-ebbc41cbe041,2022-07-15 16:12:35,1,1144
9eeb4b6b-ff24-4836-9776-02361a2b4519,Victoria Stanley,jasonhawkins@example.com,2024-04-20 01:32:53,0b8d0e0c-a819-4863-a745-4fdd50462c58,External Hard Drive,Networking,855,ed8b700e-cdab-45c6-b6c8-9cf8eab2177a,2025-02-14 15:26:06,2,1710
bd9ee633-e875-4195-bf32-c9aff3c41ee2,Todd White III,sonia15@example.com,2024-03-12 00:21:42,e2ad5aab-7b07-4dfd-95a6-25c57215664b,Keyboard,Accessories,491,76343826-fdc3-4078-af80-6b4aac2b20f2,2024-07-26 18:45:02,3,1473
da6e7a45-27cb-4fc1-93b5-1872b5ef2c93,Patrick Powell,williamsonjennifer@example.com,2021-03-07 15:03:17,439bc767-7d4c-404a-9aee-59ee54f79502,Power Supply,Peripherals,883,57b2c988-79e2-4a2f-9a0a-a635042d61a6,2023-03-21 09:07:29,4,3532
be524240-aa7c-439c-aaaa-34c8b40038be,Dr. Michael Hart,lewislindsey@example.com,2022-07-19 14:30:23,0e0cb5e5-6c82-4afd-be1d-134ddcc9b16b,RAM,Photography,647,bbdc4b3f-6c5d-4bfc-a18a-6b8edc969a57,2023-04-03 21:23:53,5,3235
596272c2-ea58-4f4b-86ef-d641c6b62382,Ashley Palmer,margaret93@example.org,2024-01-31 19:24:39,3c433d5f-7643-41e9-8e5b-4ad185803de7,Graphics Card,Networking,1637,02e469b5-ac16-42c9-887a-14b75644f316,2024-03-22 10:58:57,3,4911
37b26274-e808-4a7f-807b-89ec88ceb66b,Brandon Morales,michael83@example.net,2023-06-14 23:05:27,8519c4f5-756b-40d4-8eeb-b1f32f93aeb5,Charger,Accessories,219,4b3d4683-68bf-46d9-903d-1c44b7d70399,2023-11-05 23:31:53,2,438
15ccae0a-a866-4cdb-bbe7-d313fbd08e46,William Nguyen,shawnleach@example.net,2022-07-02 08:15:00,551135dc-86f7-4151-bc53-1b8cc2bcda15,Network Switch,Photography,1016,a81fc7f3-ced8-4993-8877-6eb408d5680e,2024-06-30 11:03:46,5,5080
cc0d0f12-180b-4083-9808-2302993f57b3,Scott Gutierrez,michellesmith@example.org,2023-05-10 18:37:03,fc554863-937f-46a2-99e9-1bfa7905d59a,Network Switch,Electronics,769,511e1dc7-ecc3-4121-ad3b-9160e8836a1d,2023-07-01 21:06:27,3,2307
8fce8736-01f0-4b14-9532-04b7c679cef6,Harold Rangel,brittany76@example.com,2023-03-20 18:41:38,0757df80-e9cf-40e4-a5cb-1f4cfdfa0c22,Printer,Wearables,1032,24dac46f-467f-45dd-afdb-bc3aabaaa725,2024-02-19 16:26:36,1,1032
fcf9b89c-8306-4c16-8421-faa1d6102fbe,Luke Kelly,donaldsoncristian@example.org,2020-09-11 15:55:26,96f5c040-1a03-4ed5-8778-5f6fbe354547,Tablet,Electronics,1150,e08fde32-2c04-4a99-bba4-4547c8e0369b,2022-02-25 04:45:01,2,2300
11d46202-0643-4d76-aa58-2569c37349e4,Tammy Duran,lindahayes@example.net,2020-03-21 16:55:24,359059b1-e553-4c8c-8e51-4ae27d2e65a4,Gaming Console,Wearables,1250,243de406-e14a-4d80-8c8f-cc91bf52fbe9,2020-04-02 02:03:51,3,3750
cf5bc3ce-a1a8-473b-a76e-a3232c29290e,William Brewer,alyssa83@example.com,2025-02-26 10:30:22,1fac89f1-edb2-4055-b9c3-c90a75d097c4,Microphone,PC Components,783,fe467a18-c67d-47ad-91d0-21d1072f003e,2025-02-26 14:11:58,1,783
d6911070-9b1b-42e5-9b76-b068c4af7495,Bailey Fox,jonathan63@example.com,2024-06-10 22:06:10,31239b80-ea5d-4cdd-83bf-fcad5b53d9f0,Microphone,Wearables,117,bb2cf665-91bc-4284-9475-3c2ebaeb3bb9,2024-06-22 16:21:32,4,468
e5c49181-ccd4-4528-8e37-46fe82cc3866,Cynthia Webb,davidnelson@example.com,2024-11-01 03:30:13,ed89fdea-fb74-4b59-9e3f-fb83032cac80,Camera,Networking,1286,5e7afdef-ee63-43be-b7d1-ab83880aef2d,2025-02-11 22:46:39,1,1286
bcb32cc4-4bb8-4944-a3d6-916c20b6779b,Heather Gardner,vbarnes@example.org,2023-05-08 12:18:13,378144b0-acbd-4e1a-8ba1-04703ab1d2a0,SSD,Wearables,683,84ed90c9-94ee-42b1-99a3-f9c8e8fd10f9,2024-06-27 19:20:02,1,683
6e318dd6-ab3c-4794-9658-264badbcd541,Jose Rowe,seth19@example.org,2021-04-16 04:55:54,b813fc43-864b-4d3f-a5df-3d27baabe972,Camera,Computers,603,dafac123-b699-4fd5-b6b0-2b312a48ae1f,2024-02-25 03:34:41,5,3015
2dfde984-a3f1-4056-8d18-f5a0f2a9c525,Taylor Sanchez,emiller@example.com,2020-07-15 14:24:49,43214594-e1c8-4cd7-83c0-d57230348816,SSD,Electronics,1883,581091bb-0f98-4852-9eab-a98357d4538d,2024-12-06 11:21:16,5,9415
50ce30bd-4756-4054-9bb1-0251370488e5,Danielle Sanchez DDS,amyjenkins@example.net,2024-02-15 19:03:23,1540c020-4352-4548-82ad-3c0dc2978107,Tablet,Accessories,1404,bb2a958c-7f73-4581-87bb-81a8be4a4fb9,2024-10-02 07:49:33,1,1404
7716cde7-615c-4788-97c7-f90257f54d5e,Michael Lee,davidgarcia@example.com,2024-12-01 19:34:33,f4205310-a8cb-4c48-b011-1a0e3579e45e,VR Headset,Computers,1061,60464268-d751-4a96-b645-7dd2e9b50d1f,2025-02-10 14:11:35,3,3183
902fe404-6a12-45ca-bf98-3b508b0bdfc9,David Wright,michaelwilliams@example.org,2020-10-10 05:03:44,7418427e-d1e4-44d2-a574-cf9f7a782d4b,Headphones,Peripherals,743,5f0ce26d-8fcd-40d0-abe2-b30af4dc9b76,2023-12-31 13:25:10,2,1486
06f4c830-1e47-4f2f-b77e-6f1b0893dd63,Nicole Todd,kimberlydennis@example.com,2023-10-28 23:39:26,8856acab-d406-4eff-bdf6-7422a6e5cd09,Headphones,Gaming,1778,dee37372-6cb3-4e75-930b-5fc1bab2dbd8,2025-02-02 17:17:49,5,8890
247ccbbf-fb34-44b5-94fb-8e1e73d102d1,Sean Rice,michael58@example.com,2023-05-20 17:13:52,a0d1cc42-1eb2-4514-bd15-8f3b81b19a97,Graphics Card,Electronics,278,ce8f6281-14a0-40ad-9608-ee62dc7621fe,2024-11-06 03:25:55,4,1112
849cad58-3ea1-45a5-a163-eb668bc94e6f,Christopher Rodriguez,jamie51@example.com,2022-03-07 09:07:45,6cf78376-12bc-4581-8198-215b7d1baece,Mouse,Wearables,1862,92481779-0761-482e-806f-ab4b8e041941,2023-04-14 09:06:56,1,1862
583f705d-b88f-4fea-9bc3-bdab57e5761e,Sierra Garcia,blackkatherine@example.com,2022-12-07 19:47:55,27c43224-4612-49e0-94de-29aad7967517,Tripod,Audio,936,799d2484-3869-439a-9efc-97ac46d524d8,2024-01-01 10:24:43,1,936
415db753-fc8a-4503-876a-7c3a5542aff1,Francisco Cortez,ryan47@example.net,2024-09-02 04:09:28,5c17f873-fe5a-4087-bc9c-69487188efd9,Computer Case,Wearables,493,9d2bf7ad-714e-4bad-959a-2c5f3b61cef3,2025-01-25 06:01:37,5,2465
e49f8897-3892-44ae-ad99-2dd5188a67b4,James Meyer,lori91@example.com,2021-08-08 15:51:26,a919d62b-7597-4394-9d04-9f2b079d5aa9,Modem,PC Components,1217,4042906f-33aa-4e52-8627-8116fbdf3c5b,2024-07-08 05:29:23,5,6085
8e502102-03d1-4b9e-998a-69c3428e6a65,Richard Perry,daniel44@example.org,2022-08-23 19:00:12,85bf82e8-a6a6-45f9-adc5-0b892af4f094,Microphone,Electronics,700,521f98fd-0cb6-4a95-9f69-587530c32685,2023-11-24 07:48:29,5,3500
7908f2a8-d2c3-4965-b462-6bff7ef3f0ac,Sabrina Cooper,scott29@example.org,2020-03-16 06:31:02,08933603-b9b6-442a-aabe-f7c1470d7dc3,VR Headset,Audio,1402,889cc790-ee86-4fb8-a07a-fcfb36cf81f9,2022-03-10 00:13:29,4,5608
1c7f4c59-699d-402e-a689-c6f38f4cb187,Brandy Wells,ccook@example.com,2022-09-14 11:14:38,3ce7b435-c3be-44c3-84d2-086eb0ede7dd,Bluetooth Speaker,Accessories,1381,b3200845-2387-4c9c-9a86-9c56f3e0c5a3,2024-05-25 01:17:00,4,5524
276624ae-8a36-48d8-9067-cbb111672b03,Billy Jenkins,mmiller@example.net,2024-11-03 05:35:02,39188e49-e885-465a-af8c-80034f51c7cc,Tripod,Peripherals,1278,7697e8c4-0956-43b0-9930-ad541dbfefd4,2024-11-05 20:46:53,3,3834
a53536f2-c999-4ba8-8330-0a8739b43b71,Michael Moore,evan90@example.net,2020-05-01 13:09:55,13ff0f9b-2fe8-4e6a-b559-6f97269be0ef,Computer Case,Networking,1874,e212eae1-8d89-4ffb-961b-ba6002f4a65a,2022-02-08 01:59:17,2,3748
c87cefc9-cdd4-4d37-a76b-1fd2882647c7,Patrick Coffey,martinezmatthew@example.org,2020-12-05 17:55:18,205ded1e-9476-4ab7-ac22-47c73120a935,Charger,Computers,1023,363c3a47-3c73-4263-845f-7aaea90441c3,2021-06-11 23:05:43,4,4092
59dafd1a-9b2a-420c-a568-aa24824ec0ee,Mrs. Sandra Smith,brittanyrangel@example.com,2022-08-24 20:23:15,13560871-75aa-40c2-a4c6-bf0f6f677cba,Monitor,Computers,1231,6c3b532d-ff09-45db-97f7-6cea3239b54f,2023-03-29 10:44:50,4,4924
d20be8ee-c10b-4988-b8bd-4191edafc8bb,Melissa Mckinney,alopez@example.com,2024-07-07 06:03:43,b1160f99-681e-49ac-abdd-b48ba828ef7d,SSD,Computers,1560,2966893b-c2e1-4cfd-844f-bdd902d662b5,2024-08-16 16:41:42,2,3120
4df130fc-1553-4419-bc4b-236b7c71477b,Anna Velez,reyesharry@example.org,2021-09-03 16:57:46,95ab1c39-3a31-4611-8bcb-73d3b1f63b95,Bluetooth Speaker,Electronics,1402,652d201b-b0f8-40f7-8160-3b79ae63c7f5,2025-01-22 14:51:51,1,1402
b5c3c99e-29f8-4e63-b72e-d27ccbc9d644,Ian Jackson,leah97@example.org,2020-05-10 11:03:24,389b7ed6-a9fa-4abe-b13d-f0c112aa0ba4,Router,Photography,960,e3620ef9-2bd4-4b1f-be5c-f0a01fd1013e,2024-03-04 21:10:10,5,4800
50d0b15d-acab-45cc-898e-57438ceca2cb,Gregory Munoz,dramos@example.com,2022-05-25 15:57:01,141834f9-ab38-4ce3-b4a2-2682c695d8ab,Network Switch,Electronics,652,149649c7-da53-4e59-bae1-d375242cfa59,2024-08-11 07:31:11,4,2608
35f83044-744f-4b71-ba3b-db5b1034c309,Jonathon Wood,owinters@example.net,2023-05-21 19:32:17,ff7275a8-2cdf-4af7-a1d2-20e2059a217c,Network Switch,PC Components,1506,dd0187fe-8445-4183-b0e0-ce39a616771c,2023-07-02 01:34:48,4,6024
6cb71ca1-5ba5-4bfd-90ca-637c28a62d34,Felicia Sharp,ucarlson@example.org,2020-08-05 19:11:37,25b44fe1-8fc2-47c4-b352-4bb1e4013004,Charger,Peripherals,1094,58647368-488f-4143-a952-5c6909631a47,2021-02-25 11:00:20,1,1094
7996372f-2252-43ad-bed1-2cfeccf21743,Jacob Wiggins,robinsonbeth@example.net,2024-06-15 21:47:19,22cdbb41-badb-43d8-8f9f-06b3aa2b5b9c,Bluetooth Speaker,Networking,1470,127c6cfd-efec-4cc7-84c6-cc88871bf9c3,2024-10-16 01:00:48,4,5880
891ecc30-16b6-4da7-8a88-afcb5cf5b274,Janet Brown,patrickmorgan@example.org,2020-12-14 12:29:17,23538771-2102-4cc1-9b44-c3fc250bb0df,SSD,Wearables,1378,3e05c070-65b8-41a9-b082-ea3df2d76684,2024-09-14 05:17:17,5,6890
0cbc1c72-ca77-4eec-89ce-3a6ab9666d46,Kristopher Coleman,keitholson@example.com,2021-06-07 15:38:32,f0f03437-8497-4e18-85a7-7fd16c982849,Webcam,Networking,1181,b413efc9-f2cc-42e0-a03d-1565d80a2175,2022-10-02 21:27:27,4,4724
087192a2-4cdf-4415-804f-87839c5bf3d3,Patrick Boyer,imarshall@example.com,2023-09-01 23:48:35,6400794e-0505-497a-b6cc-b2f3e472f227,RAM,Electronics,481,dee56271-a131-4c62-8937-51877dd7a5f4,2024-04-05 12:20:16,3,1443
4052723e-42c8-4ab8-9325-f50215e7b31e,Rebecca Moore,freemandustin@example.org,2022-11-23 14:14:00,a5895796-d2c4-4d9e-a6e3-db5288c9f56a,Microphone,Photography,1631,23c5d0f7-5853-4744-9e10-e479a9590648,2024-08-26 12:02:23,3,4893
f6783cd3-e214-419c-bed2-135d59d04abd,Michelle Sanchez,madeline69@example.com,2021-03-27 07:14:54,91198ff6-7e50-4f23-a136-916256b69645,SSD,Audio,1674,d60224d9-7189-481f-ae74-c94fa0b4d782,2024-03-08 08:15:27,4,6696
19987f7c-5373-463c-af92-1be61fabcc9c,Ms. Karen Huber,orobbins@example.org,2023-07-18 08:48:54,d6629406-8d3d-4497-8d95-7fb65f96c48c,Computer Case,Peripherals,1824,60c1f67c-6472-4af5-88fe-b913f2aa626c,2023-10-25 06:22:19,1,1824
126891aa-04f7-4263-a584-2f658f77ddde,Nicole Brown DDS,bryanfranklin@example.org,2023-05-18 06:14:11,af0babb5-bc95-4c04-9bd7-a57176eb07ad,Tripod,Peripherals,1039,2eade840-eb39-4048-9cff-95ef350ad1f4,2023-06-30 09:42:12,5,5195
8a23e90d-7a2e-4edb-b593-8e261eb0035c,Caitlin Smith,sarahfox@example.com,2022-05-24 17:45:53,2c6b86e5-a021-4b13-8ac1-42d28cc632a1,Webcam,Networking,1926,bbe59c57-a65c-4f27-9fcd-03fa924e574b,2024-07-27 07:13:59,4,7704
fd61d354-a817-4e37-adf0-5f157337f5a5,Joe Young,rfarmer@example.com,2023-02-22 19:27:20,e83bd9a3-97fc-45a7-b4eb-d480fa8004a5,Scanner,Networking,1796,3f393ca9-b281-4da4-8bb8-fae5e712dc72,2024-04-03 08:17:41,2,3592
a7d3d516-03fb-44f8-9053-210b22d46552,Brenda Marshall,ffritz@example.com,2022-04-13 06:45:33,72864a97-e883-450a-b40e-69d34a3128fc,Headphones,Networking,1351,69ea62ed-429f-46ba-a8cf-38c374161aa8,2023-06-02 21:27:13,4,5404
9a2d4914-975a-41b9-9014-0fcb4a000c05,Amy Liu,rbriggs@example.org,2021-02-18 13:23:36,d4dd8c95-acdc-4878-8de5-b8333e681e46,Router,Networking,267,ca5e51e3-0586-49a5-b71e-48f21eb86436,2022-12-11 23:31:13,2,534
adfbe563-d433-4a94-b6ad-37ba66c2584c,Kim Jones,jonathan54@example.net,2023-09-29 16:12:53,b366a5b7-0f75-4729-9054-011c76f6000b,Camera,Peripherals,530,e45eb8a0-1520-4e40-8f97-03bee2f5c443,2024-09-12 11:19:17,5,2650
d0712d68-781e-4aae-86e2-f8712dd2e811,Henry Reyes,juliemata@example.org,2023-12-26 08:01:02,da2abcd4-c4d1-47da-b2f8-47ac89785266,Graphics Card,PC Components,1379,f558fcea-b7b4-4025-a1cd-027e360028d8,2025-02-06 04:22:09,1,1379
75b79cf6-9537-4a3e-a48d-c0daed9e3563,David Thompson,katieflores@example.net,2021-04-21 03:18:53,5398cae1-a480-48c5-a707-371499288c60,Mouse,Photography,617,6e9fc0b6-64be-489e-a9cd-37f7e2e93336,2024-11-22 21:23:09,5,3085
804e8c9a-8a45-4aa6-936f-4d77dd4a7b2d,Jason Knox,ewyatt@example.com,2023-02-19 18:22:16,63e26f69-a72e-4b32-980e-fed75c53d6db,Network Switch,Wearables,277,f3023b3b-b2ed-4ed9-a205-ce6611375719,2025-01-17 15:03:26,3,831
b4812177-fe60-4d65-9c2e-503da1148497,Danielle Elliott,grantmichael@example.org,2020-12-19 14:06:30,f66b7d4c-5cd8-41ec-8833-c3505c279c6a,Printer,Computers,1710,577b06f0-5820-48f9-b65b-20d383afcb18,2024-03-10 04:37:25,2,3420
a0adda78-4f7b-4d26-95c8-01ad66f5e944,Melissa Flowers,robert43@example.org,2024-03-25 18:36:43,80f1c2e6-a5ef-4ec9-a96f-b7666dee2c7b,Microphone,Computers,1695,9707a7ab-a08f-492d-8a30-13d8fbbe0ebc,2024-08-04 08:14:56,3,5085
305e2187-effa-4ba7-a40f-a46a769b25f2,Hannah Wright,noah33@example.net,2025-01-25 10:42:34,efcb1701-d6c9-4ab5-99de-a3c716794837,SSD,Gaming,1403,28173c37-454c-4894-a6cf-ed006ed1c1c5,2025-01-29 17:57:45,4,5612
2a4f693c-30ae-4a19-8a3e-2bd5b526069f,Mrs. Monica Jones,madisonlynch@example.net,2021-07-08 14:49:51,e2c4fc5b-2152-48f6-84ea-ec740fe8ed50,Webcam,Computers,1137,263fdd98-a3a3-45af-b6b2-049e143c1247,2023-08-08 22:34:42,2,2274
8795475d-53d4-417e-a38b-b38366bf87c2,Mikayla Graham,fcooper@example.net,2023-11-17 09:17:11,f63c1d5c-9133-4920-981f-f807ca130bd2,Graphics Card,Photography,1043,c29ff8bf-784b-44ff-9c0b-1beed863d8e7,2024-01-23 07:46:51,5,5215
fc2fa05e-ba8a-49a3-ab41-dd615aa2c34a,Adam Brooks,fvalenzuela@example.com,2025-01-06 12:43:22,a81dabf2-c949-4a2d-b678-71abc22cb0b5,Drone,PC Components,1359,104ead49-1e72-415f-9f43-2a5494de72cb,2025-01-19 01:45:31,3,4077
ce7cec53-7133-4f47-a719-f24c07d50df7,Laura Ferguson,arthur35@example.com,2021-06-10 14:25:12,0a7ece85-c957-4d5c-959f-2746c96328d8,Bluetooth Speaker,Networking,1165,7d07f9b0-3f31-4955-8289-4d4df8792c90,2022-07-11 20:01:06,4,4660
a862187a-5d80-449b-baa9-31170d1d0413,Misty Haynes,carolyncontreras@example.net,2024-06-03 23:38:59,70b1ac90-15e8-4c6a-9831-83de7d59fb74,Webcam,Electronics,1689,82131a2e-bb2a-4b41-937d-9a56f9372f40,2025-01-26 22:40:30,4,6756
bbf93d9a-b3e6-424c-8a17-2deebcbb58dc,James Leonard,elizabeth78@example.org,2024-08-23 20:42:47,0868bf02-5ed4-44fc-a663-5257b5a727b5,CPU,Audio,490,ba6f00d7-6dad-4379-9099-1b908002b0c4,2025-01-07 06:01:34,4,1960
740c362a-7b05-49bc-8567-b402175c6e2f,Paul Burke,wpeters@example.net,2024-10-04 15:07:02,751ae222-d8c3-4ff2-9f6f-bcbde28bbbad,Drone,Electronics,1562,7b65c671-782d-4c65-ad07-7cfd8696f553,2024-12-29 23:14:13,3,4686
b8f99052-6f72-48bb-a5ef-47510e1fd0ab,Michael Baker,bowensteven@example.net,2022-09-06 13:47:54,ea9bbcdd-f948-4bf4-a9a6-d89dabeea2fe,Keyboard,Electronics,504,69062d83-de85-4e6f-bc77-834757f8f5fa,2023-11-11 20:37:18,4,2016
4535bef9-2046-43e6-b4cf-ccbcd80e42cc,Stacey Hansen,eberry@example.org,2021-03-06 07:31:16,3a5aacff-6a18-4d66-9b95-feff82cb1bc0,Router,Networking,357,2a311683-d358-42fb-bb3d-758c8e9d29a1,2024-01-01 16:14:53,3,1071
97da3dfb-4663-4402-86f6-14b690f65c66,Barry Wagner,davidpena@example.org,2022-04-23 06:14:44,3a998cc1-bee6-462a-adb0-83a593b12d1a,Network Switch,Photography,1127,41044318-e985-4944-8f15-b3c037f45e93,2023-07-14 20:10:17,1,1127
d0b46a7e-1016-4e6f-8ab9-02750bd799de,Tracey Lee,farrellholly@example.com,2023-10-02 06:47:45,56e46e68-2a88-4bc9-93cb-7c59a66f58ca,Keyboard,Gaming,357,160ee112-0e1e-405b-bc4d-f6fae5e87956,2025-01-29 17:25:07,1,357
c0f75c58-f089-4c8e-95fd-49f58b37cde4,Erin Brown,perezsteven@example.com,2022-12-14 19:34:18,980919d9-0743-4233-a818-b09f8b65fa83,SSD,Wearables,1529,bf148265-5181-4da9-8ec5-a52a46652819,2023-10-09 06:44:34,4,6116
be86bb0e-5562-4f01-a97c-9f02fce97473,Angela Watson,jennifer73@example.net,2021-12-16 12:41:56,42e5c9cc-5400-45b3-9bf5-fa26e8b71943,Microphone,Peripherals,1389,36c05c76-baa3-435c-8fa9-671fa923e18f,2023-07-29 08:01:48,1,1389
0d0ca85e-9448-44db-875c-075a5c3573f0,Gary Castillo,alyssa34@example.net,2022-06-06 06:14:17,50f52022-6c94-4508-b70c-acdd22229203,Scanner,Networking,1190,5feb0a74-d7ef-4f72-a508-cc6176d2509b,2023-05-27 01:06:59,2,2380
aac86824-d79f-4aad-bb6a-2d1ab41b0530,Jennifer Smith,torresrebekah@example.org,2022-02-19 06:32:22,330e8129-6c55-4f2a-a20c-626f273949cc,Modem,Accessories,293,3708b230-9898-4dec-932d-9cd418cc3a38,2023-11-07 00:17:51,4,1172
76eb5c4d-7ef4-4487-8418-07b307a1683f,Jaime Burnett,deleonnicholas@example.org,2022-02-14 17:29:27,65df0bfa-b293-41e6-baa9-2361ba1f29a9,Camera,Electronics,1161,ac71ec8a-e2a9-40b9-9fd6-23b042b51d6f,2023-03-29 07:38:41,4,4644
6eb5909c-5e57-41a6-91f3-56928b4e2e83,Erin Atkinson,michael52@example.net,2020-10-02 16:36:54,0bbbe8e1-2639-4d14-a57e-2c5b5ddf1bfb,Keyboard,Networking,1453,27370391-bd39-4e8b-89ae-dae0adc02798,2023-01-05 23:42:19,5,7265
ca8a4f58-03ba-4e9a-8c04-5d95d3f4bad9,Richard Brooks,rmorris@example.net,2023-08-28 06:07:02,1012109a-4a04-4384-8f23-a228c90ce92a,Tripod,Audio,658,538fdb97-6414-49fe-811c-ccc68d1bba3a,2024-09-27 16:49:12,4,2632
d8dad508-bd34-4ee2-864b-9541d7d1ef6e,Melanie Parks,robinsonronald@example.net,2023-02-13 06:01:25,096add62-66b2-49b7-952b-504c3d07baec,SSD,Peripherals,434,6a815688-cf56-43ed-954b-24ef2d36da8b,2024-04-27 15:26:58,1,434
2aadffeb-5b78-43dc-991c-e4ee751b36bf,Mr. Joshua Soto,tanyaphillips@example.org,2023-05-03 11:44:07,c9428ef6-7466-4571-b212-5dee51036cca,Printer,PC Components,642,27520693-1314-4e8e-ba0c-6bcb4d696bdd,2023-11-26 18:54:37,2,1284
b8a4f076-b9da-4596-8b20-6c5bf0f8a7c5,Christopher Dixon,ericmartin@example.org,2022-11-30 00:12:49,c293e4a1-3a3f-458c-9821-f1da807518ec,Computer Case,Peripherals,1514,10de42b1-e675-46f3-ba14-af12570527a4,2024-12-14 20:40:02,3,4542
73baa491-b61a-416a-82d1-85994bdca69a,Allen Garcia,sanchezwendy@example.org,2022-02-06 12:52:18,3f2b84ec-df02-4319-81a9-7b0a8315fd66,VR Headset,Accessories,1756,720a119a-edc3-45a4-a4ce-2c1e343c471a,2024-05-13 06:19:24,4,7024
32e973c5-f63e-4912-91f7-8c6870c13fe3,David Harris,patriciahenderson@example.net,2020-08-26 15:50:16,28365a08-9796-4fb1-b415-487d9a793908,Router,Wearables,1190,fd6fe528-246a-4ba1-8a08-c7cac5ef4896,2023-03-18 16:05:04,4,4760
720928a9-9194-4073-b460-977a55ffde58,Kevin Dyer,lisaharris@example.com,2022-01-15 12:43:27,890da1e5-a5fb-4021-914e-f73de20c7516,Scanner,Electronics,1708,0b47c424-6f8b-485b-9c3e-7c3f0ec34260,2023-10-09 06:53:27,5,8540
88df5302-3f08-45eb-b403-de2f2fdb0c52,Laura Armstrong,randallshannon@example.net,2022-03-14 22:07:50,4162a250-b3e2-4445-af4e-ea4ba0df127f,CPU,Computers,998,d37c52b4-d7fb-4563-9852-fee7d7357508,2023-12-29 22:33:29,3,2994
cf2d2a49-7a97-4213-8398-fce54d310e3f,Denise Hanson,claudiacole@example.org,2024-08-03 05:07:27,0eb97cd2-5a58-48f7-819f-ccab9efbdb7f,Monitor,Peripherals,1750,2f6bd24d-0b9f-40fa-aa0c-e84b8eabc08e,2024-12-19 23:59:38,3,5250
6ad35ee1-50dd-475f-856f-ce9b69a60846,Angel Jones,perkinsandrew@example.com,2021-04-23 21:56:29,79d68f8e-24e2-4cd8-89a7-7f504bb40de0,Tablet,Computers,1233,a5ca5f38-5950-4fab-a904-2263dd3e598b,2022-10-30 23:29:31,1,1233
8a3c34c0-1baf-40c5-acac-58ae0335f170,Ashley Mcclure,iduke@example.com,2024-03-08 20:53:53,eabd1801-75f0-42e5-a3e4-7ccd0866f709,Graphics Card,Peripherals,489,4f1bcc97-7deb-440b-8d77-4faf6728a0b5,2024-08-01 09:32:05,2,978
9b19683a-5b77-46f2-8732-d95e039a3805,Richard Cantu,tallen@example.org,2023-07-11 06:11:52,e9ee5ef3-c502-4746-bd75-93af2e1d4e03,USB Flash Drive,Networking,243,39d3f728-4c3b-4d4b-92e3-b7397f8df229,2024-10-17 20:16:10,3,729
67f4a894-df37-4d40-9769-bba570f9798f,Kylie Bennett,smithsusan@example.org,2024-02-01 21:28:43,8e35875d-9ab7-4303-b13e-e9da2495a5e2,Charger,Electronics,1713,607f9d35-fedc-4a6c-a48d-4840224e53d2,2024-10-10 06:17:23,2,3426
3f42d753-606c-4fd6-a81e-b471f9a5e33f,Michelle Marquez,littlebrian@example.net,2023-10-18 11:29:59,1d32bdaf-658a-4ea3-bdb0-5890b0b985a3,Modem,Electronics,623,eca09e35-fa6e-4941-bd8a-91720cf50e0d,2024-04-19 15:35:41,2,1246
1ff67b18-2753-4779-a3e6-bd1a328f5911,Dan Ruiz,thomascontreras@example.net,2023-10-19 15:17:01,df766905-3b3b-42c3-acd1-631634a6dfe6,Power Supply,Peripherals,197,a95d04ea-3e3b-4c8a-a748-a23751a1648f,2024-06-25 07:43:41,2,394
c2719ab1-01e3-45f9-a6a7-2c6e022f2632,Lindsey Coleman,spencerdanielle@example.net,2020-11-26 17:25:49,8e314170-b85c-41c3-b3b9-e0e053196483,Graphics Card,Computers,1554,f641ce12-61b2-4d86-a3b6-2d17aff65514,2021-10-09 08:39:19,2,3108
0f849677-1de2-4c6b-b3e2-b3ef3413ddb3,Gregory Henry,dianewilliams@example.net,2024-10-04 05:47:31,01fd47fc-654f-431d-9b86-b15ef1e8ba33,Bluetooth Speaker,Gaming,1603,19760814-4c0a-4f2b-9dd4-85e44bee8b49,2024-10-23 19:39:25,2,3206
8201a82d-a925-4d00-b801-33dced0f4fdb,Anna Smith,ebell@example.net,2022-09-21 10:50:34,38415679-6151-46ee-b26e-554ebf3b8b31,Tablet,Peripherals,1673,8a0979f9-f100-44b3-a7f1-e133437894a7,2024-02-18 19:21:47,2,3346
3ff48746-21b0-4c24-bf30-bbd9074f50b1,Calvin Jones,fieldsmelissa@example.com,2023-11-28 15:27:27,420b6efc-b8b1-47d3-90a7-be0e7e5143bb,Gaming Console,Electronics,365,c502a055-b3f4-4e0b-b0a6-c744ad2cbb2d,2024-02-02 11:55:11,1,365
8fd1dcf2-9ffd-4986-8834-c575a7a2c403,Roberto Wilson,opaul@example.org,2020-08-27 16:09:19,20d68745-8c33-4acd-a494-d43483132d7d,Drone,PC Components,1984,321ed6c0-3061-486d-8402-6a9db0bad4fc,2023-04-20 16:21:06,1,1984
532fff9d-e121-4217-aa20-d07a70d41906,Andrew Johnson,durhamjohn@example.net,2021-11-20 02:29:34,c392ea70-784f-4ec8-a683-4843c097da37,Router,Audio,1018,5e025d9d-9174-4b08-8eab-f6af7e105b60,2023-07-13 17:52:41,2,2036
2c098cb1-96ed-48fa-b5c1-698b107f5923,Raven Patel,qferguson@example.com,2022-11-19 09:45:09,aced3b5b-5c33-4762-9616-0b6adb01e087,Printer,Wearables,177,567cea5a-50e2-4ae2-a9f5-ab46e279bf33,2023-10-06 04:58:35,1,177
bc7ce623-eaab-48af-82a4-bd0f664ee778,Christine Santos,jeremy88@example.net,2024-05-20 16:41:04,0e12e1b4-acdc-4f71-ba78-b52f48f3219d,SSD,Electronics,1349,4ccda470-39b6-4317-97fc-c5a56cdd6393,2024-06-26 18:45:08,3,4047
de199a68-c0f3-4edf-a2c2-5b4f75cacb70,Yvette Brown,trankristina@example.net,2022-09-30 06:22:49,8078562f-0e43-4604-be31-57f10cb3722c,Power Supply,Peripherals,704,b7437454-1ec5-4a60-805e-b70520aac0d8,2022-11-19 15:16:10,5,3520
fbe8a15c-22a5-4d75-94bf-89000cb09875,Monique Brooks,ramosstephen@example.org,2020-03-24 04:00:34,8d3f0297-ef27-4306-a27e-763e0353dde0,Router,Computers,36,8a3886da-f81a-4a71-beb9-7cceb1e267dd,2021-01-01 10:27:17,2,72
08396352-3f11-4e5b-9835-5daba3f71b76,Danielle Li,melissadavis@example.com,2020-12-11 09:11:42,a3712905-9be8-4b03-8464-380f259cbadb,Computer Case,Computers,1395,edda5063-0881-4f18-8341-86f8ad09dee5,2025-02-25 02:12:39,2,2790
ce5ed393-b65d-4ff9-bd05-9e972b9daca8,Danielle Ramirez,esparzacarol@example.org,2021-06-19 11:20:41,2ab8a778-8e57-477b-a251-ce41f32f639c,Router,Electronics,1464,ea7733d1-ea22-4ba8-ba0e-5f75d7eedc8f,2022-12-18 18:33:26,1,1464
ee39bb9e-3e55-45f8-b0c2-264a43701c61,Kristin Alvarez,johnanderson@example.com,2024-07-03 09:20:00,e1afb743-f870-4a42-8e4c-448e435b0efb,Camera,Wearables,1640,dc71373b-adec-4c8d-8c40-000f054a59f6,2024-12-07 18:52:35,1,1640
d719c065-0f5f-4949-9757-d2894685c9f6,Margaret Castillo,zarnold@example.org,2021-05-28 19:48:03,9122da99-b8e3-4a20-b02e-eaaa37f14a5a,Microphone,Electronics,1491,65b21cdb-9e41-499c-b322-9e819fcb433e,2022-02-06 18:01:27,5,7455
e77b5c00-23d9-4932-bf2c-3a59f2796c85,Richard Andersen,johnmckee@example.net,2023-05-30 23:43:43,f756ab99-5f0b-4b4b-8165-60489d94c43c,Mouse,PC Components,280,7bd40f15-23cd-4592-b602-802c73e5b830,2024-09-29 23:10:28,1,280
a4ca9d26-00d1-42ef-a11a-84043dd153d6,Daisy Herman,rgraham@example.net,2021-07-13 01:42:25,4df6034a-d354-4232-8887-99ab74592a38,Tripod,Electronics,1222,a3616836-88af-4f1c-bdfc-2a7131e1bb33,2021-11-02 04:33:46,4,4888
8a2445f6-f516-4e4e-bbc2-a8176196e238,Lori Wright,boydrobert@example.org,2024-07-20 11:16:34,845b4e3f-dbdd-47a4-b4d1-abdfc983580c,Tripod,Accessories,1877,a22d1fd7-aeef-45fd-98ca-771480a4ecf2,2025-02-19 17:19:31,4,7508
4ba14786-632b-430b-971c-ba8546a1498e,Sonya Hughes,dylanpatrick@example.org,2020-08-13 21:54:49,19b65194-9af6-4f43-ad8d-95a2c164faf7,Gaming Console,Wearables,950,df026cb9-a875-4ba4-ba8c-4505a2469bb9,2022-03-17 17:05:54,5,4750
e0a0bd39-51f0-48c9-987d-4bc5bec50349,Allison Wright,jmarshall@example.net,2023-11-24 17:44:07,45f1de2d-0585-4cd4-ac5d-3978be92dc32,Printer,PC Components,846,261ede1d-4862-471c-980c-2214b46cc027,2024-09-27 06:35:51,1,846
677bcbd8-1a51-484d-8bc3-34c369894865,Jose Lloyd,diane48@example.net,2020-09-19 16:14:59,d1996f16-c363-4e15-8079-bb73300be3c3,SSD,Peripherals,564,bd563aa5-824b-4d33-9052-b313eff20455,2023-12-28 23:38:44,2,1128
9a743aea-0371-4fb0-a69a-31a0d5422b88,Trevor Ochoa,michael21@example.org,2020-10-08 15:40:44,ef4e7e89-4ccd-4f3f-84a4-338b3b808c2e,Drone,Gaming,845,13ba780b-36b5-4d83-906f-1757d83c809a,2024-09-23 13:52:20,5,4225
bd2d8a6d-2e66-4097-8e92-2ac2bef19421,Timothy Snow,mhoward@example.net,2020-03-14 08:35:53,4e222bfb-5ba5-4459-8cb9-20172998a327,CPU,Computers,1873,15e3fca9-2469-4f6d-98b9-09d1ef6cbecb,2022-07-15 05:17:11,3,5619
c783509b-e555-4660-b550-7bb65511f6b4,Catherine Gallagher,buchananjasmine@example.net,2024-08-05 14:31:16,cbe20fe9-f5f4-4d7f-8784-193395096f5c,Tablet,PC Components,447,c39506a5-10f6-4f21-bd43-08cb63dbbeff,2025-02-16 00:17:05,4,1788
5d33a90e-d7d0-4640-8df9-6c61398973fc,Dr. Wayne Walker,wilkinsamanda@example.org,2022-07-18 16:34:11,47adaffc-816b-411e-8246-cacf4928a741,Drone,Photography,209,7ba7ef1d-024c-4d4b-aaf7-7b3b1bf4c2c6,2024-08-29 10:12:38,4,836
e557ed9c-4917-4759-afa7-8133c5945cce,Gary Bennett,cookcynthia@example.org,2020-04-14 15:56:18,de814f61-ae35-4ab1-b6d7-0754a0cc529a,SSD,Wearables,129,a63e1a90-c25f-4fb6-9cf9-1f0a08cb8b64,2024-06-06 00:31:43,5,645
bcbee790-e0ff-4c49-b3b3-a5c9d2f9b1ec,Sarah Smith,weaverstacy@example.org,2022-02-01 19:36:29,a2392cd6-8472-4098-953f-1bd04c373970,RAM,Accessories,1054,ac0b7721-ceb6-4275-ab23-7572930635c4,2025-02-18 06:51:25,3,3162
c166177b-1cef-439c-a204-c49163a02cf8,Alyssa Smith,anna81@example.org,2023-02-13 18:52:19,52b2c376-6227-4335-b11c-3f10bd138ab9,Tablet,Wearables,1549,887655ae-1ad2-4078-a1d2-0302a0170ace,2023-10-20 09:11:54,5,7745
e0a9768b-6dcc-44da-8ffa-a9a0e6c72c37,Steve Ali,tina18@example.com,2021-03-31 03:47:28,6c9feaca-8b5d-41ca-a228-7a27ec901217,Tripod,Gaming,218,647d3e5b-07e9-4bb0-899d-42f8a8b3105b,2024-05-16 01:56:37,4,872
7498140b-daec-42c6-86db-db180fb64d79,Hailey Garcia,harringtonrebekah@example.com,2021-02-25 04:46:52,5109ebd3-ce67-4597-aefb-1afe1e78358a,Scanner,Wearables,1779,a3484d99-7724-402d-aaec-6cbc25ab058a,2023-03-10 23:22:48,5,8895
e728403d-9a28-4e30-875d-bbd474c6558a,Michelle Pittman,ryansoto@example.com,2023-02-13 15:53:45,f2113646-332d-4902-82a7-fc044f2487a5,External Hard Drive,Audio,68,36faec39-dd3c-48d0-be33-0c2f66a1cb1b,2023-12-31 11:23:38,3,204
ea84de80-c19a-473b-901a-d07f1706ba9e,Stephen Bass,michael36@example.org,2024-05-12 09:14:36,7d2c023f-42fb-4ab2-b3c0-207c76c4e2b4,Graphics Card,PC Components,181,3c226b13-a1f0-4523-80ad-81ccff0bafee,2024-08-01 09:46:18,1,181
49379566-2c6a-49ab-b806-dd3fc082e496,Anita Rogers,mitchell47@example.org,2021-07-30 15:19:57,fd479878-8e0d-4d5b-b8fc-a35943ae4f15,Bluetooth Speaker,Accessories,180,d5b94b66-16b4-41ce-956f-849e7a39cbfb,2024-08-22 11:08:51,1,180
ad870fb9-ff18-4522-ae29-0087fa39a473,Daniel Douglas,tamara93@example.net,2022-12-28 20:54:49,1a99c985-a24a-458b-8e43-7445d36447e5,Webcam,Electronics,1076,06ca6baa-666f-4f85-ab90-d02216d42df3,2025-01-12 20:07:27,3,3228
9423b4ca-0a95-4eda-9e63-43ae1680b759,David Owens,diazlawrence@example.com,2023-02-06 13:16:41,27c2cc57-ff18-4da3-b4b8-b8d07aebbc3d,Network Switch,Electronics,1610,a2bad0d6-e619-41db-87b8-12e8f7ea9b7f,2024-03-25 07:44:38,3,4830
18802ab2-6dfe-4447-8490-3d72eddaa537,Michael Hurley,nathaniel88@example.com,2021-05-23 19:36:57,02a26b24-fafa-4401-a626-60e4552cf471,Monitor,Audio,531,f591c1df-7b47-4bc9-bb51-21e79f1d94d8,2024-06-19 22:34:41,4,2124
287a81ec-5f87-4752-95f6-972e25008e22,Patricia Myers,brownleslie@example.com,2023-11-04 01:02:40,013335f8-5f7c-4279-9b5d-482ce7a63513,Microphone,Accessories,23,eb3757df-ffde-499f-a864-7db70ec2ff0f,2024-06-18 22:01:34,4,92
575a3c6c-6bbc-4475-9d6e-c12fe548c3aa,Robert Brown,amythomas@example.net,2021-10-24 01:18:25,d0ddce0b-5a0e-4a5f-a5ee-cd1c2822aacc,Printer,Gaming,1097,963b38a1-1bef-401a-af6f-34baa8f1fbea,2022-12-16 10:15:02,5,5485
a97eaa38-6673-4f3f-896a-cf446e5d0b0b,Jamie Jones,floresmiguel@example.net,2024-05-18 00:21:15,fc09d277-6e8b-44e2-ba5a-af8c453ae5e4,Drone,Audio,105,47a9c293-279b-4259-8030-290b80c75aed,2024-05-23 00:17:59,2,210
8477f9e4-9940-492d-a511-a6ac6475f4d6,Richard Dunlap,james92@example.org,2025-02-16 08:48:29,be38fdfa-de22-41aa-b3b0-a6df77929c3b,Charger,Wearables,744,1ad40209-8330-414a-85e8-5bdb11e23b78,2025-02-23 17:29:21,2,1488
d73f5e0f-de66-455e-87be-9f23f9c9ab9f,Diane Daugherty,jennifer59@example.org,2022-09-16 06:00:36,2bfc9529-26f9-4763-ba73-15e65a531b79,RAM,Electronics,1993,7bd406c8-0ebc-47d4-b659-08960f64470e,2023-10-23 03:38:36,3,5979
0dca01b2-9de3-4b4b-a3c4-f376b11d4723,Heather Wilkins,thomaspeter@example.org,2023-07-26 17:50:47,e3f4d8d2-8c9a-4401-9363-5a6a708ac16c,CPU,Accessories,245,33405d86-f531-47e8-a29b-b93eea746556,2024-06-10 17:58:10,2,490
4e63b5f6-b897-4e73-a36f-9e3190a44d7d,Madison Austin,brian40@example.com,2021-06-27 17:27:04,ff63595c-0232-4ea2-8eb1-d259bcd01539,Bluetooth Speaker,Accessories,1160,76d7ebbd-a175-411e-bc3e-c75c221087da,2024-04-14 08:59:56,4,4640
fdd581ae-9017-41fb-a775-254a65bdfc96,Hannah Thomas,mcombs@example.com,2022-07-22 09:48:55,a9c54ae8-0c89-445c-a438-4cb4ecccef76,Laptop,Peripherals,809,5e2bfbd7-0b21-403a-8d43-a0e97f343a2b,2023-01-08 05:26:42,3,2427
1d7997e6-6a11-4b17-818d-9ddd57b612e6,Jennifer Cooper,annhamilton@example.net,2022-04-01 22:00:41,1680cfac-c24c-4e81-9fbe-18067b62c791,External Hard Drive,Wearables,951,c0836f2c-e29d-41b2-a200-a763e2aeacaa,2025-01-24 01:21:25,1,951
27e8cd5c-c68c-441b-ad71-a56df111871a,Derrick Wood,tbarton@example.org,2023-08-14 06:22:02,0bbdac87-eb9b-421a-84a8-59b8a7d1d056,VR Headset,Photography,906,6db6821d-9f33-4f75-9c38-2b54c686510b,2025-02-14 16:09:31,4,3624
eca03708-0c81-4a2d-874b-be08ed76089e,Hunter Mckinney,robertsantonio@example.net,2022-02-15 20:34:39,57a9ec99-e5a5-4216-acae-006c6b982e5a,Smartwatch,Computers,1289,86832d55-e609-41e7-bd4d-9454efbc9a4d,2023-05-01 22:51:13,3,3867
fc2c5fdb-aec4-49b1-bb1a-76b1071f83ae,Michael Jackson,xpark@example.org,2024-01-26 20:01:37,646702b0-66f1-4a05-bf63-eb9e1aea229e,SSD,PC Components,84,61366312-3134-41a9-a0a1-a0d281aa8ead,2024-03-02 09:58:55,5,420
b1314dc8-1f33-4b00-b7ce-6d41c0a46c06,Jermaine Calhoun,dakotarich@example.org,2022-07-01 05:10:41,8bb00618-378d-4609-848d-8b1a44b4fbe7,Printer,Networking,1838,702417b0-2b0a-43d9-a212-9d8e55322b39,2022-08-27 13:01:06,5,9190
f712a3b1-c2c6-4528-9722-73782f37fdf5,Kristin Sims,pmcdonald@example.org,2020-09-06 03:58:19,c8cb53ba-8cc2-46e4-b6e8-45ee5c382eac,USB Flash Drive,Audio,1721,27f7f200-11b1-4604-b52c-e513c094dcc7,2023-05-25 17:23:18,5,8605
08db1dfc-710b-4dec-8f6b-5b180bd00df6,Derek Everett,howardkristen@example.com,2022-07-05 19:10:57,a5516daf-c61a-45ee-8de9-94758d60d515,Camera,Accessories,250,f4a4269d-b707-4939-8da6-adcd23d9b242,2024-01-12 00:14:43,5,1250
1fe467ef-537e-4da3-9fcc-b079379a5cb9,James Francis,udixon@example.org,2024-12-04 14:49:22,ce1001f4-85c2-4e1c-8106-ad54d5bfce58,Laptop,PC Components,1903,ecc1cb79-0e9a-4490-ab3a-92ca9ca21711,2024-12-05 08:12:02,5,9515
86b7333e-1727-4d33-a440-93660a2f37f7,Samantha Walker,gterry@example.com,2022-07-07 13:23:39,ab4d0937-bc11-4b4b-8483-a8292f39ce7d,Router,Wearables,476,d89d9eaa-58b9-41b0-8892-630520ca16ed,2022-10-26 21:15:28,1,476
d809ae41-ee7f-45bc-a8dc-daf349ce3988,Allison Diaz,emccoy@example.com,2021-08-16 08:28:30,bcf0ef94-0673-41c2-858b-cca4df7d7327,Tablet,Networking,1690,60f3b3aa-c141-439f-826a-fc4a48853a88,2022-02-21 21:10:34,5,8450
fce1a181-9729-497c-93e5-02d6730d0e56,Beverly Diaz,david22@example.org,2021-10-27 21:11:15,efc469b2-b44f-41f1-a8a1-777b3e1193ab,Scanner,Photography,1219,d52d9b7c-ec02-4ffa-8fb7-9a9fc54c02bc,2024-11-05 04:49:21,4,4876
9c58d725-8c8e-430b-8773-386a8bbc7fb4,Patricia Moore,shane21@example.org,2023-03-25 10:54:34,e38fb458-87f4-41b7-8d2d-bb98b472a7c3,Printer,Wearables,173,2de3173d-cdc0-4028-876f-d2aa8f359200,2024-04-21 20:18:08,3,519
4a68472b-501e-49d3-8606-5deae34f92c0,Diamond Walker,alanramos@example.com,2024-05-30 14:23:18,0dab00e8-f08f-4c22-8b83-5e7ecb26ad44,Mouse,Computers,1318,2b11bc85-607d-4d0f-9a3b-8722c7bc85a3,2024-07-03 08:46:44,1,1318
7a1cdff7-15ff-4a26-be9b-1bf9df80cd7e,Howard Velasquez,petersjonathan@example.org,2024-06-21 13:24:21,53d3bdbd-4f15-451c-a5c4-6c3b9e37e8a7,Camera,Gaming,1208,3aa05d05-ee94-49f3-ab07-baea43072fb1,2025-01-26 19:22:49,2,2416
1d73c00a-4eeb-48a1-a110-c5244ba459a0,Ariel Keller,edwardrosario@example.org,2021-02-19 00:03:20,4b7bdd21-53cd-4e30-af61-28c8fbe6c142,Motherboard,Audio,210,113b829a-f2eb-4a9e-b286-302ac350d8ad,2021-10-12 06:24:20,1,210
51b54bf5-5c42-4430-b393-fc8a126ae1c3,Tara Cook,timothy91@example.com,2024-09-29 22:54:36,e0bafe91-ee16-4803-9310-3f9b75e507e1,Fitness Tracker,Peripherals,1426,e1aa0b2d-92af-4105-b1ba-9f62c3dab731,2024-10-07 06:33:18,2,2852
7bbdf80e-4d3f-4a64-a072-19fd9786ebd6,Chris Goodwin,hollywilliams@example.net,2024-11-23 23:53:31,820e231d-69af-4d21-8f27-c8c4aff9565a,Router,Accessories,1949,0c70df6c-6314-4bf8-8111-769ce18370fd,2025-02-03 10:20:52,3,5847
a097c6b6-76b3-43e5-837b-a36614d2fd7e,Ruth Barnes,bakersara@example.org,2025-02-19 08:35:28,0fa04d52-dc16-48cf-b917-608dca58eba7,SSD,Peripherals,1128,c096ee2a-ca21-4f48-8ef6-d2351b063d7d,2025-02-23 14:19:20,2,2256
c57b7263-50c7-4a03-9738-c92c520271b9,Jesse Andrews,rogermiller@example.net,2024-07-02 05:54:50,00846397-34ab-48da-98b2-fe5c57ad7d5f,SSD,Networking,317,3c723a94-a73b-41d4-a48c-88ead0d2ed56,2024-10-04 00:38:50,5,1585
d2f52f3d-a576-4709-8d83-624cea23dbcc,Elizabeth Manning,jorgesmith@example.com,2024-07-12 19:47:15,a4dbcfc5-ef7f-47b3-88cc-3bf6d01ae424,RAM,Wearables,1393,47e95717-410f-4719-8d2a-d8306b005009,2024-10-22 15:10:10,2,2786
ca0656dc-f417-4662-bacf-d83478ee871c,Brian Hunter,stephaniesimpson@example.net,2021-08-12 01:58:33,eaf12b3e-903b-4cfd-bad2-5e88cc3fed3c,Fitness Tracker,Photography,683,37a00098-372e-4110-a64f-ca5eee5d7646,2022-04-16 06:00:40,5,3415
eef602b3-b52a-446b-be57-3e8fed1396d5,Russell Roach,fdavenport@example.org,2020-07-25 13:03:11,5f662f5a-ffae-414f-9e1b-8c09e5643da9,Scanner,Wearables,1227,70b3585e-b036-48d5-8d2c-2f964a770b87,2022-08-23 20:37:44,4,4908
005d43e5-6c5e-4220-96eb-0c2ba72392d9,Nancy Gordon,lorraine17@example.net,2022-04-19 07:22:57,18796739-c55d-4ed6-a7d0-f09ed2f75f99,RAM,Peripherals,1024,2411e599-4f1f-4235-8294-f10569f0b53f,2023-07-12 09:27:18,2,2048
def5c539-6660-4138-acea-d456749d4fe3,Kristin Stewart,smithmatthew@example.org,2024-08-18 10:19:07,e3c6cc95-eff6-4df8-afdf-fcb7d9e3e109,RAM,Wearables,948,40cfeb00-339f-4020-b973-c59198472908,2025-01-19 04:19:13,3,2844
cc4e0883-87dc-413a-af40-f32d5ac38bed,Mr. Anthony Clark,qli@example.net,2023-05-06 18:26:49,29fa7f48-afee-4689-8b77-7ff07d6b3e6d,Graphics Card,Photography,697,f0d9e60c-4fdf-45c3-add0-eff2f0db1ffa,2023-06-12 07:59:24,4,2788
e60c0143-332a-41bb-9136-3a2908e85d9c,Scott Ruiz,bowenandrea@example.com,2024-06-22 13:39:46,5aab9ac5-e722-4cca-8088-e7708146e012,Microphone,Photography,1717,20db266b-5b54-4b2a-b8b4-73a9f5e67f75,2024-08-05 02:58:07,1,1717
9c2c8b7f-da35-4aae-a592-6a75daa15444,Todd Smith,clementsvirginia@example.net,2022-11-03 23:05:27,0e7b7394-3683-4a48-b388-0d8aaf32ac92,Keyboard,Networking,979,39634d9c-f50a-460c-8b59-a1884b69fe5b,2025-02-08 10:23:23,4,3916
25e98195-dd30-4674-a36d-9cea960792d9,Misty Orozco,emullins@example.org,2021-07-04 10:04:18,80272cd0-01c8-4f44-ae71-15af24c7fd5e,Printer,Audio,462,92f61009-4049-44dc-bdc6-727875e94e82,2023-10-10 10:30:24,1,462
f6639cfc-65e1-44fe-9368-c5c6d0ef4681,Eric Church,lmiles@example.net,2022-03-05 10:56:25,afcf49ce-9098-4886-9492-84dd3e51f736,Router,Computers,1240,d06a373c-84ee-473d-a9f5-7741ba03af2c,2024-08-07 03:27:00,1,1240
8bc447f7-f1dc-4dc7-b0f4-ea842fc1c68b,Cody Butler,christophertaylor@example.org,2023-12-12 10:10:46,3210dcdb-01f4-4292-b19c-88db06afaced,SSD,Accessories,1268,80c4ae11-03e3-42eb-ad1f-be1e8400eb45,2025-02-24 21:22:04,1,1268
19d889b1-3909-41c3-af6e-d734c3d614c0,Darrell Huang,crystal95@example.com,2022-07-21 04:20:34,d09417d4-ba4c-4dbd-88b4-03691804ca51,SSD,Audio,94,061118a1-8730-4ea8-a259-23cf03727f2e,2023-12-15 21:31:04,1,94
239293eb-b3ae-4c36-8557-35b74357f15f,Lee Malone,sarahpatterson@example.com,2024-04-05 08:23:33,a1182fdf-76c9-4c64-b709-08173a20888d,Drone,Audio,1067,f704a3ea-d760-4d14-8660-440685b6c7f0,2024-04-13 18:26:51,5,5335
ffb03e8c-ad41-4c87-b2e7-d39c9acfd1ff,Kimberly Gonzalez MD,wallthomas@example.net,2020-06-24 07:14:37,e2ecaee0-c421-4c63-a0c4-b079d10bfb55,Tripod,Networking,1743,3085df72-0867-4c77-a6f5-9d15bebbe6d2,2023-01-06 04:28:08,1,1743
279fd558-5e81-4cd3-8041-2da3dfa5d549,Bob Peterson,shawn00@example.net,2021-01-24 23:52:50,04db8914-caa6-4dbc-aef2-32222c8b1382,RAM,Networking,874,71f681b8-7324-4b60-a899-40436e238a05,2022-12-15 06:22:45,3,2622
51309887-d341-454c-a0e2-82fd8d13ef4f,Briana Hubbard,robinhuff@example.com,2024-10-19 20:51:56,c95a5c2d-dedf-43e4-b8d0-7dc60004505d,Smartphone,Peripherals,141,3dbb4b7b-ab4d-4769-95cf-ec539f7d93a7,2025-02-21 17:17:52,2,282
8c89033f-901b-41d7-8397-1ff438dfd8b0,Jennifer Roberts,sarahsmith@example.com,2024-08-21 17:43:26,9f57bd5c-16dc-49c9-8494-5ebdb06165e5,Power Supply,Electronics,1697,c29b27bd-0571-4840-9699-0b80f0327a25,2024-12-18 14:14:14,3,5091
3326e132-6531-4db6-b6e7-ea2eaca96ab9,Dr. Juan Chavez Jr.,benjamin81@example.net,2023-06-09 17:41:25,de69ea8d-efaf-4644-a4a7-77be65b35b19,Headphones,PC Components,1014,ac3179b0-3b78-4a50-acb2-b050570e59d1,2024-01-11 23:49:32,2,2028
87870d9f-b2fc-4834-ad54-dc94583e2ecd,Jack Pittman,tuckernicole@example.net,2024-01-01 21:10:12,74078301-5b34-4603-8adf-81dae69c62e5,Tripod,Accessories,391,695349aa-c6bf-481d-884b-bb388ef175a2,2024-10-27 07:18:25,5,1955
9a9b4d65-800e-428c-a0db-b9dd70efb731,Richard Hoffman,diazamanda@example.net,2021-08-03 19:22:29,febc39ef-38f2-4ba4-9826-478433989791,Microphone,Computers,167,d6a5edb0-61e1-44a0-b74e-783fa6b055ac,2024-03-01 13:13:08,1,167
cf228843-1780-459d-b4c6-ad01da138cc4,Jeffrey Strong,kduarte@example.com,2021-01-24 11:18:39,bd4c0e1d-2f1c-4c36-be71-ffa73455cf81,Fitness Tracker,PC Components,781,3fd886c4-c2e0-4ceb-9a64-619cfbe6f09e,2024-03-31 21:09:26,1,781
d962734f-ec51-4436-aa8e-92f86b70cebf,Leslie Freeman,youngnoah@example.com,2020-08-02 06:44:11,c1ead3dc-a47a-4233-8b32-c808a04a4f65,Drone,Photography,971,e03d5703-ead9-455c-9739-085fef2f7596,2023-12-17 16:06:13,4,3884
6fe915ea-018b-4f14-8984-b610d289cf96,Kaylee Blair,paige07@example.net,2023-05-25 23:59:39,31a807f8-9c13-42a8-b452-ec453b184d9b,Tablet,Accessories,695,c36e7eeb-a7da-4045-a188-93f11f62c6b5,2025-02-24 06:16:32,1,695
a5cc4f1b-ee6a-4f39-910b-796f864b5000,Christine Calderon,terryjames@example.com,2023-10-13 09:14:09,ced64189-abfc-4463-a2b9-ed204f205687,VR Headset,Peripherals,1445,56d6c462-8625-4f33-9ac3-86c84f041bd4,2023-12-28 12:24:00,5,7225
989726a4-c5e1-4232-919b-5850cdf174e2,Robin Taylor,jessicabradford@example.com,2021-11-08 06:57:20,c10a0fc2-0103-4922-899c-c709ce5308a9,Monitor,Networking,854,c43b06bb-28fd-4440-bf85-388f9c5ddb1a,2024-08-11 12:27:52,1,854
07ab429a-a63c-43bf-abd1-a333eba878af,Monica Schultz,tbaker@example.net,2024-12-09 10:32:46,c7a50a28-dd18-4c0f-8366-be797005c61d,Camera,Audio,1582,c30bdee9-eff2-4d41-8fe7-2dbc42c8807d,2025-01-31 12:14:39,3,4746
56166873-a6c9-4761-a58b-e50f213ac0ef,Kevin Dunlap,christopher88@example.org,2024-12-03 02:55:38,7851a6ad-6b6d-4afb-ae92-e983bd7fecf9,Scanner,Computers,1265,a31f9095-93c7-428c-aac4-96464c9f3cc3,2025-01-07 13:56:56,3,3795
8d44881e-70f0-4c30-a579-c5689156aa34,Nicholas Douglas,joshua73@example.org,2020-03-05 18:40:57,d7c5b16e-f272-4f91-81e6-1617b88840c3,Graphics Card,Accessories,845,31a88b16-dc62-47e8-be00-a2374f4b5b0b,2023-01-12 05:08:14,2,1690
2a19f3d6-f790-484f-92c3-1c20e477b041,Michael Carter,tjones@example.org,2020-09-03 06:56:59,586830be-b6bb-4d61-b02f-113b5c3044ca,Modem,Computers,48,a2b213f9-01ab-438e-969a-65f834c42bb5,2022-10-02 19:16:09,4,192
c2687af4-4ea0-44cf-aa5c-3fe9afdac239,Christopher Thomas,keystephanie@example.net,2024-04-21 06:26:41,cb41599d-87fa-4896-bc40-901b289d48cd,Tablet,Peripherals,1707,b5c08ff2-9389-48c7-9906-0d8d8306be0b,2025-01-21 11:45:13,4,6828
42ad14de-6c58-4fa3-8342-e56fec7172db,Joshua Carter,ywheeler@example.net,2022-03-13 02:35:11,9ad17d35-f3a9-4abb-afff-118fe77d246a,Motherboard,Electronics,1107,2be04a8b-3323-4a8a-85fb-e9e32f30108d,2024-05-28 14:13:58,4,4428
0d081304-3e20-41e5-bc7a-5ccf671ea90b,Susan Greer MD,joseph36@example.net,2021-06-09 13:28:55,b0470980-94c1-42e1-8cff-48cf8dfbf8c8,Gaming Console,Peripherals,354,f5e33df7-aad6-4e04-bf99-cfe2e9e8dd20,2023-08-19 01:34:21,4,1416
e7018171-e705-4578-b12a-7b52429b97ff,Jimmy Parsons,christina73@example.net,2022-08-30 00:18:42,1291ac9a-4d21-4a5b-9877-dc2b291f7e6b,Network Switch,Gaming,1375,850c9ee9-63d3-4031-aeb0-a5b31e3ba998,2024-04-27 01:16:27,5,6875
5d435fc5-6241-4105-a0db-82e9c5a16e5c,Melissa Hoffman,mckinneylinda@example.com,2021-07-09 14:53:21,d5cc7c0c-48da-4627-9506-2970cd388294,Keyboard,PC Components,909,b03ad2db-8dfc-4f69-a9bf-d0a81ce0a2d1,2023-03-04 12:59:14,3,2727
c85d2273-fe7e-42c0-b0f1-0bd119334e5b,Kevin Salinas,reynoldskaren@example.com,2023-09-13 07:02:18,efda876d-7c81-4ca8-b237-ad13e9519296,Modem,Networking,531,734f83ba-f808-4b21-81eb-d21f3f367513,2024-02-24 21:59:47,1,531
602c493d-b893-4063-8561-9595371f5ffc,Chad Morales,russellscott@example.org,2024-02-02 18:19:34,3d7bd525-187f-4613-a8bb-c0eaaf1f57d1,Mouse,Audio,62,9c756853-fc86-408b-b7c0-37bf11f8cd5b,2024-10-19 05:42:05,2,124
27181401-30c7-4e6a-847e-b6f20d276420,Jacob Johnson,saraturner@example.net,2021-11-19 11:34:44,9cda7571-0248-4365-862b-add299c9b10e,Graphics Card,Accessories,1104,10a3263f-4b69-4038-904e-d33a3c98d1b3,2024-03-18 16:15:08,5,5520
25181e2b-ce76-478e-a950-fa7692911dcc,Luis Sampson,shanewhite@example.net,2024-01-08 02:01:05,11ae2a57-7324-45e2-96c4-2f0a991b584d,Monitor,Electronics,264,c0e4935a-4a5b-455f-9f9f-9a516383dc6d,2024-03-11 02:45:04,5,1320
69392885-3106-4ff4-b99f-ab9d7b3ca2b8,Kathryn Taylor,allenkatherine@example.com,2025-02-15 23:01:49,4f20bbff-7a48-43b6-8856-b6ec309d7cee,Smartphone,Peripherals,1161,1d9c3414-ad06-463e-a2d9-1d8ddb8a70c9,2025-02-22 03:54:01,5,5805
eaf9600d-6c1c-424d-b9cf-3d14de54030a,Travis Johnson,nicole91@example.com,2022-07-10 14:09:43,51935e4f-6de5-4bbc-a24c-07c326232996,External Hard Drive,Peripherals,1496,df24466a-7e53-4423-a1d3-fcadd58a8e0b,2025-01-24 09:14:58,5,7480
9f95f43c-a8d2-4dc4-a741-317c624fae49,Kathryn Hanna,romanterri@example.org,2022-04-08 02:36:40,6eae9609-fb01-4aad-a064-da45a1753574,Tripod,Accessories,879,9f7b77dd-c146-4f95-8857-27baa8dda4cb,2023-03-25 09:50:06,5,4395
cc9949f8-326c-4556-863d-b44319aebc49,Caleb Barajas,wandagillespie@example.org,2022-03-17 13:20:30,bb250e19-9115-4239-83fc-787d5b2bbbc9,Fitness Tracker,Gaming,946,42a4e52f-52ce-482e-874b-1ee5efcaa525,2024-02-06 03:13:38,4,3784
ffe61f00-520c-45ef-b846-a4f754d96d3a,Micheal Butler,chandlermary@example.com,2020-06-26 10:55:35,cbd94aa1-041a-4ff5-9fd2-7e006d98463e,Modem,Audio,1774,87c74424-43da-45cd-abb9-783f2b7ffac6,2021-12-28 05:39:28,4,7096
7e2e249f-d496-4538-92b8-8b1f1e4f60d7,Tamara Jennings,jameswilson@example.org,2023-12-14 06:03:56,fe3b2bb0-b7d3-4d85-b3b6-f689707e5ecb,Computer Case,Wearables,992,083c8c9b-dc50-4af1-a555-86c1dae21259,2024-05-19 23:32:41,1,992
55fb9efa-d8b2-4c20-a7d0-70b2ce318366,Brian Perry,jeffrey81@example.com,2020-07-10 18:40:38,4a0795f8-efcb-40c2-adb0-d56d7f05987b,Webcam,Gaming,1941,8bb96f16-e7ca-4941-bb34-a5aa37207c46,2021-11-10 13:13:28,5,9705
38c613d6-e585-4dcc-ac60-92a7d651a716,James Griffith,travisbrown@example.com,2021-10-21 01:47:16,736ef968-a692-48ee-ba47-187a0d6de5ec,External Hard Drive,Gaming,1009,47d92e07-77c6-49f5-be08-c63705226ed8,2025-02-07 13:17:40,4,4036
c179c915-083e-47eb-b1f4-9b1be3b6c815,Danielle Mercado,ofitzgerald@example.net,2023-03-31 00:40:18,99034932-ebcc-473e-81df-2371f55ec6dd,Webcam,Computers,186,de3bdb65-4936-4341-a9f1-6f1647a35b06,2024-04-05 03:57:56,5,930
4f01b866-78ca-44d2-b7c9-33ffb98c69a3,Isaac Thomas,shermanbrent@example.org,2021-03-05 05:06:27,171265c9-462d-4799-a5d4-dfd635c8ea8b,Smartphone,Computers,1288,d95939cf-d555-4142-992a-28c19d590925,2025-02-02 06:07:42,4,5152
80f73015-ab8e-4a43-bdbd-167eaea1d92d,Mrs. Sandy Hernandez,michelle76@example.org,2022-09-16 10:26:18,984c8650-673f-40c7-93c6-ae0b9a6e5e1e,Fitness Tracker,PC Components,357,17c92d5e-5308-4ff2-a089-b5db6902b516,2022-12-02 23:45:12,3,1071
21391f56-8d4f-4c31-9998-8f2677b37afd,Kathryn Lewis,murrayharold@example.net,2021-05-10 06:40:01,ba7807ef-3f7a-4ca9-a993-f43cf6815112,Fitness Tracker,Computers,222,3d92706e-52c6-4118-b103-fd037e0b0b60,2024-10-29 16:59:04,3,666
4b192b86-7ab6-4d50-bd4f-66f6cceba133,Linda Levine,ijohnson@example.net,2023-06-11 09:43:10,3cf5b9b0-26a6-4eb0-883a-ce0c738c0386,Keyboard,Photography,1622,15fc3121-9e4e-47da-be50-c746cf956f3f,2024-06-08 16:46:09,3,4866
bce436f3-cd16-464e-baf4-2aa2b7777fb8,Scott Taylor,lrussell@example.com,2020-10-12 03:19:39,d1ccbdb0-77ce-4be5-93ab-2073846ca224,Gaming Console,Peripherals,1586,eb3b96ed-75ec-49fd-b030-5c0c5172a7c1,2022-09-12 11:43:55,5,7930
a29546d8-8761-4074-8aa8-73b480f24445,Susan Reyes,hgonzales@example.net,2024-11-02 00:50:32,cef85a76-b620-4f8a-ba28-a5c3ed491564,CPU,Electronics,1882,98a16f3d-b099-4a5c-b198-af34a129558d,2024-12-21 00:20:53,5,9410
2f3e2f36-0842-4595-a6f9-fe160e65397c,Julie Nixon,hansongregory@example.net,2020-11-15 23:30:58,20e1465d-a8f5-4693-9e5e-c7ca98d3d0f2,Smartphone,Photography,1913,bdae4649-c80b-415f-8230-e6b65d575e96,2021-11-27 05:26:28,4,7652
bb9c7c44-a435-4986-aa02-a8b0f6f3ed71,Donald Nguyen,phillip06@example.org,2020-09-15 23:49:29,bed81835-19c4-4571-8556-b03dfd242122,VR Headset,Wearables,1800,84736dae-c850-4c6f-be59-5fc899217654,2023-04-16 22:10:25,1,1800
96847eb9-d5c1-4674-97f1-ec57f4a49e83,Robert French,cgrant@example.com,2023-01-06 23:41:49,de136785-d358-4e5b-ae37-57a088181b72,CPU,Audio,1996,f9fc17a8-ef76-43cc-9c97-8189ac4978ab,2024-05-18 07:21:30,3,5988
3fd13cc1-4e91-4271-91cc-ed4e6b8cc2f4,Eric Floyd,uyoung@example.net,2020-09-26 16:05:58,51326fc1-23f3-4647-a35d-4431e0bbef67,Motherboard,Electronics,545,3485656f-4473-4bbc-92e7-9167d3568422,2023-06-12 15:51:55,2,1090
ffcdbc88-d12e-4641-8848-1938b2ab4f89,Lisa Davis,lawrencebrown@example.org,2021-05-02 10:25:42,a616105e-13b5-4094-87e4-3cf542fac77f,Fitness Tracker,PC Components,1164,58407af1-d9c5-40d2-8d5e-a9ffdc5752cd,2021-09-12 10:50:14,2,2328
a7f9d651-2f9b-40e6-be9d-f14ecd7102d3,Gloria Thomas,whiteteresa@example.com,2022-04-09 23:31:46,47fc6574-51f6-4702-a86a-8c0aa075ad68,Tripod,PC Components,31,a9096dbb-eb87-4683-bbfa-2f2567e7eda8,2022-08-05 04:42:01,1,31
0fb2929f-7a75-4ba6-aa40-d7c620b1a502,Edwin Allen,millerpatricia@example.org,2024-12-25 23:12:38,ab1d9bd8-4dce-4e61-a0fb-ce683274c6de,Tablet,Audio,1042,7c720931-cdfa-4a03-a121-14c1270367d9,2025-01-15 13:08:16,4,4168
80e3da06-7bd3-4a6b-bebb-cb6efc244f69,Deborah Porter,edyer@example.org,2024-12-06 14:28:04,b1e61c7c-22d5-49fa-b790-4fe29060b71b,Computer Case,PC Components,1409,d796cc2e-1b21-4b2e-b76a-b33ac498dfde,2025-02-01 17:02:09,3,4227
d02fe0ff-12b5-47ab-bd16-ac5fe1c353ce,Clinton Deleon,kyleknight@example.net,2023-12-25 01:27:20,745a3070-b373-4aed-986e-d72aa16b4087,RAM,Accessories,1171,71a35dc1-7f1b-4c9e-adf5-4655222a4ba0,2024-07-03 10:12:03,4,4684
16ed5271-6f44-4912-a834-73f5d9295961,David Snyder,ngreen@example.org,2020-11-24 00:36:41,0924dffe-e472-49ce-9e1e-e9bafaf21e3a,Gaming Console,Wearables,1500,540388c2-a904-4431-b765-995f04b62c72,2023-07-15 16:24:41,1,1500
c3a5908e-6219-4d8f-ac3d-63274d64a04c,Andrea Wiley,ynguyen@example.net,2021-02-15 14:28:10,1e47a050-b449-4082-b8dd-f45c0a134992,Printer,Photography,1146,4772a869-50db-440b-adf3-a52c7bb5a577,2024-07-05 12:17:03,2,2292
775eb9f5-55b6-4479-b4c6-d5ec104f7194,Richard Rosales,schmidtshane@example.net,2020-11-11 04:25:25,62884652-b8a6-44a7-8817-764df2c2acd4,Modem,Audio,1844,aad350b1-fcb6-4808-92ee-6702c57d0fd9,2023-08-01 21:23:46,1,1844
927ecfaa-c795-4e6b-89fa-bc0d59301f3e,Michelle Brown MD,emilyhill@example.org,2024-02-19 22:13:46,f4169c51-b87b-4f9f-b046-3372823eb6b3,Motherboard,PC Components,1218,81dd4150-95aa-4fc9-a841-a68aab11bf86,2025-01-31 03:05:16,5,6090
678a0dd0-5db7-4c3d-939d-5ca0726714e8,Mathew Mcmillan,elizabeth72@example.net,2020-12-31 15:53:59,8944d103-bcf9-478d-9821-d11ce2bdd33d,Tripod,Wearables,943,bc4f4290-b5cb-4e3b-88b1-0aa7ed44ef3e,2021-04-11 08:19:02,4,3772
b6213e90-923c-4220-9f84-e26105d87f71,Richard Henson,beckerjames@example.com,2024-04-02 08:25:24,70b86912-bc87-464d-a2ad-987327ce2f4c,Camera,Peripherals,68,d0790722-f40c-4e2c-9001-1a8ed2416e81,2024-12-03 23:18:57,5,340
adaa84b1-9b57-49fc-8e95-745ea1ff3955,Tyler Gordon,johnwilcox@example.net,2023-09-29 04:20:03,5263a9bf-ca02-4bcb-8c0c-27323d4d14ad,Gaming Console,Audio,403,7cbb782b-3b53-4dd8-a56a-d2edfd25c905,2024-06-27 12:07:43,5,2015
214657d3-a9ee-4e81-ae3d-82986d354202,Patricia Farmer,richardjennifer@example.com,2023-09-19 18:29:02,facbf3ad-5518-487c-a2f6-199302283f41,RAM,PC Components,1426,01ab12d6-b6ff-4b45-ae1c-0dfebfa7d213,2024-12-03 04:17:01,5,7130
50c6dde1-73c2-4ee1-871a-ae5581582c8d,Jessica Harmon,vcarroll@example.org,2023-01-21 01:24:12,c668c627-ffc3-47e8-be38-08f9bbed584b,Smartphone,Photography,1998,e3fb20f6-cb10-4a47-85da-128cb90d76c0,2023-10-24 04:10:25,5,9990
04df72a9-bc2d-4a28-803c-ca8988f46a57,Curtis James,pagejoseph@example.org,2023-06-09 00:09:55,fab634b1-8462-40c3-adc4-0916ca663656,Smartwatch,Peripherals,1211,f9e5b0c8-b396-4223-a118-ab55a0a80a19,2024-07-09 05:50:12,5,6055
db8e1cc7-c1af-45c0-8dd2-79f490074ec1,Kevin Sanders,andersonandrea@example.com,2023-09-30 15:04:49,394d0199-c6d9-4978-943e-ece590d0ef5d,VR Headset,Audio,1996,63840ca9-716d-41c8-87d4-f8ec9411558b,2024-02-27 17:15:52,5,9980
0eb2ab7b-4e5c-4200-9a26-f58eb049b085,Michele Foster,ricardo69@example.net,2024-03-01 10:14:20,cb93c0b0-e998-4ef1-9a41-f8f3b135bc78,USB Flash Drive,Computers,800,1f2bfdec-faec-4b9f-aff6-d69d7a743720,2024-10-13 04:17:51,5,4000
c7350946-d1c5-40b8-a215-78cfc3b487ef,Joseph Mitchell,brianlewis@example.com,2024-04-17 05:53:12,f344901d-130e-44fc-9b29-0aa65bab23b7,Charger,Electronics,1788,2a00e73a-e19a-4d7e-a538-4ee3b734fd16,2024-07-08 02:02:16,3,5364
75d0dafd-ac29-4371-9750-6e859d550732,Tonya Murphy,ybaker@example.org,2023-02-08 01:49:23,bf2980e3-7557-4335-856d-60bfe0882e7f,RAM,Audio,1099,13d4290b-c61d-4365-beed-887df2fb07ff,2024-04-28 13:44:17,4,4396
2bb0739b-ca33-4cb0-b7ec-be4d04a06a0d,Todd Lee,susan67@example.net,2023-12-01 12:02:55,ebc77974-c025-44fe-a3d7-c61f69813572,Tripod,Gaming,1095,0f93b0d3-b88e-43e1-8134-d4d29d197ab7,2024-08-25 08:37:50,1,1095
771f5d80-d6a5-4085-9031-f9bf0135b2a8,Thomas Hawkins,jonesjustin@example.org,2020-10-18 21:01:47,30c147cb-deba-495a-8bdc-2a41fa592d45,Microphone,Computers,1585,e0de1be7-f9ab-43ed-a2c4-640e37002742,2024-05-26 13:48:32,5,7925
b3d5c15f-0ca8-4017-9802-6c9cfc784a74,Gregory Rodriguez,ann75@example.com,2020-11-19 12:03:46,3153cb1b-cf7f-4a1f-9372-52d731564726,Laptop,PC Components,627,57a70e11-e2cf-403e-981f-1ec575a8e7c6,2023-08-28 06:06:54,1,627
40d1b45d-1690-4e28-a910-7d41f89a4305,Kenneth Thompson,seanmoore@example.net,2020-11-26 21:34:10,43b59b65-712e-4c71-bc36-a3d520cca87e,External Hard Drive,Gaming,1940,73ea8d1b-f88e-4fca-8149-ae4c6fc60548,2024-11-24 20:24:20,2,3880
9ddfde2f-07a3-4a44-a38b-8e851aa43b1d,Tyler Torres,maria73@example.com,2024-01-22 23:08:17,9bebb733-c814-4243-9962-5a29f26f0771,Headphones,Photography,1748,60e4b0a9-ac6a-448b-9dd3-811fd7e07d0e,2025-01-25 07:52:44,5,8740
9f040dfb-ea1a-4800-9a64-966adafec2ca,Jason Miller,hernandezstephen@example.net,2022-01-08 04:20:40,336e59ed-f342-4ce9-b2ae-a9bac05cad32,Laptop,Photography,926,95ca20df-4fac-4f4f-8868-f1c8393dedba,2022-01-29 00:36:38,1,926
e1e4e935-b65a-4f31-841e-e80b57d62795,Jessica Carlson,tlindsey@example.org,2021-02-21 19:31:14,8ef2c313-31c4-4c0a-b461-179f96936735,Router,Computers,1691,7cb2a5d3-1cff-44d1-9454-a182718e078d,2023-06-10 00:32:04,1,1691
668bed1a-285b-4e92-81b3-cc7f88a3bbc2,Cameron Gonzalez,moraleskatie@example.com,2023-04-18 09:21:07,92a5e8d7-c19a-4062-a40b-b9ada5043e11,USB Flash Drive,Wearables,1691,89b620e7-87d6-4803-9ed9-09ade31aa75e,2023-06-22 11:02:20,3,5073
32074a96-8722-4042-9687-977a45726f7e,Robin Diaz,ijuarez@example.org,2021-07-28 22:34:09,21ab5e5b-75ca-4e24-9962-d2a9b0bd1c89,Monitor,Computers,347,043c298e-dfd1-48a4-8e94-9a88ae2eaed8,2023-05-03 03:58:51,1,347
1d9a8eda-a100-4387-a2e3-6574bf8db083,Regina Williamson,amandaalvarez@example.org,2022-11-08 00:51:17,2c968d9d-b07a-4a93-813e-80a47d14f898,Modem,Audio,329,c4a45ee3-2f52-482c-8622-b2446f988791,2025-02-07 18:13:30,1,329
cff32352-e297-452e-b5d8-547f1a0ef07b,Brian Vazquez,austinbethany@example.net,2024-04-08 12:44:59,a7bedf4a-aa69-468a-94f7-d12cd0ede074,Keyboard,Computers,24,b6dcd8da-68e8-48a5-b8a1-19941eeaf20e,2025-01-11 14:15:55,2,48
d92058fd-df61-4c43-8e11-a6772640b887,Kimberly Williams,lowerykimberly@example.net,2020-03-31 16:05:07,644e4db6-c7cc-4305-8c5e-8541437ac955,VR Headset,Gaming,919,8e528811-01a4-4815-aab5-a00859923ad1,2022-07-30 22:22:19,1,919
6376d98f-5e47-473d-8b2e-c7cb557f46f1,Mr. Andre Fuller MD,william39@example.net,2023-01-24 09:22:43,ee167fd5-1bff-4172-b621-39aecdcc312c,USB Flash Drive,Audio,696,b2f6b6e4-270c-484f-b965-dfe5d5400bd2,2024-03-20 09:00:37,5,3480
a1b7f8f6-5f58-471e-9ffa-f43b3a43823c,Amy Gonzalez,mendozaeric@example.com,2024-05-17 09:14:04,18568e3b-0e62-4c4c-96cc-6394a256361e,Keyboard,Gaming,898,3c2bad9a-735b-4708-ab47-1f67f6568be8,2024-11-29 10:34:56,3,2694
9b8e2b43-38e0-43e6-92ed-e3c78fca7664,Stephen Russell,kevans@example.net,2024-10-13 02:59:12,df8529c0-06d5-4a6e-a20e-e9367a92f70c,Camera,Audio,457,3827acdc-722f-4e6a-b68e-9018eb0a89e6,2024-10-31 04:15:57,1,457
bee27cb2-ca3c-4a65-9efc-7a12b6359ddc,Timothy Gonzalez Jr.,chelsea24@example.com,2020-06-21 03:05:52,2ddd7872-9316-4ef4-a61e-26850d8572bc,Modem,Peripherals,1375,087f25e3-27e2-46ea-ac16-f92102020079,2021-12-11 18:43:09,2,2750
19e16b54-a4de-4a20-a7d5-ce8710f62cc5,Gary Roach,timbell@example.org,2021-06-05 20:58:42,7ed4bd2b-c7e8-4a73-afbc-eacfbd5d5a6c,Tablet,Photography,249,3cd65c13-b22d-4faa-85b6-8cf582bb65de,2024-10-27 14:50:01,5,1245
1160c697-b38e-4da1-b013-e5348ae73e73,Sarah Gregory,tkeller@example.com,2022-02-17 10:13:39,71c8dfeb-1d4f-4faa-807b-fe167934b20a,Computer Case,PC Components,73,486ca21d-abc2-485c-a55d-752b8df33acf,2022-12-22 20:14:49,1,73
6e85b151-14c8-4271-8fbf-170d9cb73d71,Keith Dudley,kholt@example.com,2020-03-23 14:47:50,25a7c8a7-3c7d-4f10-8381-3015e5f494ef,Charger,Gaming,1076,1063e9e5-a12e-4174-8530-45f9bc4d8dca,2020-09-02 03:54:43,5,5380
a857b14b-d836-4d5a-9897-74416a2f2c35,Ms. Denise White,brett98@example.org,2024-09-17 01:08:04,88a6a8e7-5e00-4376-a5ae-5af75588340d,VR Headset,Networking,1357,deab21d6-1a94-4497-8031-944dfb3692d4,2024-09-28 21:23:44,4,5428
c50551fa-e565-46e9-bd9f-480c46c5f9f3,Brittany Clark,nancy00@example.com,2021-08-19 06:16:19,5fc6fef2-bdbc-4ab0-adcb-d7f5ee7eafa2,Microphone,Photography,359,32f24a7d-1611-4160-aa17-b2be9bbd75b5,2024-01-23 04:00:31,2,718
6cb1a4ca-f9bd-43c7-879b-4d4f1b99886b,Steven Garcia,jimenezisaiah@example.net,2021-03-16 07:34:11,4b659fbc-fa01-4826-942e-c5a32f3eec81,Camera,PC Components,731,b1d43a20-5233-432b-a17a-f33bdd8badab,2024-06-29 14:57:41,5,3655
bb5baf6a-faae-43d2-8181-1a52d6e90707,Eileen Mullen,diane39@example.net,2020-04-20 01:40:06,35c172ae-1b10-4f14-8c99-0df460542640,USB Flash Drive,Wearables,709,8176dde2-49e5-4396-a1af-78d0f697323a,2022-10-20 19:43:18,5,3545
d97dee64-2cf0-42f0-8c12-16a765a32a79,Randy Santos,ijohnson@example.com,2022-03-10 12:18:13,cb77f781-e708-43a6-bb9c-ea1aab8ecd64,Modem,Wearables,1102,62a21ee4-6a6f-4650-9431-84b8710e3b30,2023-08-06 03:49:48,1,1102
86194603-3bc3-4453-af2e-88b157587b72,Edgar Scott,johnelliott@example.org,2024-06-04 06:51:53,262a71a8-71ea-4e04-acff-bdf1f93f19e2,Tripod,Networking,1360,b70f5bef-55d5-4a02-8bc5-ec619605a0ad,2024-10-31 15:25:56,3,4080
e38f9151-7ad4-4106-9b24-a17585cb54db,Brittany Price,debbie98@example.com,2021-04-23 00:29:36,dfc35f2c-8aa6-48ff-9d19-bf9919836cae,Headphones,Photography,1909,0d8ca4ed-999c-4074-9dda-d42c6793c93a,2023-02-04 23:59:23,5,9545
6430e576-1681-4b6c-9286-d034787616a4,Doris Strickland,wardnicole@example.net,2024-01-02 17:16:48,c92f1794-5bc7-48ab-9e7f-d686e12375c7,Mouse,Computers,964,ec0ff205-3340-48d8-9d00-86cafbddfcd4,2024-08-06 00:20:32,4,3856
5cc12766-4604-4aad-bbfa-54bc9b1e83a7,Timothy Mills,allengonzalez@example.org,2023-11-16 11:53:37,7d3e4f40-81b5-4b47-8803-9c0ae8f7f4aa,Drone,Accessories,510,951792ba-95ca-4bc6-a8c6-aa8b0ef03159,2024-01-17 00:52:54,2,1020
7dd49cbc-55c0-41ea-beb7-d5d3fab43c77,Robert Nelson,penamichelle@example.net,2020-12-08 12:50:02,f3d70f6d-f76c-4616-a974-02b54ab6aa5c,Camera,Photography,168,c1800485-b10c-4ae3-82d0-c785ef2817db,2021-07-20 18:36:33,1,168
ca91355e-c327-4cce-be92-431e688d0884,Eric Davis,sandrahernandez@example.net,2022-10-28 06:38:16,d7a3c2af-23e0-4c46-a6f4-94081a54de03,Computer Case,Accessories,1355,7ea3070b-9832-4234-b8bc-f9f88bb7d7b7,2023-09-14 18:39:05,5,6775
409d5479-4d67-47cb-9690-636854816cca,Russell King,robertbradford@example.net,2024-08-31 14:42:02,03552907-7740-4c27-ad4d-6caf6d815370,Bluetooth Speaker,Audio,994,c4581227-2fbe-431a-a370-c384f163f5de,2025-01-31 02:32:55,4,3976
ce81fa73-a1b6-4a2a-b386-e0fe57206431,Nathan Wilkerson,wdavis@example.com,2021-08-15 13:29:35,916320d3-004e-42c0-85ed-12d149cbc4a4,Charger,Audio,453,afad3057-92f8-4dc4-a155-cdcc89dc812d,2024-04-12 13:00:20,3,1359
804751b3-7436-40bc-bb1f-419f977a166b,Daniel Smith,adam64@example.org,2025-01-31 10:28:01,e8128993-7e7d-4d0b-8ff0-f77265869638,Scanner,Accessories,1114,a179a36f-ca29-42ed-a545-1f3c8256735f,2025-02-26 15:50:59,4,4456
cc6443b9-6f0e-4a89-8387-a3d6c99af620,Austin Thomas,lindsay19@example.net,2021-07-15 11:40:25,226019ec-6001-4614-b614-5764efce1dd1,Fitness Tracker,Peripherals,405,51a11ed8-43c2-4939-9c41-5ae0ddfe1616,2023-08-03 03:35:39,2,810
aa758916-ba8a-4d5d-b450-85f5fcccdc01,Mrs. Judith Davis,jackhurst@example.net,2024-04-26 21:15:04,f28b27f9-e409-469b-ab2f-06523f65ccf3,External Hard Drive,Electronics,478,ed1eac64-ab62-4e72-a081-0b69dc17b1b5,2024-08-15 10:51:15,4,1912
f10e6e3a-f5d4-4287-a427-1fc839b4d255,Keith Williams,ujackson@example.net,2022-01-20 01:28:12,c0526e89-35e6-4749-ad81-85595202e064,Keyboard,Gaming,817,6975db35-0dff-40b5-9d19-a0de4fdb9f83,2024-11-17 11:01:38,4,3268
87aa1af7-fa59-47be-840a-b80bc6978050,Douglas Flores,charles71@example.net,2023-01-19 21:06:51,066cc2bb-3400-4786-a131-154552a1d5fd,Network Switch,Peripherals,1814,c8aec09c-7de0-409c-8ee8-a8a007e9f1b4,2024-01-03 09:33:37,4,7256
7a08d172-879a-49ac-b59e-5b1e62dae0bb,Michael Ortiz,vernonbarnett@example.org,2020-10-16 18:18:03,2196e87b-19f3-42fb-905b-c13e57a5fa33,Gaming Console,Electronics,1142,91c054b1-c1bc-4280-9f45-83915a5c0644,2024-08-08 14:13:09,5,5710
0639cb60-067e-453b-aa1c-5592180b2b93,Laurie Wall,daviswilliam@example.com,2024-06-05 01:45:32,c16775f7-1bc7-4695-bbac-185f0d7506d3,Keyboard,Audio,1401,a33cd906-9074-46d8-9512-afa229ec55e3,2025-02-06 15:11:04,1,1401
f5613214-dedf-4b45-b436-f5b383025a3c,Juan Jackson,ispence@example.com,2021-02-27 22:20:06,833dbfd7-bf30-4ec3-859c-5e02cb56d364,RAM,Wearables,1585,4cee2951-1aa6-4508-acd3-25f28b3dd14e,2022-10-09 21:30:46,5,7925
43971e45-26fe-4a4b-b5dd-a808699bbf6e,Chelsea Campbell,qlewis@example.org,2023-12-19 20:47:27,5e25b735-fe0c-4318-8574-914701a0ec8b,Charger,Accessories,1264,78f78eba-1ec6-4b2b-9cb7-695c06300889,2024-07-18 10:26:17,2,2528
6aff90c4-ade4-42b5-816c-2e585c927619,Maria Hoffman,kylemartinez@example.com,2020-11-28 23:43:12,31a16cf4-e7d5-4deb-bdfa-9be696aa6309,CPU,Computers,1852,1ba97ca5-5c9f-41d8-bab9-0b9200a7bf00,2021-07-06 22:40:42,3,5556
d5323820-a3fa-4d10-91bf-b18c1586692c,Tony Harrison,anthony10@example.net,2020-12-31 11:33:05,f80cee00-6f14-4f43-84a0-df8a6f0b6e2c,Keyboard,PC Components,436,f3e19eda-55ea-49a4-9a7a-45aff0550c7b,2023-10-17 03:48:54,1,436
978d9c36-f346-41e4-b9d6-39f813b82a11,Charles Faulkner,eshort@example.net,2025-01-19 23:46:43,c3a3a798-f0ec-40d0-b030-027641d2d272,Scanner,Computers,280,1027f11a-cb71-4615-a7d2-7f688953a8e1,2025-02-07 00:28:09,3,840
f007ce68-4bef-4cba-9f19-9d51fad57248,Amanda Lawson,warias@example.com,2022-12-18 03:48:10,554cc1f6-e7e5-4239-b20c-a7dabfc8ffc5,CPU,Gaming,237,48abf1c1-9824-4661-b45e-953a1e87a829,2024-03-30 09:51:18,4,948
bf277079-312b-4c36-9e9d-1f73f6628fb7,Oscar Wright,laurahardy@example.org,2024-09-27 04:34:48,b86ec1fe-68e1-418f-b293-e6adb9df397e,Headphones,Computers,1708,1dcead94-46ec-4143-bedb-f4dcc909cf87,2024-10-04 01:37:52,2,3416
982a5d11-f0a4-4270-9cbb-0c55ab99bd6f,Rachel Cook,qflores@example.org,2025-02-21 07:12:24,a3e70023-523e-45a9-a5ce-81b1764b7a7b,Mouse,Gaming,840,115f8346-23f6-4241-a3c6-f49e69e2e0f2,2025-02-22 06:31:03,1,840
5d5e235a-1287-41ca-9636-688be22b23d5,Jacob Morris,christianlewis@example.org,2022-12-01 15:59:38,ebc839ae-639f-470d-848e-ec28208c9cb5,Gaming Console,Wearables,173,ef364343-15a2-4599-92ca-4b30141949f7,2024-05-06 20:38:54,1,173
ee65a6e8-3719-4c6a-8238-039396d8f03b,Kristin Martin,richardsontammy@example.org,2020-06-22 07:53:53,7473129c-262f-48f8-83b4-f81997cadf16,Fitness Tracker,Wearables,1221,88c0f335-7585-4998-bc42-edb6bdb7e9e2,2022-05-13 03:43:53,4,4884
ccbe84c3-d173-47e9-8532-37fbcbe34504,Troy Ashley,krista20@example.org,2020-11-08 13:12:58,caaa0d8e-7db7-4892-8be6-fa0bc1b55277,Headphones,Accessories,585,012f5736-761e-4282-b40b-bd232d0c75ab,2023-04-05 19:07:46,3,1755
3ef71590-4b6f-4de9-91ee-de478bdc9e76,James Mcguire DDS,briangarner@example.net,2024-09-19 23:27:51,6a3929a8-d03e-4c46-af32-8a72d63c108f,Smartphone,Computers,948,dc32b97c-ce50-4bd7-a10c-0add69f57053,2024-12-15 23:52:19,1,948
c3c785a3-cfb1-4c0f-9314-dc3223ab333e,Nicole Gillespie,robert87@example.net,2022-06-18 03:32:22,5f36c670-bfb1-46d8-a9ff-dee003d813fd,Printer,Accessories,1726,a6de15d2-b1c2-4fb1-a91b-1764a7089667,2022-08-10 04:48:32,2,3452
fb1c98ce-3a78-4aa3-890c-389ff53cb269,Erica Duffy,pvaldez@example.com,2023-06-26 09:49:07,7bf6fee0-ba74-4258-a946-3611ff575946,Headphones,PC Components,622,2edc2bf0-73ef-428f-ab99-87c8b1206ffa,2024-03-03 03:43:06,3,1866
bccf9e59-b906-41a0-852c-5c150f620f2b,Tyler Munoz,josepatterson@example.com,2022-04-17 04:11:25,6fdb9155-bf13-4137-b349-d762b5b9454c,Fitness Tracker,PC Components,576,bed77c98-0ad9-4201-a941-af2cff8b589b,2023-11-08 13:10:43,2,1152
96b5478f-c57d-4d0d-8a8c-11707e57c73e,Erin Krueger,michellemcdonald@example.net,2024-01-20 06:58:08,00d9aab8-1bef-4a5c-964d-9290fcf491aa,Tablet,Peripherals,1213,d0b3eda9-7032-41c8-a9e5-0ddfb79b1ed7,2024-01-31 21:49:13,5,6065
7c28433d-d6e8-4073-a51a-3bb9a4511384,Nicole Jones,nfitzgerald@example.net,2022-11-13 10:45:21,51f56db0-52cf-4268-8c0a-23b5e4fd3c04,Mouse,Computers,269,4e2b1764-401c-4984-8b7d-8a8f68d4ea03,2024-07-01 21:05:30,2,538
48c76427-7532-4375-882a-5849de88d9c4,Richard Walton,tiffany39@example.org,2020-03-16 22:27:16,f97147cf-e62d-4c90-b589-8c91769e9ae5,Router,Computers,1570,0c07b2fb-4cd1-4494-b079-8e258ab982f7,2020-09-20 21:17:32,4,6280
dcc2e825-a6ad-4057-b03f-956c98b9ea12,Christopher Friedman,meghan27@example.net,2020-09-08 13:22:39,2c1c1f91-10ef-4902-800c-acb81d2e32de,Smartphone,Audio,292,c71d023c-1663-4d03-8368-b7fb53d621e8,2021-10-06 00:09:50,2,584
8ca75e85-1da6-4752-9cee-3f0c0069775d,Edward Morton,kgreen@example.com,2022-05-19 10:43:23,6375ab83-b31a-4958-bd7e-3ab3f8d25dd5,SSD,Wearables,1842,48564cbf-a8fa-47ad-8cb2-4bb22b441d29,2022-07-09 16:36:02,3,5526
84896136-0905-4c3d-a508-4cd61e220c85,Morgan Hernandez,matthew60@example.com,2021-05-13 16:41:13,9d11b761-ec42-4779-b62a-862b640314ac,Computer Case,Peripherals,1783,9f42d029-033d-4d6f-ab4f-c1ae9e000eb8,2022-09-02 19:16:54,4,7132
f5ddaa06-e18c-4e08-b797-8285e3bc7159,Joel Dunlap,bryan59@example.net,2021-02-01 22:52:57,835ab837-c329-4604-a5a9-c7b88f22a3d3,Modem,Electronics,1579,b184d493-619d-4773-9e15-ad3fe2226bc5,2023-02-15 20:29:26,3,4737
5a930826-1203-4693-85a1-068e5417347e,Amy Woods,freemancody@example.com,2023-02-02 22:34:31,505ff2b1-877d-4cc6-97ac-754df04c5953,Headphones,Networking,1871,a37df056-cdf4-4e7d-9a98-f1e5315ff628,2024-08-21 20:08:19,4,7484
8d50de8f-ae61-4f11-aaa6-4cef122a4e7d,Diana Clay,jacqueline82@example.org,2024-06-17 09:09:41,6907f793-be46-42d7-b866-4005377c2b03,Printer,Accessories,1064,fdea9e9f-d1eb-4089-9565-16c84e4ff741,2024-12-30 01:54:08,4,4256
c367a8de-116e-4667-a5a9-f2063b462a05,Paul Collins,robert76@example.com,2021-03-28 13:29:21,88d6c55b-0e00-4e60-a30e-7da3bdc2e344,Mouse,Wearables,745,ca34c951-ef3c-49cd-b414-3cfceb6fe427,2022-10-30 02:11:32,2,1490
35943fff-99e4-4210-ab83-0263e30ed237,Heather Mcdonald,caroline69@example.com,2024-04-07 17:27:29,32546729-883d-4d02-8a81-02f854f228bf,Modem,Accessories,1268,c78e827d-fa6a-4109-862e-0783b37b5709,2024-11-09 16:51:56,2,2536
b377949f-171a-4bbe-ae8e-7c14044e8e40,Heather Stewart,carolynmeyer@example.com,2024-05-13 09:59:39,fab3a92c-a3d3-42a9-b182-2a3e11666593,Mouse,Peripherals,745,e8c522b4-0576-4d14-a47f-02f82d14a0e6,2024-10-13 18:54:13,4,2980
34a2a912-3b19-41f8-a79a-0681bec9349b,Elizabeth Lopez,richardhuynh@example.org,2024-09-17 17:24:55,f1d55195-573e-4bc3-bdc8-1bd1ddb0f437,Computer Case,Gaming,320,dc41782e-764f-4a8b-ae3e-b67509508b59,2025-02-05 17:33:34,4,1280
81c83493-0de6-4ce5-8260-eea5116e7cd2,Michael Carroll,hernandezmike@example.org,2020-12-09 07:42:39,68e31063-0d8e-47fa-922d-f1ee67fe0386,RAM,Wearables,200,14d1a3c0-09b8-48eb-98b2-c4303efbb1f3,2023-04-29 04:14:00,3,600
41fc0ba7-eb95-4552-962c-7123e937395d,Rhonda Campbell,gmassey@example.com,2023-07-14 23:47:49,73ed6848-6718-41b4-8272-22ab1b8bd9c6,Laptop,PC Components,1516,77d9d5dc-055d-4471-bb18-f85d69f09e82,2025-01-18 11:22:37,3,4548
97850f39-0be6-4ed6-9e1f-8e212ae7bed8,Aaron Chung,erichards@example.com,2021-01-17 02:24:00,ed802f9a-2c94-4f44-8701-8ef0d6cd29af,Laptop,Networking,1129,3aa02500-fb3e-416a-ad6f-72541267fb71,2022-08-10 03:56:11,2,2258
62af192f-e66f-4aa8-8367-f26806b836e0,Kenneth Stephenson,mfriedman@example.org,2022-12-10 14:38:06,16175c83-7ff7-4aed-a66c-62e369e49c2d,Graphics Card,PC Components,1776,422d867b-7a71-42fb-8eb9-a1e5cf4360f8,2025-02-08 14:09:19,2,3552
6fd47761-5b28-475c-ab86-53c9b9a5f910,Jill Graves,brian02@example.net,2023-05-11 12:06:40,555bfd45-6ac5-4a48-8ead-e7afd5ec3960,Headphones,Gaming,1626,900b4354-53b1-4e05-a760-7281994abf2a,2025-02-07 08:30:52,2,3252
a4212ae9-d7a5-40b9-88d8-60646f47e504,Jacqueline Gordon,erik50@example.org,2022-11-14 04:12:16,4b320112-f239-477c-adce-23fcde668150,USB Flash Drive,Gaming,1050,c0b89aa0-5b60-44f0-9fad-bb4d4427c363,2024-04-26 05:02:09,3,3150
4dfc7dd9-8760-4b85-b1bd-8e376f98ddd9,Vincent Howell,christopher35@example.org,2023-04-02 10:15:04,aff95db3-392d-41d9-9731-329f5e1cf100,Computer Case,Electronics,1194,3c60dad4-27e3-41f4-9338-1b1dabeac5c1,2023-08-19 09:49:46,4,4776
bfe23cc9-7d21-4a90-9712-c8bc773f0fa9,Tony Cortez,melissaleon@example.com,2024-09-26 17:33:29,63814b46-d321-4c57-a8df-fa3340491656,Charger,Wearables,233,e1587e7e-7a33-4361-978b-4184b55101f1,2025-01-07 12:39:15,2,466
665c14ad-e47d-40f7-b9d6-81563822c085,Craig Butler,christinehamilton@example.net,2024-02-22 18:09:53,aa026fc9-c876-4af3-b960-b23ca2192997,Monitor,Wearables,1929,59f3326d-ac05-49c6-aba2-3bbc87e10495,2024-03-29 16:48:59,3,5787
e9c2241d-5ca5-4aeb-b920-b7dbf1150aeb,Matthew Scott,matthew46@example.net,2023-11-24 15:53:27,077251c9-26f6-489f-a375-69100bf61b65,Router,PC Components,118,e6c7affa-eaaa-4c92-b7db-3d218dfc219c,2024-05-09 18:22:16,5,590
d997452e-3d49-4de2-b6b7-fc3bde490e4e,Jesse Bryan,gloriaroberts@example.com,2020-10-29 22:37:38,4ba28f90-818a-458e-bcd8-300f185b1ac9,Camera,PC Components,130,cc32f9a3-9df3-405f-976d-8d0da46dcd03,2023-11-29 05:18:02,2,260
c5c0db2d-57e1-4b3f-8ea6-04e821910b0b,Misty Garcia,cmorgan@example.net,2021-01-28 07:12:19,0e1db267-02a7-478b-8bf2-d8e35f414f07,Printer,Accessories,942,b786c20f-0d49-4d38-9032-3c9e3c20c377,2023-03-27 22:45:21,2,1884
763cd689-3eb7-4006-95e5-4b0b66f7e62b,Toni Harper,vasquezmarie@example.org,2022-05-07 07:59:09,c58bab60-fc95-40c4-a5af-99f45722e40b,Computer Case,Computers,1413,054f923b-8a51-4cde-9234-f3934791cbd3,2023-07-21 02:02:50,2,2826
37e50669-de2b-40dc-8311-1b042d500790,Jared Campbell,carmenspencer@example.net,2022-09-17 21:34:01,65d12a6a-e86e-487a-9f25-ae32e7319de5,Monitor,Wearables,1209,93865a35-b5d6-410d-a98d-1a78856a0707,2024-09-13 23:07:05,2,2418
09bf092c-729f-4bd9-9cc0-36d84d04cfa7,Jordan Ryan,qrios@example.org,2024-03-01 07:18:53,c704831f-9617-468c-8488-6934f55f84b4,Power Supply,Photography,342,c720a9d8-83b5-4147-9c84-588e45ef38c0,2025-02-12 08:37:50,2,684
00bd4896-50bf-48d3-8183-6b08a7ec10d8,Sabrina Herrera,lauramoore@example.org,2023-04-25 01:32:12,93ffed76-7584-4c9d-8a4d-d98837fa0408,Modem,Wearables,1209,dd5d0911-7d26-4e48-af27-b3c0cf9e3e9d,2025-01-08 13:04:18,3,3627
2990cdf7-6f38-4e63-88da-213abed26ff1,Katie Giles,webbashley@example.net,2021-08-10 13:36:30,6450804d-67ab-48a0-979d-b8464446824c,Tripod,Accessories,1903,53a2624e-3719-4e6e-a0c4-d17288ce35e6,2022-03-14 22:38:50,4,7612
0ac385c3-f651-45a4-ad2b-44b568814262,Angel Wilson,scottmccall@example.org,2022-11-20 19:50:31,e813d62f-d937-49a1-874b-ac832f105f29,Printer,Peripherals,1638,62855610-66ef-4362-bb69-fdf0def180be,2022-12-05 18:36:33,5,8190
1cb7c312-25e9-4ddd-a28b-a157ba6693fd,David Arnold,ubrown@example.org,2023-02-16 00:43:07,a7631fdf-c474-4cb7-9a61-6b91f97be9d9,Webcam,Networking,1089,fb7d0b59-55d5-4fe3-86c3-96033461a17d,2024-10-12 06:18:04,2,2178
4a2f9f4b-4416-4225-a1c8-05bd4468dd91,Brooke Rivas,harry62@example.org,2023-08-13 05:53:04,f7e76930-d596-47ce-9aae-6395e176a324,Keyboard,Networking,277,421f07de-9bd0-4d9b-80e4-d6020e88111f,2023-08-14 19:05:40,4,1108
b2ff27aa-273a-46ad-9db6-aeeaf209ed06,Dr. Gregory Freeman,poolesarah@example.net,2021-08-26 23:38:32,3bbd9e70-845a-4630-b4a1-1c265b59921f,Mouse,Peripherals,1550,a9ea33b7-a2aa-4ea0-a76f-1be9ec88ea5f,2023-03-09 20:20:26,4,6200
524abbd7-d9dd-4ade-9042-19d51654e2b8,Alicia Thompson,kristengonzalez@example.org,2021-10-18 00:56:06,fb90174b-10e1-4a4b-8ee5-705122297a0c,Gaming Console,Peripherals,455,1d4db1b3-c2fd-43cd-a602-546da7f2b118,2022-10-09 03:56:30,1,455
017644d6-afa7-44af-9edb-22534c7e9763,Nicholas Moore,hmarshall@example.com,2022-12-23 12:31:48,1554b27f-7d7e-48fb-a6e6-2a13b5f002ef,Mouse,Electronics,488,5359c742-7804-40ae-8844-1022f99205f0,2024-04-30 18:05:41,4,1952
ae9f5918-1017-4d45-a2bb-240dd01e7dc8,Wendy Martinez,blairmichael@example.com,2020-04-27 14:35:28,dcc9155a-832a-4927-9055-0bc8578b169e,Tablet,Computers,1198,34a5bcd6-59eb-4911-99d4-ad195df9007e,2024-09-22 11:33:43,2,2396
6525369a-6a61-4141-8ae2-18fd7cce72e1,Denise Jackson,jeffreythomas@example.com,2022-11-25 07:08:10,cfca579a-ab7c-4b40-8289-15685d4c7b38,External Hard Drive,PC Components,668,efac2d65-8e67-445a-9330-73637961b17e,2023-09-14 15:57:12,4,2672
9821ec09-3c1a-4337-8030-f0af713dd292,Nicole Holt,makaylajacobs@example.com,2021-07-12 05:57:43,7cc16b8f-41ab-4f28-86f5-c21d9104ec6e,Modem,Gaming,363,ffbe8caf-3fbe-4740-987c-cecb5b1ef783,2022-04-05 12:04:13,4,1452
0052711a-25a7-43e5-a535-d259f178ab10,Amy Randolph,matakaylee@example.org,2022-01-19 08:58:46,10ba122f-08a4-4f91-a48f-3154f1c00e05,Computer Case,Networking,1468,0b84de6f-d30c-452c-9d61-a1f8d0ee7074,2022-03-07 01:31:45,3,4404
4e2bf4fd-21a2-4de0-a61a-11e377707ff4,Jeffrey Baker,mcfarlandjustin@example.com,2021-07-19 07:16:17,c70639de-833e-4c89-8b2e-343d5900735e,Gaming Console,Electronics,499,7ce14512-b976-4762-8773-86b45040d3be,2022-11-20 11:23:28,3,1497
cd221103-59bd-4978-b9b2-a4bd4aa15b26,Joseph Kim,swilliams@example.net,2021-07-25 08:50:55,e72e480b-d4fc-4137-8461-bf42c5bf48ee,Monitor,Accessories,1217,0dab10ef-4e7c-4243-bebc-889c2e19dcee,2025-01-23 09:03:25,5,6085
d2d30791-7179-49ba-be2c-3e8887e21103,Lisa Barrera,angela63@example.org,2020-09-15 02:11:50,7468b675-ea4b-4836-a133-f360782694ef,Drone,Computers,1993,df3f6269-0bcf-4335-82da-075cbf8a4e28,2023-04-17 11:55:04,1,1993
f4beab5c-c364-4ebe-aae9-5c25acc8909a,Sabrina Moore,riverashawn@example.com,2022-07-09 04:49:56,dcdce0e2-2259-4cf3-aecd-b77327cb6967,Tripod,Wearables,1524,fa482baf-50dc-4afb-8544-5cad33c63f33,2022-10-07 11:11:09,4,6096
27ac7ab6-86d8-421b-a8bb-7a6b5b5cd6c0,Karen Schwartz,leebrandy@example.net,2023-11-08 08:45:36,9e42d80e-f807-452d-8ca1-bd0281edadfc,Gaming Console,Peripherals,796,5510fe8d-3c49-46cb-8d71-cfd2817d5de8,2024-02-05 09:48:57,5,3980
4d7fc799-6b04-4377-b7df-856c9eb2254b,Donald Wagner,frank88@example.net,2023-03-14 17:32:00,739a3d28-32ec-4e22-a32c-50b9dc91b7f2,Headphones,Networking,551,a8261490-ef07-4ae1-a9e1-14d3b203522d,2023-09-18 18:48:31,1,551
42222419-6c8f-49e3-99b4-57689dd51d0a,Adam Maddox,collierjennifer@example.com,2021-01-13 03:04:40,e3bf1e23-a2d5-45bb-86dd-b325772de3cf,Scanner,Computers,1005,19285554-f7db-4ebb-bdf3-9b2e33120ff7,2024-11-01 16:26:57,3,3015
248bf54e-5310-4d24-b7bd-01921e753abc,James Miles,rodney03@example.com,2024-01-29 18:28:22,ff642eb5-af59-4524-b4bf-ff179adce9c2,Mouse,Accessories,1698,f8c5c62a-223c-4287-9ea1-baa06e980ca1,2024-11-28 05:43:55,1,1698
611f9d52-bf81-4830-98ff-add58d3ed9cf,Laurie Sanchez,ffrost@example.org,2023-01-02 04:42:08,113c71df-6cd9-4b6a-8314-cf366b575e70,Keyboard,Networking,47,85d80799-d725-4918-ba08-21cb8dbb78e7,2024-06-17 13:18:05,2,94
4c88f451-9e67-4797-9dfe-52942d835b33,Jenna Howard,sandra85@example.net,2024-03-22 12:43:30,0f280ff7-3e9f-449a-b849-1ca93298b3d3,VR Headset,Accessories,436,54bf8c9c-984b-41f9-9f78-335a24d312b3,2024-11-29 03:48:07,4,1744
587f7d5b-0e5e-4974-b065-b3b79c8e5fab,Stephanie Nelson,debrahernandez@example.com,2021-11-09 15:04:18,5b39eedc-7ab7-4f66-a338-62065b0fe90b,Tripod,Electronics,1377,39d23587-0ef3-4efe-91db-1168d4d03ac3,2022-06-22 16:59:36,1,1377
146a3cbe-34e8-4da4-9396-2c4b6681a6e6,Robert Wells,stevengibson@example.com,2024-07-20 00:31:37,0b7952cd-054a-45ae-bf2e-dd03f3f9e993,Modem,Peripherals,1206,bba5f9d2-7c25-45d0-989c-964372917f56,2024-10-12 12:26:54,2,2412
81180bab-f75b-4e65-ae9b-1636ed8d6a24,Shane Lewis,michael87@example.net,2024-05-11 22:47:23,80faf553-3b9f-41d3-bfbf-5061e8d9eeb3,Computer Case,PC Components,1192,ad922c06-8b62-42ee-b7ca-b5ff09e450fb,2024-11-12 15:12:19,5,5960
1689b62c-8462-41a2-9134-ac5952b15f02,Joshua Howard,paulmichael@example.com,2021-05-19 10:11:37,72792933-3218-480e-bf33-a49b096161e8,Camera,Peripherals,1234,b9ee414b-8d16-4d9d-9e7b-54fb6e7b7dfa,2022-02-03 07:38:40,4,4936
06ecfec4-8302-4583-8b54-0db2c2967a5e,Lee Clements,peterssarah@example.net,2020-03-29 14:24:46,9b5d968a-3653-46e2-ab83-ad6870e3da7d,Monitor,Networking,574,bbc504a8-8ca2-4f6a-b797-07e4c8062dbc,2020-08-31 03:15:25,3,1722
d7e7ae1d-eb7c-44a2-8f60-ed3daf9c4821,Nicole Best,joe79@example.com,2021-08-12 09:54:39,6e1cb4b3-a758-475e-af97-dfc402d50aa2,Computer Case,Photography,1903,f4361d57-487f-4df9-b8f3-02d15cffc93d,2024-03-08 19:16:23,1,1903
f132600f-034d-470b-bf3d-f4ef2f7239fd,Michael Holden,tclements@example.net,2022-08-16 17:53:21,684ad4c3-4ee3-444c-9cf4-1dc94d132629,External Hard Drive,Audio,1695,24c80440-10b5-4c31-ba0a-6150c45aa2c1,2023-04-01 20:54:34,2,3390
0de4a27e-8ab3-4f42-af27-2be5fa30951e,Cody Osborne,taylor20@example.net,2021-03-22 06:42:07,3e517ec7-2e10-41c8-b09f-123154add42f,Tripod,Gaming,1588,e64e2e33-83b0-496e-8e8d-6f1c0e97590b,2024-03-27 17:16:55,4,6352
4c992c2f-ba82-4c1b-85ed-a63c52303a18,Teresa Grant,vblack@example.net,2024-04-23 11:04:48,492dae16-ad00-48d6-acc4-6944cac2dd35,Motherboard,Wearables,1787,070af0b7-3fbb-450b-9a0f-e730efda86e6,2024-12-08 19:28:32,5,8935
f162fe35-5844-4af7-8fa7-27a2f83d3b71,John Trujillo,lallen@example.org,2023-09-19 06:54:21,932c23ab-00b1-4994-8c55-5d5ead6219b5,SSD,Computers,1014,8e37986c-2eab-423a-983b-16c213353ade,2024-06-25 00:24:30,2,2028
91d32667-96df-41a1-8b84-06d4548c2552,Kimberly Cook,piercedebra@example.com,2020-05-07 11:25:52,227e9e51-20ef-4265-ac34-dd813f6c8525,Modem,Gaming,1730,ecf176e5-ac00-4f77-8421-1e86d09e6851,2022-06-03 21:50:34,4,6920
dbeff041-1a26-42f2-813e-41d821ef50ff,John Clark,mayevelyn@example.com,2024-10-29 01:57:17,c9da117f-569a-464b-b0a5-74c6cf684a1b,Camera,Computers,198,4e27db85-5d1c-47e0-af54-8cf6eb78236b,2024-11-08 02:53:06,4,792
fc1438aa-6bfb-487c-90fa-db888f342268,Charles Hawkins,davidhart@example.org,2022-12-04 15:55:50,03812098-6a57-4c16-89e6-325926bb18b7,Webcam,PC Components,983,b929bbbd-c5c0-4390-ac50-c1722eb61cdd,2023-04-30 15:43:32,1,983
0d84c61d-a2b2-4801-b362-92eefbd646ae,Erin Myers,torresrobert@example.org,2020-11-15 09:49:25,d4d1dcdf-9b81-4ac2-928e-785bf5be9bd0,Smartwatch,PC Components,538,a223faa7-c17f-4a9d-8a97-f127dfdb5be6,2021-02-05 05:02:24,5,2690
57ac1e21-833f-4e16-8e1e-00b3e6f59bf6,Katherine Gallagher,timothy57@example.org,2021-10-20 01:19:09,03bd50d0-a43f-470a-87c7-2aa6cb7a0e3c,Router,Accessories,1990,c3f2c806-409a-44cf-bf3f-c8d86dee08f6,2024-08-06 16:52:54,1,1990
52a2f0c9-f103-47f4-b1af-6917ee16e4d3,Stephen Guzman,matthewkirby@example.com,2020-09-14 13:45:39,3281e7ec-48df-4229-8445-f59dd2cdc059,Network Switch,PC Components,134,353111a9-9e4d-494e-9400-85d91aa7a751,2023-05-03 09:11:32,1,134
5d94a944-bfbf-4190-98cc-f75e880184e6,Rebecca Levine,amy71@example.net,2022-09-29 10:33:21,91964461-f4cb-4147-a05d-fc260ad29538,Motherboard,Peripherals,191,ccf38085-d7b7-4fe6-a432-2e319b2b0018,2024-10-07 14:35:38,1,191
b94f5ca9-eb72-47bf-96fd-de670194dc67,Douglas Sanchez,michaelwatkins@example.com,2024-09-23 05:18:50,3d2dd585-c2ce-4305-9e81-df467dacc280,Monitor,Accessories,134,09da815b-155d-4733-87d9-0001f3a7647e,2025-01-26 22:26:11,4,536
48eaf55c-6385-462a-aeaf-dbd4cf318c2f,Keith Clarke,alexandrastewart@example.org,2024-05-20 01:53:55,18a93896-2dde-4fd0-a8c5-41eca6cf7ef8,Gaming Console,Accessories,1056,0baadd09-b7e0-4655-ac05-0dd954b89c51,2024-11-07 16:51:41,4,4224
5d2402ba-8758-463d-9fcf-f93e73e87c8a,Robert Sanchez,jspencer@example.com,2024-12-05 08:49:42,487b0271-27d7-485d-85bf-c3ec34a259a4,RAM,Computers,1934,57b67121-ac72-4546-9d32-1c969f27dbb1,2025-01-04 11:39:52,2,3868
190805f6-e559-4019-b21e-caf3c43bdab9,Billy Richardson,kimdanielle@example.net,2020-08-10 00:09:43,ddc9b8ae-e26e-41e6-8c91-044db198a132,Keyboard,Electronics,619,27e96c40-ac33-4756-a632-e67966cdf8b0,2023-10-02 20:13:47,3,1857
9be2c4c1-c7eb-4e89-b05c-c9d8edb46496,Barbara Clark,jenniferbarnett@example.org,2022-08-25 14:05:51,96d076e3-0cbc-46e7-93c7-9525fd603d63,Modem,Accessories,1256,7c09f852-58d9-413b-a0b1-be86eaf87d1c,2024-09-21 02:10:01,4,5024
c6bbed7b-a84f-4f4c-aba2-f4815cff2e79,Alexander Brown,cporter@example.com,2022-12-24 19:29:48,78ee8ce0-7866-4a49-9842-845e62b9062f,Graphics Card,Electronics,191,5de227bb-bb4c-4e64-b6ae-98bec43186d9,2023-03-12 01:58:38,3,573
6db7c731-041c-41ab-b2ff-9af512e25b28,Steve Harris,nsmith@example.com,2021-07-10 16:18:23,c7c9b1b1-fa44-48ed-93dd-1eed741ff381,USB Flash Drive,Peripherals,196,7c53724e-a3e6-4091-b4c8-d9d61906baf5,2025-01-24 11:37:16,1,196
1c580b85-b41c-478e-9bb7-c2a20f19ede8,Steven Mcgee,rebecca73@example.org,2023-11-20 19:45:43,fda50310-f469-4635-881b-bc20c366a589,Keyboard,Networking,1829,ae6066d7-1b37-4439-b63f-c94047f634dc,2024-05-09 10:04:00,5,9145
d2a09900-f8db-4588-9887-bef9908450dd,Ashley Adams,anne38@example.org,2022-08-22 14:03:51,4fb978da-dace-4451-89ee-0830118caa58,Laptop,Computers,1353,da5ceb42-6cb6-4b9f-975b-94d96d517eef,2022-11-04 07:50:51,1,1353
670ea62b-fc07-45f9-9ce8-956518f14b2e,Mark Barnett,randy54@example.org,2020-06-26 12:17:55,c8cf150d-c52b-4e13-b953-cd0361316df0,Computer Case,PC Components,856,e11b1108-6139-4b93-b333-0f50e8412fc9,2021-03-29 21:28:41,2,1712
557c71ae-d68f-4a2b-9a8e-03702e165c62,Danielle Turner DDS,lnelson@example.org,2021-06-14 02:15:52,3c929f2e-0fb8-4f0d-b81b-3ec73f2cca39,Graphics Card,Networking,533,dbcc6638-1821-470d-b3b9-d8963c7ce766,2021-12-05 03:36:59,4,2132
358ebbbd-1508-4ee7-a83c-dd00c15f4a93,Felicia Williams,lori96@example.org,2022-12-04 03:59:24,2120ea4c-2b89-4d18-813c-001b597d9da8,Computer Case,Accessories,1936,46258773-a109-40c4-8e2d-5e35874495b2,2024-08-13 12:27:09,3,5808
bd1a4b54-408a-4aad-85a5-4e551c966552,Pamela Montoya,ykaufman@example.com,2023-04-02 05:44:26,5c7c3b44-dffc-4f74-b960-e79e52604cfe,External Hard Drive,Wearables,1119,135237a0-f9df-44fb-8587-d53b567217f4,2023-04-24 17:57:08,5,5595
6dd41631-558d-4d45-b3a4-30cc718b5a95,Thomas Jenkins,seanbennett@example.com,2022-10-14 14:28:46,24113781-90d6-4a75-9131-4acdda94dcbc,Tablet,Wearables,423,a8697e67-07e0-432b-819b-26e09616c072,2023-04-27 03:54:45,1,423
1dbe3e20-fc40-40cb-a480-5286f7f3177f,Krystal Coleman,petersjulie@example.net,2023-02-14 23:23:30,54278f55-d624-4cde-b359-aae85e7b5095,Modem,Computers,28,94bcee84-6814-4af0-85a0-e9416c3d6b59,2024-07-12 18:07:10,2,56
2c219e04-bb40-4ab5-9ae1-577d5a9190f6,Deborah Lopez,elainejones@example.org,2022-09-08 06:02:27,61e24550-43ba-42c0-adfe-58c40b3bbc8b,RAM,Audio,1406,5716cd17-ccc1-4049-aabe-c3771d848158,2022-11-26 01:46:07,3,4218
5c6724ff-92e4-495f-a841-cabbcaec43c9,Elizabeth Price,stephenmaldonado@example.net,2021-08-06 09:38:04,cc52aebf-5ea3-46fd-801d-8ea7c03c01fe,RAM,Wearables,1000,4dd62e9d-faf3-4d4e-87fe-05933ee9c517,2024-06-30 12:55:01,2,2000
29da2578-d891-4369-b7c9-bea6e5324b3d,Robin Tyler,john47@example.org,2020-04-25 07:55:15,5cdd5ff6-da2a-4e5d-abbf-5f0d9e1d82f9,Charger,Networking,797,1b4fac1f-9a41-48c1-8887-fa018461441f,2024-02-03 13:39:19,1,797
9f43b422-a074-4cd5-ba95-68fb14620650,Patricia Bruce,jillianoconnor@example.com,2022-08-29 22:36:57,d5210781-37c4-487c-a26e-375b73629a46,Webcam,Peripherals,1758,41c59537-6348-47c7-988a-769e766f5e18,2025-01-27 13:34:49,5,8790
8e931894-e169-45e5-bbb9-f9b3a9205c47,Paul Moore,susan20@example.net,2020-08-18 08:26:29,a3f89b94-da45-46cb-8348-1487a04d3e38,External Hard Drive,Accessories,1349,aed389f9-f8a5-47a1-b3fa-b91770fda399,2022-05-05 10:23:23,4,5396
9d679a86-b587-4d73-b3bf-61a4550d49d0,Jonathan Smith,evansconnie@example.com,2020-08-25 23:45:40,6b6105f4-88d6-4288-97f4-cc9911ecad75,Fitness Tracker,Accessories,1344,dfdbcdab-a605-435c-9cfc-775aa25f12af,2021-07-01 12:35:00,4,5376
3b881139-0262-4cb8-8083-2cb128733ad0,Anna Flores,elizabethnelson@example.net,2020-04-29 10:30:23,6fd58297-eb77-48fa-a456-f419ab249edd,Smartwatch,Electronics,658,7c5e8577-a18c-4e7d-9a72-a69878780ae0,2024-12-11 00:16:44,4,2632
78f7380e-e9fb-4ab4-b8c8-c6d5c88e0480,Tammy Taylor,nicholas21@example.org,2024-03-14 15:21:10,3bce827e-00d4-4a99-8aaf-87d06f12eeeb,Tablet,Gaming,1390,8650c7b0-c009-4124-adbc-1c4b414b85ee,2024-05-02 19:53:37,4,5560
5f7b162e-67cf-4630-9457-65c11e04ab81,John Turner,aboone@example.org,2022-06-08 06:20:40,48b34980-785d-427b-9476-69054d4eadbe,Drone,Audio,1429,04376128-1dfe-46ad-9f4d-fdcb5099b1d5,2023-09-09 06:27:19,5,7145
d6592f47-fbbd-46ce-9aa9-b7a55b82da7d,Brian Galvan,doconnor@example.net,2022-08-26 07:34:04,60e7b7c9-ab61-44ac-9b74-08343194f15d,Smartwatch,Electronics,377,647e9776-7dcb-49b7-9bf4-ddc7c261259f,2024-04-03 07:07:52,2,754
b19e2545-dfbe-418f-91f7-551d7767a100,Daniel Anderson,jill71@example.org,2025-01-02 22:44:44,aa8d1dff-6c05-4a10-ba86-f1173a622396,External Hard Drive,Computers,1066,13930b60-4fad-4872-a0ee-f9ac7469e51b,2025-02-16 10:51:30,1,1066
02c40930-b04b-4976-9287-1687538d619d,Angela Rodriguez,joshua13@example.net,2022-10-08 03:47:34,5bc3de2f-92b7-4af6-a5e5-27288e18cc56,Motherboard,Networking,613,72a58b2a-225c-423a-a76e-5a655b0d6851,2023-07-09 19:29:48,4,2452
b2352d7e-173b-4ecf-a4d2-10e410759f17,Adam Wilson,boylestephen@example.com,2023-12-09 21:50:28,e6d49b98-c330-4cba-a538-1104a11a0709,Computer Case,Computers,635,46a5fdf3-faa9-4dba-a232-be369531f5d4,2024-08-22 10:01:43,2,1270
1b1957bc-5a6e-4e5f-995c-da2fa1fece65,Shane Walter,brandihayes@example.net,2022-08-28 10:43:47,497dc7f2-832f-454b-86fe-a023cdfc7ae3,Microphone,Gaming,1143,869b5423-d605-41e7-856e-4c42ca4a7429,2025-01-07 09:06:29,4,4572
347d2017-d23f-4a96-a43e-e903e94e13c9,Stephen Orozco,christiewalker@example.com,2025-02-17 21:52:53,3544de0e-c9c2-43e3-b83a-442c39b4cdfc,VR Headset,Gaming,1248,e7a8eb2b-32a5-490c-9919-f78a28ef999a,2025-02-24 03:26:29,3,3744
abc99404-5bb2-4993-a058-b8ce6d5ee68d,Mark Anthony Jr.,cannondakota@example.com,2024-10-15 17:59:59,cd4ab86d-b930-4ddf-9426-1a1cf59d8e8f,Scanner,Accessories,1152,d7c58a71-6d5b-4a0f-975d-d87ddac64c53,2024-10-25 11:16:27,3,3456
c8809d4e-b39c-4c15-bdca-15d44ebd2056,Ricky Pugh,spatterson@example.com,2024-02-25 01:31:26,703331ce-36a8-44b5-bf20-0ae66c3ecea8,Webcam,Peripherals,709,afae14f3-0c39-4c72-ba21-d718e956b387,2024-03-11 18:47:11,2,1418
d607fad6-eed7-4311-b52e-134e344f93ef,Andrew Williams,hkelley@example.com,2024-01-19 16:48:48,e2273300-4b83-4d6f-8303-9bbb14fccdbe,Smartwatch,Photography,1205,9e3bcfe0-eeed-432f-9ea3-7cb622d3e0de,2024-10-16 10:44:11,4,4820
1069c4d5-e59c-4905-8209-5b159ea66fce,Joanne Rocha,fernandezsarah@example.com,2022-01-17 00:38:58,1dd50ec4-c302-4d00-8ce7-a02baeb4f431,RAM,Computers,1686,4b7339a9-81cd-44cc-a7f7-f9e3b97182ec,2022-02-01 12:27:53,3,5058
d595508f-cacb-45e8-9ec3-c1bf9d5a7739,Patricia Norris,jramirez@example.com,2024-01-05 20:55:59,5fd2be92-fef8-49ea-9b8d-fcb424a1ccd0,Smartwatch,Computers,158,4a28193b-8ea1-496d-a39b-251e66ac6523,2025-01-27 00:02:06,1,158
d186223e-bb04-4a9b-8b7f-efebf8de165d,Amy Washington,deanna99@example.net,2020-04-15 09:29:41,505bc752-a677-407e-a1a6-3e481729dc47,Graphics Card,Accessories,230,da65c245-9049-4493-9fde-51d369595cc6,2021-08-31 06:36:04,3,690
0987d9a2-11cc-4365-81c7-a671b2bb82dd,Timothy Jones,michelle04@example.com,2023-03-10 10:29:32,5c102413-5045-4fe3-822c-32d475dec011,Computer Case,Peripherals,439,7e615d08-c25a-4f85-be6b-35baf8e57f84,2024-09-24 22:33:35,1,439
0bbee092-d0c1-41a8-8545-6dd3f2f37fb4,Greg Cordova,jill94@example.org,2023-04-09 11:15:33,39cb8cc9-f04d-403b-98cc-ddb0d2a27179,Headphones,Accessories,568,13c63f95-3897-417e-9e8b-432e8cbb2ebf,2024-08-23 06:20:57,2,1136
e83ff077-a53a-44cc-bd41-face43dcf43b,James Campbell,katherine09@example.net,2020-03-26 16:05:04,5e7bb59c-8d36-43ac-a54b-861e9d6ff821,Smartphone,Gaming,1781,a86fcc35-7fcc-47fa-aa63-4fbca9470632,2024-02-26 00:17:56,1,1781
a974099d-855e-4644-86a7-c0b29bf416a3,Elizabeth Ayala,erika30@example.org,2021-02-05 22:39:47,53cb62bc-5fab-463d-9bf2-b5e054f18355,Bluetooth Speaker,Accessories,1433,b010529b-da1f-43cd-b287-8ce6c6d1d393,2021-03-08 02:09:35,3,4299
3a4f6a05-4cb9-4cfc-9773-582bbfc3edfe,Troy Huang,garciajames@example.net,2023-07-25 06:21:10,2547ec2d-01cf-42c1-9c57-848bd5c2c5ac,Modem,Networking,758,f3257878-3e86-4001-8515-bac8fbd2eec0,2025-02-06 05:05:05,1,758
9f649a85-4d68-4fe0-841f-880d780db63b,Rachel Cochran,guzmanchristina@example.org,2024-05-23 08:21:32,4f01a5b6-fbf9-4f1c-a32e-f038d345cc0c,Webcam,Gaming,559,27679c17-6749-4676-b4ca-23045d7540f4,2025-02-19 10:09:32,4,2236
24e8e4d0-1949-436c-b737-759c3136e33e,Glenn Jackson,oramirez@example.org,2023-07-19 16:55:59,316a039b-387a-4f0c-b043-48eaa1f0ba7e,Camera,Photography,153,42782609-0d95-414e-a9bf-4712a0d35461,2025-02-10 23:41:10,1,153
ee5a67a2-a05b-44db-83b4-8ab880f34b8d,Shannon Watson,christopher96@example.com,2024-08-23 12:33:24,75f74853-75e1-4d74-884f-2b25b5e67369,Graphics Card,Accessories,715,13c48b73-81fe-423d-948f-ff9847cbf9de,2024-12-13 08:13:52,1,715
27dd006a-a459-4aaa-af79-772ac0d819ed,Lori Wagner,morsekatrina@example.com,2022-07-13 19:48:58,94dbe3a5-c944-473c-b305-f350ed66471b,Laptop,Accessories,883,68816199-d16b-4b85-aba6-a53d3460192f,2022-07-20 01:15:12,3,2649
a7e18eec-4122-410b-ab73-5d4bf2649d13,Stephanie Lopez,steventaylor@example.net,2024-08-10 10:34:51,4cc53d6e-670c-4dc1-8c11-c355789452cd,Drone,Wearables,1141,22b650c9-3e04-4c0b-a411-b6889abcfa80,2024-11-12 17:09:17,3,3423
688189c9-fe13-495f-b613-c0e933a652ea,Daniel Sheppard,morgan55@example.com,2023-10-28 06:23:39,2272d3ca-afd1-465b-905a-e0f4098dc78a,Webcam,Electronics,492,59023b7e-c34d-491e-a132-515d15854950,2024-03-27 11:20:31,4,1968
a2cc7022-167b-4e8e-b431-b405ad2b7a6d,Jacqueline Kemp,jessica86@example.org,2022-04-19 20:28:24,f8486400-8f8f-4d52-aaf9-9875076cdf3a,USB Flash Drive,Accessories,899,c7e3de7f-f8fb-49cd-8aea-2568d57e433e,2024-03-24 18:07:56,3,2697
a526fa70-3818-4b1f-abfd-a4dfe2903930,Victoria Johnson,tara16@example.com,2023-08-05 01:43:56,00e383ec-a7fd-4f9a-b904-bd32f20245b5,Smartphone,PC Components,1845,f0b8e7e5-4ea9-4c6e-b24d-8d14dfd79912,2024-07-22 23:05:21,3,5535
78172313-c1ab-4f33-8633-5357b2fad99b,Brenda Rivera,john00@example.org,2021-09-08 21:19:22,80fd7c99-32ab-4056-be32-e5b29dd45d05,Bluetooth Speaker,Gaming,1593,a7217374-a5f8-490e-8f09-bd2310f55d19,2022-11-12 05:30:41,2,3186
96250577-61e2-42aa-8717-8ba04420b380,Joshua Green,heatherweeks@example.org,2021-04-25 09:13:40,b745c857-afef-4f17-be58-b9746c56330a,Tablet,Photography,1120,6d675362-2a01-4df4-8265-276088ec57e8,2022-07-07 08:48:18,5,5600
728d93cc-3888-42d9-9efd-95cdec8afe43,Jessica Robinson,sawyermatthew@example.com,2023-12-05 06:17:40,2645c22c-b1cd-4065-9b49-b5053a0742da,Charger,Audio,993,67477b3c-5f35-4098-8127-84143a280113,2024-01-15 00:59:38,5,4965
c2d5d6b8-05b9-46f0-8324-5e282cc96ec8,Carolyn Marquez,juliastuart@example.net,2021-01-03 13:08:19,f4e0ed89-51a4-4a6e-a68a-a1082eb5f6a5,Tablet,Accessories,324,6fba961a-962a-4ab9-921e-47e03688081a,2024-01-28 00:59:43,4,1296
e0d007f6-140e-47db-9aec-5d0bcaff2b68,Timothy Lewis,owilliams@example.org,2022-10-30 22:05:59,ec1a0b35-be4c-483f-90be-0761af648048,Camera,Audio,1192,04bd9a39-f9c5-4a0a-b620-7d7c980b74ec,2024-02-25 18:50:02,3,3576
332f4648-c4a9-4907-9db1-ee7741d831cf,Elizabeth Kelly,mcfarlandmichele@example.com,2020-10-12 18:25:35,78462d28-4276-4640-800b-2fce0234dcd8,Power Supply,Accessories,630,ea0ecd01-e84e-42be-820f-8519284e4bf5,2023-09-10 14:25:25,2,1260
c8b2969c-37f2-4a0a-85d6-a6ce478bb2fc,Carla Mckinney,lewiscatherine@example.net,2020-12-06 01:58:17,53b8d808-3cff-4c82-974d-f4435a03a7e7,Printer,Electronics,717,03739a5f-6df6-499f-be57-90710d7c8915,2022-12-30 07:47:24,1,717
4c0d6294-ad83-43bf-aaa6-93c31a8a868d,Jeanne Sanford,rjackson@example.org,2024-11-28 06:50:09,b427ef02-c558-48b6-a5cb-df5309d94321,Laptop,Wearables,1170,bac85812-5c89-4892-a53f-8c62f1b423e2,2024-12-03 05:13:54,1,1170
73b151b4-dcbc-4583-8a91-dbdef21e042f,Donna Gutierrez,tammyholland@example.org,2021-05-11 04:54:54,5c5afc84-b147-495d-b348-3f58c1ab89f2,Graphics Card,Peripherals,1124,e500e678-8d18-4551-a21b-df8b3533e1f0,2023-10-15 05:44:42,1,1124
1325de56-5cb8-4905-9a48-523fb05d3523,Carol Ochoa,clayton71@example.org,2023-02-27 18:54:06,61836ab2-3fda-4369-ae0b-ebe70ea966cb,Drone,Peripherals,1470,aa1ab7e5-50af-4477-b16c-1a3979dcefbb,2023-09-30 05:47:24,5,7350
5123ebbc-5668-4772-ae2a-8411b1a8df1a,Anthony Woodward,elizabethkramer@example.com,2021-03-18 07:26:12,01bb985b-2c49-4cf6-b6e2-45279594fbf4,Computer Case,Networking,1152,05115c64-a9e8-4bb2-a850-ba7b7d881309,2022-05-04 02:09:51,4,4608
68253c17-ecb2-4226-a5dd-346eedd1d322,David Rivera,ythomas@example.org,2022-08-16 22:12:53,7e9c013f-524b-4f81-a2c1-4179078aed90,Bluetooth Speaker,Photography,56,8f3eb21d-3f20-40af-848b-1557d4c5acef,2024-09-16 19:25:08,2,112
39789b72-8b7e-4b25-95af-d371d3107dcc,Alison Wood,susan38@example.net,2023-05-11 10:10:54,78714ceb-5018-4e41-9e6a-f59245d034af,Webcam,Audio,1104,3c204a2e-6c4e-4f55-a2b1-ba46d7bca45e,2023-08-23 02:50:32,5,5520
dac81782-2464-4390-bded-f88c6dab023d,Jared Price,carlpennington@example.org,2021-05-29 01:33:48,71245e21-4490-4577-a709-8d80cc5fbe9c,Camera,PC Components,1117,7beba250-c2e3-46a0-9b68-a399821b643f,2023-02-27 04:32:41,2,2234
da34fd43-f29c-4137-bddc-65aafe18a454,Jeffrey Sanchez,allensarah@example.com,2022-09-12 07:37:11,7d2f0cb2-99e4-4411-9824-d770ec1cde36,Gaming Console,Audio,144,6e9158a6-6069-495f-966a-c5c9b598d501,2023-04-19 17:57:57,5,720
9d23be68-2352-4ca3-bafd-fa0c4e4a19c3,Kelsey Werner,kristi63@example.net,2024-03-21 18:00:37,8491f533-d3f1-4469-9c06-85424d8e5315,Graphics Card,Computers,1261,2c7d9444-b797-41aa-9708-fd77d8c4e1b3,2024-06-01 04:04:30,2,2522
259e79e9-7b7e-4e4c-b528-edf5e72246b3,Brian Hill,michael79@example.com,2023-09-03 12:29:02,afefb071-4664-4e70-b52f-c01d63ece370,Tripod,Electronics,861,cdb50754-f4d7-4ec4-aaa0-cbcc849bf274,2024-03-07 17:46:28,2,1722
34d7d638-af32-4639-810d-7253b228569d,Rhonda Larson,tina15@example.net,2022-05-01 01:14:34,e1310328-f7c1-4820-9e83-669008279bc6,Mouse,Gaming,424,0d177766-1374-4c57-b593-83c4cc1ed14f,2022-11-13 00:57:25,3,1272
7e87cfc4-957c-4afa-9cb8-b1e53697dc85,Timothy May,murphylisa@example.net,2022-12-25 19:45:40,c1ff79b0-9f06-4e74-b901-dd4d2631767b,Graphics Card,Electronics,1772,e0bf1435-bda2-484d-be1e-300798d9b335,2023-08-18 10:17:59,3,5316
e1ebf0fc-24e5-4d0c-ac72-83f06c7edecd,Dalton Black,falexander@example.net,2021-02-05 04:27:54,aec58099-89ea-4d85-a324-28d2fd9c0cd7,Drone,Audio,1030,928f8bfb-a1a1-499a-8bdd-2c040e089e69,2021-02-12 13:14:25,3,3090
3d23fe54-82cf-402c-b699-5e4433bd4233,Stanley Spencer,charles99@example.com,2024-01-19 10:32:51,35500b2f-043c-4279-b773-9ce8f10bc19a,Monitor,Wearables,1695,e89bed12-f26b-4ab7-91ad-0fa4e10b90d7,2024-12-04 09:23:56,4,6780
9cab14d7-6b95-45b8-8cc0-eda093994231,Phillip Smith,hgrant@example.com,2024-10-28 03:53:01,0f66b4b9-dbd3-439b-be7a-298bfebcfee8,Headphones,Peripherals,349,c830d3cf-32e2-45d1-abf4-640f735bd5ca,2025-02-22 19:37:23,4,1396
e69c54f9-8d9c-4d90-805f-3307f02f8e87,Kimberly Torres,shannonwilliams@example.net,2022-10-07 17:59:50,1d19e566-6de8-4086-95c1-b63ecb5ee8ae,Laptop,Computers,1823,49a77abb-46e5-458f-b1d7-cafb8b344538,2024-08-17 21:26:21,4,7292
2d296083-6758-4e1f-802e-76a6d1199780,Michael Mcclain,gramirez@example.com,2022-01-05 20:46:26,4155adef-5b5f-4b29-b4fb-fb8a9e4d8079,Network Switch,Networking,1255,60bc3ea3-b9a0-46ef-84fb-979ef994188c,2023-04-10 01:12:18,5,6275
e170092d-ac22-43e8-8f03-ffbc0ec84ae3,Joshua Sloan,james69@example.com,2024-07-19 22:41:25,2888e8b0-c083-491d-9341-cc66f2ecfcdc,Scanner,PC Components,172,eccfc29e-a8ef-4d81-ab63-a128f0a996fe,2024-12-30 09:44:57,3,516
9fc2f8d5-1903-4c77-b9f8-2acef7b18e5b,Zachary May,bryan09@example.org,2022-05-16 14:54:30,6773725e-0a50-4091-a330-098721c7c5d3,Power Supply,Networking,237,d93be7ab-3bba-4df9-9a1b-b6415d3dd27c,2023-07-15 15:16:53,3,711
85c0635e-466d-4c23-928b-9edf3c05e803,Tiffany Marks,drodriguez@example.com,2022-09-19 07:58:21,07dbc048-66f6-4f09-bc64-f0de1cbfd53b,Scanner,PC Components,1268,effb97aa-971b-4991-96d2-c13bdcf67125,2023-01-15 04:00:47,5,6340
768632a6-689e-476f-9124-b8580a7eca7b,Angela Castro,thomaswatson@example.org,2022-04-21 12:29:52,508394ef-c5aa-4391-b638-e8c0b52550b9,Fitness Tracker,PC Components,1571,2dc7860e-e131-437e-90e0-6d97137c14b4,2023-10-07 23:56:32,3,4713
1a674917-4aac-42fc-82d4-3bd438c125e7,Savannah Taylor,teresabailey@example.net,2022-03-28 05:30:35,3c67521f-8ad1-4bcd-b3ef-59948b6aa96b,Webcam,Wearables,1308,07fa9939-7023-41c9-a5a1-17a89d9560a9,2023-11-28 23:59:01,2,2616
1e46df56-251a-427d-9f59-baff012a0a34,Taylor Morris,moorecory@example.net,2024-07-29 08:16:34,3547951b-ede1-494b-acf0-9adeebb328c8,Keyboard,Audio,652,763426eb-006b-46a0-9f27-617a73476070,2024-09-24 05:26:25,1,652
55b8281d-92eb-484d-bf1a-24569dd7806d,Albert Olson,zlyons@example.org,2023-11-19 01:47:32,d45bcdd4-4b41-4a3e-96c0-cad9d638b849,Keyboard,Peripherals,886,ef9d1590-8369-4aa8-8bd1-023e4c66ab33,2024-05-02 13:42:19,5,4430
548610ff-b95c-46e5-ae83-2c6354596e30,Mr. Rick Richardson Jr.,deleonstacy@example.net,2020-07-07 21:28:34,61a083ef-8aac-4934-8f03-ee23aefe030a,Scanner,Peripherals,709,14233bb7-7b43-417e-9e69-dd76e81ec798,2022-06-19 21:34:59,4,2836
3861646b-59e5-4b20-af32-459cbe147eaf,Kristine Costa,nobrien@example.net,2021-09-03 13:08:04,96d8678e-ba2c-40ff-a70d-7de0aab0d1a7,Printer,Audio,570,c3e8e0d5-3cd7-4478-94ee-ead7f8e38708,2023-08-19 14:07:51,5,2850
e3d2c53a-d04c-473e-92e5-eb9f002868d0,Pamela Freeman,wgill@example.org,2021-04-20 09:47:17,deb3a6fa-213a-4728-ab44-74eb106daa8a,Drone,Accessories,1164,e65f98d6-ab33-45e2-b36c-e1000e4bb542,2021-12-24 11:20:26,1,1164
23bb2758-25e7-47e0-8d2d-aa66a52c8631,Christopher Perez,tonyachapman@example.org,2024-02-23 02:54:27,f96ef4f6-29da-45ba-87be-b18980c5d725,Tablet,Accessories,268,99587d29-9a4d-491d-b782-6c697dd7de17,2024-06-18 00:42:13,5,1340
4033e2f9-2e19-4e09-a6d3-b63522357583,William Alexander,rodriguezjoanna@example.com,2020-11-14 14:47:48,9a6d736d-978f-4c1c-9ea8-57cb54b92571,CPU,Audio,1729,793cdb42-7608-4a85-b635-88158517e8b2,2021-05-01 22:05:29,2,3458
8df10ef7-9a89-4b6a-8890-6a4c849046d3,Daniel Cook,carolbrown@example.net,2024-03-23 20:54:58,d5ce55f6-9eac-4721-8035-82a81f8fa3d5,VR Headset,Gaming,1112,7c2f39fb-fe95-4e26-9c34-dc2c703425e0,2024-08-26 23:26:06,1,1112
2db93582-cbca-4953-918b-1df0afcd9c8e,Elizabeth Riddle,claudiawhite@example.org,2021-06-06 21:19:08,24765298-a980-4afa-93b2-374e6e96e8c5,Network Switch,Peripherals,1738,841b8a62-21f2-4452-a93d-4ddd942a190e,2024-08-26 19:54:32,2,3476
e45dde53-6573-465e-9b6b-f4063477d422,Barbara Turner,michael92@example.org,2020-12-08 23:11:56,dce51eba-7934-4d7e-8269-eafefef0e630,Power Supply,Gaming,671,44e45097-6578-43f9-9c65-93da6cadb7a3,2024-11-08 11:37:50,4,2684
95b191d8-707a-4435-806e-4f805327e36d,Sara Lopez,james32@example.net,2023-04-30 15:01:36,6d50d876-a66d-4023-ac83-511f63ef2b21,Bluetooth Speaker,Gaming,330,e9a8ddad-9990-46af-9a5d-cd9fc6424555,2024-09-26 19:37:42,2,660
47df0d5d-c9be-4f58-862d-ba1b6c34ff55,Kathleen Holmes,littlemelissa@example.com,2024-09-20 12:51:31,64ed523f-4ce2-406e-8b1a-1860d3ce0b3c,Motherboard,Computers,1347,e56eef44-1de9-4bf5-9be5-42de6fe8fdf5,2024-12-01 09:52:31,2,2694
922566a5-7afc-488e-ba3c-4ef00fb81abd,Jessica Turner,shelbymiller@example.com,2020-07-26 11:17:39,9f2b8b09-6baf-4c9e-aee0-3c4fd89c46e1,Bluetooth Speaker,PC Components,303,ba06dc83-fcb5-4baa-9eb8-b3e69e4cf171,2021-07-09 11:44:35,2,606
eadc594f-b487-419c-ab84-7a56f256d589,Stephen Powers,bruce47@example.net,2020-03-09 21:07:26,f1f57bbf-98f6-480c-a983-168ee2f60604,Drone,Audio,1860,d28410d1-5bcd-4f70-8006-cd128eb14c62,2025-01-20 09:42:55,5,9300
f3dfcef6-dbf9-4cb9-90ba-bf4cce15300a,Timothy Robertson,tallen@example.com,2024-01-30 13:56:05,6edb1120-c132-476c-b2a1-56b48f1ced22,Gaming Console,Accessories,1967,e8731f08-0774-4959-8b55-2c0f95613e28,2024-06-06 12:18:17,1,1967
88c97b91-a211-44e2-a805-c3f0988f16ef,Jorge Hunter,ochoamary@example.org,2023-07-19 09:21:58,c260ab2a-eee5-413c-a1be-4bf1ab8e4f32,Keyboard,Electronics,1303,9d2e466e-1c3f-4af2-8f5a-a39a9a381d59,2024-08-08 22:08:34,5,6515
0c54ad94-6b0c-49a7-8bb5-a7dc6a619627,Chris Hodges,sandramanning@example.org,2022-12-02 09:35:56,88549d2a-779a-4248-8438-fb9ce90b6d7e,Smartwatch,Peripherals,54,28d89377-d7a6-456a-b0d1-345a0553a418,2025-02-25 18:26:03,1,54
232a336a-24c4-4317-ba1c-f8f9d7f0fe9c,Tony Boyd,arnoldpeter@example.com,2023-06-02 18:51:18,605aa236-129d-45e0-9575-906291133b5e,Fitness Tracker,Peripherals,1163,325b7b90-bbaa-4395-ad2f-ea4a3a34651f,2023-07-26 02:19:57,2,2326
9aca86f3-e499-4484-84df-cdcd1a8a3851,Belinda Shelton,daniel59@example.com,2024-07-07 05:42:09,cc90b17f-0e8f-48a3-b081-9de8f8d77dd5,Graphics Card,Audio,1752,8d2a3f05-f9fa-4e0e-9d0f-0a4fc3f8fa23,2024-09-14 19:17:51,1,1752
34a794c6-490c-42f0-998a-a7028033a5f0,Hector Shields,jacobchapman@example.org,2021-05-30 16:34:36,4e384c6a-087f-4f6d-8229-a0b7dba2a080,Microphone,PC Components,1248,3f9196a7-09e0-4492-bf45-8722752a4331,2022-10-15 07:55:11,4,4992
58eaaac9-f15c-4403-912c-3ae141ee6247,Shelley Snow DDS,fowen@example.net,2020-05-12 05:24:25,21221c66-a5b6-4596-b42a-d30fd9c362a1,Computer Case,Gaming,607,2167ecce-fdbf-4825-99cd-64d6494d5186,2023-03-22 03:37:58,2,1214
badda6f1-5c3a-4d0d-b479-445544c55586,David Harris,michaelthomas@example.net,2024-10-15 03:17:21,4acc4770-4c22-4165-bb81-edafbf1787d8,Network Switch,Accessories,373,3d020868-0ccb-4276-8163-7e42ef683b32,2025-01-26 20:21:18,5,1865
306394a7-ad86-4c5a-a205-391ce409007d,Tammy Hull,tina66@example.com,2021-07-27 17:24:26,f5d0b17c-9699-4fe6-ad50-92c547263231,Keyboard,Networking,1644,4a39b03f-0d99-45b0-8a54-d3a044736471,2023-10-14 00:17:44,3,4932
ced3727d-fb05-40aa-9afd-4490d8a90558,James Hicks,kimberly59@example.net,2022-12-27 09:56:46,0b055471-e0d8-4855-9b5a-ba7d26ed74c6,Gaming Console,PC Components,1952,9696477f-b25d-49bf-b613-b920248c6f8d,2023-04-20 07:52:10,3,5856
9c29a062-ff00-426c-85c9-1cd74340038e,Brittany Robinson,douglas50@example.net,2020-03-23 02:44:51,46a55058-0d21-4dd0-a852-b86685dd3257,Network Switch,Electronics,545,b07c52e7-9b7e-4c43-a6ba-ba80afbf0f2e,2020-08-30 23:25:26,2,1090
5a3354ec-d49a-4974-94b3-1ba6446b6a87,Christina Johnson,campbelltravis@example.com,2024-05-19 23:05:44,860a623e-c907-4722-9e1f-db009e3922cb,Printer,Gaming,853,2b44f264-d631-4a06-a2f2-22bf23d279e7,2025-02-21 22:13:01,2,1706
5799cbf0-60f8-4f29-959e-437e72cb0275,Brandy Barnett,payneerik@example.org,2023-07-29 04:48:53,38f0e8b3-4374-434e-9338-6a2c1cd624c1,Tripod,Accessories,1729,1de232a2-beea-4eed-91f0-4f6a2e1e5d45,2023-12-10 21:44:48,1,1729
9d2d9d37-f61f-4db1-af86-bf2ece0ec552,Christina Oconnor,andrewburgess@example.org,2020-06-18 08:54:08,592bae0a-00d6-4f4e-9b00-5ee87de517d3,Computer Case,Accessories,1259,3be27a9f-ac7b-44aa-96b7-8140d41f354f,2022-12-31 06:22:04,5,6295
e51ff25a-d290-444a-bd09-376c83e4e779,Elizabeth Swanson,janice19@example.com,2024-10-16 08:36:40,32c19707-6713-4bb9-bb06-0a5881e2e084,USB Flash Drive,Wearables,115,a337eec7-e7d3-4e1a-8093-7709ac371ed5,2024-10-25 22:55:00,4,460
a610a025-6ff4-4e27-99c3-08e94cc4d2a6,Melissa Hanna,danielstacie@example.com,2022-04-02 11:05:36,453bd959-cc35-481b-a394-1da33256f79e,Motherboard,Peripherals,1852,3c103260-b0a3-4773-abda-b7f9df62220e,2024-04-06 20:46:28,5,9260
9306ed43-a824-44a0-9391-622411a48bb6,Terri Lamb,valeriejones@example.com,2023-02-22 23:04:58,f9fb6a5e-0b2e-4a0e-ab7e-6c41d737cf67,Graphics Card,Computers,1224,00d93885-3a6e-42c4-b878-bab873a0a9d6,2023-05-12 15:23:26,2,2448
85a7e73e-881e-447d-aa77-08e443405732,Scott Patterson,davidwilson@example.net,2024-12-23 14:25:12,2d79ceda-3b46-4c8e-acfb-4921f32deffa,RAM,Accessories,88,59e83397-1016-4c5f-ac7d-530a9c3410c1,2025-01-28 07:13:20,4,352
7a909c0d-7d67-41b9-8d77-1dd8d3e36c99,Kent Matthews,johnsonmichael@example.net,2023-05-19 14:41:26,04180c33-c416-466b-ba2b-7f188890ed28,Monitor,Photography,78,56cf7ecd-f49d-4a0f-94df-39ea9e915478,2023-10-16 06:50:11,5,390
2e478b84-52c6-4d89-8b93-023069be3fe8,Jeffrey Castillo,farleyjoseph@example.org,2021-06-13 13:49:50,1a95f526-9029-4f70-8810-d9813cca242f,Keyboard,Peripherals,484,c7a963b7-3809-4336-80e3-df627ca29eab,2022-04-05 22:02:17,3,1452
f7861737-8974-4870-a17b-d259921481d2,Nicole Edwards,lori19@example.org,2022-09-17 02:28:13,d76b964a-e9fd-4b14-96be-0d3665acb410,Modem,Photography,570,d2f9eece-805c-42d8-9804-b878d23a3914,2023-11-03 16:40:10,5,2850
8e4b3584-24de-4e41-a108-96b7c9aaa9fc,Debra Cooper,fowlerveronica@example.org,2025-01-14 00:07:33,f6c45921-53af-4469-b19c-26c90cc8e23e,Network Switch,Gaming,1986,58d70029-2265-4ec6-a93e-58466148c6ed,2025-01-30 12:50:00,5,9930
81e94fad-e042-4142-8c0e-d6eabd943c47,Courtney Martin,gabrielawilliamson@example.org,2021-10-31 00:49:23,65eacc26-7c22-41d2-ab20-53c28c7932fb,Tablet,Electronics,1734,0f3aa6c0-09c7-48bb-93f2-9d826ce3aaad,2022-08-16 07:10:10,3,5202
8b2920a2-b1e3-47da-94ee-38c75ef0736c,Sarah Roberts,howardmartin@example.net,2021-01-31 22:52:10,dab4d3e4-1b44-47ee-9759-9f2226e922d4,Laptop,Networking,476,c56a78a0-e91c-4a47-b275-80dcc214744b,2022-06-18 12:27:45,5,2380
2983fa8a-d859-46c2-a419-eebb12e6094c,Nathaniel Roberts Jr.,tonihall@example.org,2023-12-29 12:28:09,5ff7fc93-d704-4bba-81a6-46e04f4e0025,Webcam,Audio,546,c3086c76-7145-4d16-a14e-e89faeb72760,2025-02-20 17:34:41,2,1092
f076063a-74c2-44a8-beb8-1c27687ba624,David Kent,jeffreythomas@example.com,2023-04-27 10:06:22,563fa7e4-225e-4e7e-a0da-cef9604b9a1a,RAM,Gaming,168,5623ba6b-5e4a-40fd-be94-e629aa45b96b,2024-10-05 17:49:12,3,504
247cc67d-1e78-4e31-855c-582c96b600c4,David Lawrence,ehernandez@example.com,2023-06-26 09:38:34,d36b6a47-36ca-442b-8c62-e79b8533c16c,USB Flash Drive,Accessories,1395,1d62bc41-f0ff-4f89-818f-2840307426b4,2023-10-05 07:17:54,2,2790
4311dca4-ad68-4581-be87-925dd294e7ab,Michael Harris,larry94@example.org,2023-05-20 17:47:23,5a6373c1-6564-4749-b9a6-7244828d1747,Charger,PC Components,794,7728cc1d-12f4-4bb7-8979-7365e17f9d91,2024-08-04 14:52:50,5,3970
e9efb89a-1163-4151-bc3e-2cf0ebff5ccc,Amy Ellis,hughesstephanie@example.com,2023-12-22 07:49:56,384a3ff6-5558-4b1e-b3c8-a21a4ae12dbd,Router,Photography,905,ff2c06ed-f257-45d7-816e-2e2f5d16ddcb,2024-09-30 08:44:31,3,2715
14a4b719-46b8-4ebd-bc74-1bcd684fe4ee,Tara Thomas,kevinarias@example.org,2021-12-13 06:24:23,98dae5a8-7dcd-4e19-b2fb-b6ce08b94372,Router,Audio,642,d2fad555-cffb-4f30-8733-0c635054a3ec,2024-04-22 02:44:43,4,2568
7f2e4371-dd3d-4319-96af-0c779f46bf6b,Mark Curtis,browneddie@example.net,2023-06-16 00:07:37,f5eaf000-c3ac-4a11-81b7-f18ab183ec96,Monitor,Audio,1925,007cb3cf-ebe7-41c3-a7db-c9b6f9646902,2024-04-01 00:03:50,2,3850
cf7f3d5c-00a7-49b9-bf42-6d28f3496ce2,Linda Russell,michaeljohnson@example.org,2022-08-17 14:53:58,519430bc-016c-424b-8032-5d0e0efdcec7,Power Supply,Computers,1009,213ca03c-51cf-4cf7-bc1b-f8911406225d,2024-01-19 07:39:30,2,2018
a5d831c9-e5ce-4c95-95b6-9474c0101d21,Michael Cantu,hparks@example.net,2021-03-30 00:44:39,ed31ab91-a363-4bc5-ae35-3b1ac61c1d7a,Tripod,Accessories,1918,e240c8b1-3d06-44e8-a157-e0c53709b12e,2021-12-05 23:06:04,1,1918
f7272e40-e7ae-4b5d-9a32-583c7cafcf34,Scott Russell,akaufman@example.com,2021-04-22 23:15:50,c6cd6b01-786a-45b8-9961-ea0470337c3a,Bluetooth Speaker,PC Components,1936,f8002c00-9cfc-464e-88f3-e7bfc71ab472,2021-12-20 13:03:08,2,3872
8be888a7-a540-45c0-b1ce-571ac80e49e4,Chloe Smith,jeffreyrogers@example.org,2024-12-12 15:33:49,7b7da492-f5c5-46af-9f30-125208d79fcf,External Hard Drive,PC Components,425,dbd367f5-a59c-4a94-9d6e-039a5362fa70,2025-02-02 12:55:19,4,1700
d7d6fd8b-e33f-46c7-b517-f6a5c3ef4f6a,Katherine Cox,vanessa88@example.com,2021-11-03 06:00:04,039fde8a-3606-4171-82fa-ac4981ec9ea4,Network Switch,Electronics,1987,650468dc-891e-4e8e-918e-35fe750dea27,2024-08-23 06:56:22,1,1987
629cef7f-4d5a-4400-bcff-b775f625d150,Robert Stafford,brianneal@example.net,2025-01-12 11:48:12,79ad67b0-29f2-4f64-82f2-b7c9629ce4ec,Modem,Electronics,1673,bf2187c2-9ed0-40df-b94e-ff892f299fac,2025-01-19 03:45:32,3,5019
83007ae0-38df-463d-a70a-69ab1b2e1e5a,Michael Sparks,katrinarobinson@example.net,2024-05-16 02:39:59,1afb70aa-dadf-46c6-be8d-50705404f343,Smartphone,Networking,694,0010a9a0-6272-4b2f-b127-d2063d493d2f,2024-12-20 23:01:02,3,2082
2424cdef-0c26-4fa6-a94a-209b17c25b3f,Melissa Guzman,juliamclaughlin@example.net,2021-05-02 01:08:51,147355ee-0ad7-41c2-aa52-25cdeecf8eb9,RAM,Accessories,1843,f13da45d-dfde-4c2b-9f65-ff7b146b5c9e,2023-06-11 16:38:42,5,9215
2924bf44-8647-4767-8212-f036e9664939,Matthew Ashley,charlesschneider@example.com,2024-10-19 11:56:19,e61d6274-9b23-4fda-93c1-b263ece4842e,Gaming Console,PC Components,1270,904b1f72-e345-4ba7-b1b4-de7fb1086ecb,2024-11-04 19:01:03,2,2540
69761083-7c78-46e5-8e68-50cc00e85f48,Michael Mahoney,laura91@example.com,2024-01-13 13:04:07,b016b50e-87d5-4ad6-b34a-a2bb7ca2ad62,Gaming Console,Networking,1154,7db46b9b-4529-4206-97eb-a04233808bc1,2024-07-18 20:01:16,2,2308
8496c6e2-6929-4638-8b5d-830f860d35be,James Wells,johnny84@example.com,2023-04-06 01:47:13,e3eebe49-e633-4833-8015-d7ba7f617b9d,Drone,Wearables,1131,c1a7b62b-8323-4d69-95db-4a1db526870c,2024-08-12 04:15:31,3,3393
cd2f2156-f293-467b-ab1d-d30b15f676bf,Eric Austin,tamara18@example.com,2020-11-09 23:32:38,b5b18356-9890-4a01-b743-183b85f939d3,Router,Peripherals,830,734f747a-6f55-458c-aee4-be4fe63e7e4f,2020-12-31 07:31:52,1,830
63abe104-b4c0-46a6-95b6-f5b2da228f63,Jacqueline Allen,qhall@example.org,2023-03-06 20:53:00,c5f06823-aad9-47fa-8a89-1a539f3b8ede,Scanner,Audio,1558,be6b7953-1c84-4902-9933-e564d9042a19,2024-09-26 16:58:24,2,3116
2dfb2ac5-db54-49b3-a5c7-7cbed01d7ca5,Christopher Hart,jacobstara@example.net,2022-12-18 09:54:17,6f8d95f7-0e5b-41e2-aab9-d5ee5df96f6c,CPU,Wearables,818,fb8b8709-7fbc-4255-ac17-919c02303efa,2023-04-22 14:44:08,3,2454
5d04c538-f141-43c0-900e-1c1b1432f69c,Ann Morgan,russelltimothy@example.com,2024-04-03 22:21:05,cfbadf2a-26ac-4834-8894-4794fab6f4cd,USB Flash Drive,Photography,779,ad2ab4cc-6f94-4f84-98d5-654aedd6aa10,2024-04-23 07:55:41,3,2337
59146e4f-8e65-4e0d-960e-ac075f45f418,Denise Lopez,jerry38@example.com,2024-04-22 01:41:26,8d104649-11ac-46c0-aaea-a8b12e97b593,VR Headset,Computers,205,277900df-fbab-4e1a-93e7-4914ac7aa864,2024-09-21 18:42:30,5,1025
f96a6b1b-6ad8-4b96-ad9a-2d288b1a4bed,Jennifer Johnson,colin83@example.org,2021-12-07 10:48:37,1fbcb496-50f5-45e7-92be-9defa2303940,VR Headset,Networking,1009,7811d781-b130-41cc-93ef-4088741fbb36,2024-11-16 02:13:14,3,3027
340e1aed-4100-4561-8bdc-fa0be0cc8010,Tina Clay,virginia41@example.com,2020-07-28 03:53:59,b2f1c60f-d95d-4b9b-b480-de21a09a4955,Printer,Networking,489,a88bead1-a87d-47ba-b6df-6079cc23ecb7,2023-01-31 23:26:20,5,2445
d4895b48-c8e3-4d63-9070-b83fa78fa23c,Dorothy Dawson,danieljohnson@example.com,2023-11-18 15:42:25,bb74da99-252a-4d14-af0d-4a0d517411e3,Headphones,Gaming,971,bbf53081-6cbc-4b0a-8a69-0df99a97cdf6,2024-07-01 20:39:31,1,971
6c0bf424-9552-431c-b462-f77d528dfedb,Elizabeth Campos,cperez@example.org,2023-09-30 14:25:59,6979b003-3842-4408-a564-070388d3454e,Motherboard,Computers,490,ca23e761-b125-49ba-a5ca-5c768ddca0e5,2024-08-16 14:30:13,1,490
67b584fc-e712-4f9e-b92a-7dc53496b2e1,Troy West,kevinwong@example.org,2020-11-16 05:07:40,2ee93e02-b510-4cba-830d-65805c073697,Smartwatch,PC Components,877,80a82f7e-2217-4460-b8ca-1a3fb653fa6c,2023-04-27 22:14:33,4,3508
820a00be-379f-49d2-b9b7-0d60ee076afd,Christopher Smith,ashleycarey@example.net,2022-12-04 06:13:05,1d0815b1-8147-4d0a-8b1a-8ecff861e66d,Printer,Electronics,1149,8c5147b9-debc-4c40-9899-41da7c099f09,2023-02-08 13:24:42,1,1149
a5282025-8009-47dd-8656-0263392d0a02,Joyce Walker,melvinpittman@example.net,2021-11-18 05:00:26,c12d640b-2d14-400a-9820-46e06cb43dc8,USB Flash Drive,Wearables,1060,75815a81-176c-4a1e-94ff-8a76f186d75f,2023-09-03 06:26:36,1,1060
a6b3d2b2-35c6-4e10-9f5a-c0809adbbfc6,Debra Sheppard,cjohnson@example.com,2021-08-30 00:52:53,2977db05-554f-4ef3-b594-cf4bc661d746,Motherboard,Gaming,596,190e4293-0582-4ddc-8b42-497de3b87af7,2023-09-04 02:23:33,5,2980
165b1eb6-71a5-4963-b25e-04edaa31c8d5,Shawn Harris,melissa03@example.net,2023-08-08 04:48:12,3fb8aab1-10a2-43d0-9dd1-129f22b47628,Smartphone,Accessories,289,2f7c6ad5-56ea-43e6-955e-a1e10f7c5ad4,2024-03-11 21:13:50,2,578
012eda49-6765-4e7c-b684-08c2b3a8d53a,Nicholas Little,gregorygrant@example.com,2020-07-31 03:35:14,d092bf92-5d96-4ffc-bd78-37113236702d,Smartwatch,Wearables,1033,0d2bfc60-f7e8-4ecc-9fa6-c94be39ac3fb,2021-12-01 23:20:42,3,3099
4a547b68-9e05-47a2-9afc-cd405764e778,Katherine Lloyd,mfleming@example.org,2021-06-10 16:57:16,7765b691-daad-44d9-b107-8bf2197efa30,Smartphone,Photography,206,60f19de1-5c02-4b0f-98e8-28238926b562,2022-09-13 01:44:02,2,412
5b33d3f4-1398-4869-876e-2a0ecb542c0f,Tony Terry,mgomez@example.net,2020-12-11 19:08:45,3edfa172-2422-4af5-894e-0bdf8ae5d69c,Laptop,Accessories,1704,e4e594fd-cd7a-41cf-9d1a-9a38d8fb35dd,2023-02-28 09:59:22,1,1704
23611947-6bd3-4ede-98ab-aeb2e71209c7,John Johnson,rodriguezjared@example.org,2022-08-31 04:54:31,721515fd-8d20-4554-85ee-44b838eaf560,Mouse,Photography,1165,5073a9a1-be32-4498-a110-dcb2ab49b45e,2025-01-14 05:00:51,5,5825
17ad013d-204b-47c3-8ecb-e97845017668,Brian Clark,julia48@example.org,2021-03-18 20:06:24,e8334153-2b00-4e02-b34b-7c76b6eaca50,Graphics Card,Accessories,915,56b244cb-0884-4051-baa8-f14b6de574e3,2022-01-03 14:45:24,2,1830
56731892-f5ec-4888-8a00-0b20e8b2e807,Joshua Griffin,yfoster@example.org,2023-03-27 01:33:00,1de61ebb-840e-4615-994c-6e386037f9fb,Smartphone,Electronics,20,ef9d669d-0e4c-42a0-af9e-3da5952e5df1,2024-12-02 05:25:51,1,20
d0b4db1c-b0a4-4afb-af99-2c5d0d0b6fbd,Raymond Huerta,phillipvazquez@example.net,2021-07-17 02:53:42,c0be9664-94ac-4ffc-9abb-c2df653a6862,Router,Accessories,760,2826feb3-4149-4afa-8d2c-26d608d48dd8,2024-03-10 19:28:01,1,760
447e9f77-82ae-45be-a5f2-efa6d95a3ee1,Karen Chan,fwood@example.net,2020-07-02 17:50:12,c528fca2-61f3-4afe-a9b9-760fffb1a860,Monitor,Accessories,197,62bb3455-4fdd-4e5e-8184-9b634d1cfe11,2021-10-23 08:15:02,2,394
22c44b67-d371-439f-9281-00cf52282f4b,Michelle Miller,hallchristopher@example.org,2023-01-26 22:27:44,a158b185-2df0-4eb9-9274-2a7629ee8106,Laptop,Accessories,252,71b44102-9b55-48d1-8f2f-4a4178d2157f,2023-09-18 02:40:23,5,1260
8ac31642-d375-47d1-8bec-f8e8336f9a9d,Tamara Byrd DDS,michelle27@example.org,2023-12-29 07:05:57,41427923-b72b-47bf-9933-ba52cc4cd82b,Microphone,Computers,1567,1d514f17-4026-4ac9-912d-25298d786542,2025-01-18 13:52:09,2,3134
68dc5550-f251-4684-bf34-b7aef5a0d798,Allen Cortez,kristin17@example.com,2020-03-07 10:47:35,e0734d9a-ec7f-4d8d-ad31-6fbc38742d85,Smartwatch,Wearables,1549,8d7370f5-f553-4eb1-b9a8-64820e821848,2020-09-29 04:22:33,2,3098
71ea8a40-4b3d-4816-8b50-3de148606320,Diana Peck,jeffrey38@example.org,2023-04-04 08:43:52,89423e1f-fd79-4b96-bb25-58ac557be2c7,External Hard Drive,Computers,751,0231296d-9d9d-4e92-a92e-e2fb87e50912,2023-05-16 04:48:29,3,2253
80ffb4c7-a6c2-48d6-bd9b-8de06ae09b28,Albert Johnson,rebeccaatkinson@example.com,2022-01-06 16:08:35,1b63426e-d838-40be-bc7a-cd7eee92afec,Computer Case,Electronics,1230,08ad5ab8-fdff-46d5-808e-d3ab758d14c4,2022-12-12 20:36:06,5,6150
c3dacd78-f60c-449d-bcd2-4e861e013bd7,Mia Acosta,melanie23@example.com,2024-11-11 02:55:08,cc49a078-369b-46e3-a8ff-bf4347cbd7c1,Fitness Tracker,PC Components,1723,fe6c6cc1-bad5-450d-b04b-3a0de926d299,2024-12-21 09:21:30,3,5169
9434e365-0cc8-4315-b697-ecb8b1faa940,Beverly White,julie08@example.net,2024-03-20 12:19:08,72cb4105-70b7-4975-8b57-313f3093b0a6,Network Switch,Wearables,541,cde6b013-ce6b-499f-9542-63a2c7a8d6d4,2024-11-23 21:32:46,3,1623
57eb60c3-e3dd-4585-adc2-577e4e761681,Gina Torres,pmccarthy@example.com,2023-05-29 09:10:48,cc2e410c-5919-456d-929e-acfdc3575b14,Router,PC Components,1409,5d5c6f35-8bb0-45ae-9ec0-b80940343774,2024-07-31 06:46:18,3,4227
71f237eb-b9fe-4985-a094-21dbfce7d549,Adam Miller,scotttaylor@example.net,2022-12-06 15:46:38,af0015c9-3e08-4a85-961b-fb0265c90752,Microphone,Audio,251,cf1790a3-dbdb-46e8-bcde-ba7bca5b8a8b,2024-11-08 18:13:16,5,1255
c576f3cd-ad79-473b-9374-a1f11b45c2b5,Victor Spence,matthewwebb@example.com,2022-01-11 22:56:37,77d4cdf9-bf09-432b-8afd-6724ac8db3a3,Headphones,Wearables,1300,91f3bbe6-12bd-4f6f-9722-36c2c58bd1d3,2024-05-07 05:54:08,4,5200
464ab333-13d3-415f-9732-65e1930554cf,Mary Waters,phansen@example.net,2023-11-17 19:45:04,174a59b2-9a3e-4bef-a0b8-65f56556cb6e,Modem,PC Components,420,5bbdfeba-c9fd-487e-9d29-c0cfcde7386e,2024-02-04 13:57:27,2,840
2d424c6a-d6ff-446a-8032-2f4a74705618,Andrew Johnson,breanna76@example.com,2025-01-11 03:28:00,d08dfd1a-876b-4638-9e79-9840fe806e23,External Hard Drive,Electronics,493,f8b55053-bc54-4ff4-9515-be98c3a0e40d,2025-02-10 00:50:38,5,2465
477184b4-fa46-48b2-8528-b3ded8b93fe7,Peter Lee,lnguyen@example.net,2023-02-19 13:36:02,5eb67de0-9db3-4a1f-9cca-fff3e187994c,Camera,Wearables,1771,d4ab9503-0f76-4422-8358-c2ffbbdcc2ae,2024-10-11 23:25:10,3,5313
7bd90223-1fa5-4fbd-8f4c-4b6b5a022dea,Beth Jones,davisantonio@example.net,2021-09-22 18:33:34,3098cdc0-a1c0-41e7-a657-9de2c0f6187a,Tripod,Peripherals,1714,4c574456-325b-428e-bd9d-f38be1476d62,2023-10-23 03:28:34,3,5142
18b4c626-e28f-4ddd-9c64-9cd755ee0ba1,Brian Williamson,fcook@example.org,2023-05-07 16:05:14,55bba5ba-2cf7-4311-8721-d712aef2db89,Monitor,Accessories,656,1b47dffe-6a10-4cb6-a40e-285bb2bf17e8,2024-09-29 21:01:32,5,3280
9f3422ea-15be-4da0-afcc-7c7449bf899c,Jonathan Wade,daledorsey@example.com,2023-11-11 19:04:15,2934b26e-dbc1-4474-966e-86ca66a832b9,Tablet,Photography,476,625851fc-bb91-4b2d-b98e-4ac6cac078c5,2024-04-27 02:45:56,2,952
346b0ace-1c48-4b67-b9f4-3152870d9795,Dana Macias,keith77@example.org,2025-02-02 11:49:06,6dc51a34-b59f-424e-bcc6-52a92276737d,Computer Case,Accessories,677,9b934625-407c-4ea8-ab98-5900b5343059,2025-02-14 16:45:12,1,677
48b809f6-c2d6-4971-abf6-cf0c86a16653,Michael Soto,ianderson@example.com,2020-06-19 00:34:47,64df323d-18ea-42b4-b20b-04025404c1f4,Fitness Tracker,Accessories,1832,c74c7dc1-6ba3-436a-9ace-4fd57dc5ed78,2023-05-22 15:25:49,2,3664
79b221f1-45e8-483d-9594-dd5191f3bc2b,Pamela Allen,jessica76@example.com,2023-01-30 23:00:59,d35ad70d-9879-432d-8c11-72aacb883241,Computer Case,Photography,581,83691816-57d6-4f12-b864-a3b06ce58617,2024-04-26 07:37:33,5,2905
66386615-d8fe-4caa-aec1-6ac88fe782cb,Melanie Gibson,ericballard@example.com,2024-09-01 00:58:26,d1035466-3d0f-4715-a74d-3cc474c4e977,Headphones,PC Components,1879,0a681196-61e6-460e-bd0b-e21393ffc925,2024-12-31 19:36:10,3,5637
990e3a05-a15f-40ad-b0f9-af00cc34f4ff,Edward Chavez,noblekevin@example.net,2023-05-30 15:11:58,e3e18eb3-465b-4170-9e08-8fbc404f185e,Tablet,Computers,476,414a7fb9-d78d-4d26-a79d-09e01dac98c3,2024-09-07 06:24:13,1,476
30fea8f9-aa1a-431e-a768-1e8cc6c4a6d5,Andrew Wolfe,ricejohn@example.org,2020-09-14 11:38:18,113406c4-c589-4f32-9119-d9ba34baf9da,Bluetooth Speaker,Electronics,1645,5b8ee5e7-b09b-402b-8dcd-0d41e3794d92,2022-07-20 00:27:29,4,6580
3d078b15-2ab6-493c-929c-8502b1df7564,Timothy Stephenson,diazlisa@example.org,2021-10-23 16:44:14,20b98e41-1489-415d-99e0-032ac734d719,Mouse,Wearables,1073,105a2fc2-8d82-4c3e-9820-d7a41205891d,2022-11-06 08:52:59,5,5365
564f0fd2-5af3-491d-b0ec-b7ce8f7031ca,Dr. Joseph Montoya,williamswilliam@example.org,2020-09-21 09:28:50,ffe8c309-f19c-4fbd-949c-2da6a1f4df44,Keyboard,Computers,160,2f6c50b7-e49a-41eb-b450-876bf976870b,2021-07-03 06:24:01,4,640
cb240754-18d6-4021-a950-f9e5bef3723b,Brandon Lewis,marcus09@example.com,2023-12-04 07:23:04,83fdb933-6f9a-4c48-ad60-d377cdbf71fa,Charger,Photography,344,49e6b3d4-a7a0-49ec-87e3-86aba1c8950a,2024-06-06 13:18:46,3,1032
8b9f8013-061c-413f-9549-63e51a14fc83,Jade Thompson,mavila@example.org,2021-09-26 20:26:17,7185bbf0-3693-42f8-92fa-cdd4ca8fe4e9,Camera,Peripherals,1651,e2b21ea0-fd59-4ec4-9b53-7686b88ff58a,2022-10-22 14:17:19,1,1651
e334b297-f26d-4653-b619-d05b0a54e28e,Juan Garcia,nmorales@example.com,2024-08-10 03:30:44,6a278031-8f34-4297-964a-d32caca7bff4,Computer Case,Gaming,891,f5db2188-6aa7-465d-9ee5-7a049cde6f30,2024-11-02 01:27:26,2,1782
dabcf33c-b26b-4efa-8635-864a54779bc9,Douglas King,ryan26@example.com,2021-09-09 19:08:59,34fbe457-49bb-4eba-88d7-71cf845eeb05,Tripod,Computers,1884,bc4dbabc-a80d-4fb0-8a3a-13f5e823924c,2023-10-25 04:10:46,5,9420
de56934f-c0fd-47f0-99c1-9d1011188eff,Joshua Ball,maloneheather@example.net,2022-04-09 12:27:30,c91665ec-8a12-4dbc-a17e-3db49c06a6b0,Camera,Audio,1901,ee9a5101-c1a6-43b3-96e9-00a962a82df6,2023-03-24 19:33:37,1,1901
913772f0-1e7c-4618-b1d7-021398978900,Kim Ortiz,nicholsonkathryn@example.org,2022-12-19 16:27:29,318c6d82-96c7-4292-b4b8-a41015b39bbd,Bluetooth Speaker,Wearables,1277,e406244f-d0b9-4514-bfb0-d8eb52085dcb,2023-05-27 12:45:21,1,1277
f5db7b9d-d23f-4978-b1ae-0354f0c3dbde,Sara Ramos,jimmy25@example.org,2024-01-20 15:56:56,79ed4082-650f-46dc-a538-dbde89641959,Computer Case,Computers,1107,d023b0e9-1c92-4968-a852-9ef484609bdc,2024-02-06 13:02:21,5,5535
3185aab4-0925-4002-9985-b473432dcb6a,Michele Clark PhD,nlewis@example.org,2023-12-20 02:56:30,1c8e9187-3a64-4de0-a15b-3d6c74ac6e05,Printer,Photography,1938,155e4ebd-1843-4cf4-851c-1daf0791e040,2024-03-12 17:35:43,1,1938
decb5d11-039c-4aec-be12-6d1e7a496a70,Elizabeth Yates,stephanie18@example.net,2022-02-09 10:20:49,550d3f84-6e04-4edf-aad2-1472d7bd2bd0,Graphics Card,Networking,1937,cc89646d-0a22-4ad6-bb83-42f30c408a9b,2022-07-17 10:44:49,1,1937
c798a6ea-d014-47fa-9354-12604a934f71,Nancy Hudson DDS,uwaters@example.com,2022-02-13 00:03:57,61e74d7d-86cc-4c00-ba28-3c1f0ed5c8ce,Keyboard,Wearables,1069,389cc05d-d6bd-4511-8b4c-f44de476c727,2025-01-31 13:18:02,1,1069
e8efe856-f200-4631-8454-f5dbbc06d702,Dustin Cooley,david83@example.com,2023-11-04 18:54:36,d08bedc6-1de3-49fa-a665-fa50d5ebbc0b,Fitness Tracker,Wearables,1281,18fad9e7-125f-476b-89cb-de0760ae8172,2024-08-16 10:01:45,5,6405
8a80aa42-bb5f-44f1-8ed4-969033bff436,Christopher Johnson,wgilbert@example.net,2020-05-12 21:05:50,f5ee3089-8669-4dc8-8e0b-a42c82d572c9,Smartwatch,Electronics,1435,abdba328-80d5-4fc1-9d01-d1e89c7f5981,2021-01-18 00:01:36,5,7175
a51cbf11-0def-4366-bd71-44b3a3c026c9,James Flores,williamramirez@example.net,2023-09-16 14:12:43,654e1550-8fb6-4ecb-a50c-54f79728bb14,Router,Accessories,596,93af24cb-d207-48fe-babd-5444d7f5f994,2025-01-17 05:29:04,1,596
907ed665-ee79-405c-8cde-e8e5e152e849,Amy Hunter,sarah28@example.org,2020-08-13 06:29:36,44778702-4042-462b-b376-0e728f071d6e,Smartwatch,Networking,969,aba28f3a-c69b-410a-87b5-7b61e11bb647,2022-01-28 13:51:43,3,2907
a1b7b4d9-9bda-4f16-8381-9b086c220848,Kevin Anderson,simpsontaylor@example.net,2023-06-12 19:02:49,7a2eee34-1c17-44c9-8789-06406d01eaf1,Graphics Card,PC Components,589,8e6f794a-9930-48c7-903e-041e655bbf1a,2024-04-16 14:37:10,3,1767
4d0393a2-b71f-4056-8fe7-f47bbeb9478c,Garrett Gilmore,jessicaleon@example.org,2023-08-15 11:27:32,3835c1f2-891c-4f96-8789-768a63b5d4b4,Motherboard,Photography,1045,822d83b1-5f58-4395-b813-9adf55eb8a20,2023-11-25 18:24:11,5,5225
8f8fd1a9-2ba3-4d2e-8d3c-0e535fd0717e,Amy Brown,haydentim@example.org,2024-06-21 22:43:46,85328366-0bc8-497e-9254-af0979be38b6,Smartwatch,Audio,1136,5afca074-ba3a-4a5e-9175-55b3ccc6a17c,2025-01-16 16:58:43,2,2272
536f9cd3-18f9-4266-8e0d-e54049bdb9b6,Patrick Thompson,padams@example.org,2022-01-25 01:54:51,d3f8829a-faad-4f91-afc3-eb6bbc3ef8ba,Charger,Accessories,1589,6688f467-2c19-4236-98af-e466e6114299,2023-09-11 14:17:22,2,3178
f97b24a0-c33f-4d50-987b-b05b1017d0a8,Tami Jenkins,dhowell@example.org,2021-12-06 15:15:11,6c83b91c-3d25-4c7a-82a8-985e2fdad3f6,Fitness Tracker,Audio,1292,b05b417c-e2e7-42eb-a1fc-c74debc70bdc,2023-11-09 23:21:02,4,5168
4d398a1e-e4f7-412e-a830-ee3e5e8caef5,Stephanie Reese,billy98@example.com,2023-12-26 03:28:34,23a7ac4d-e2fa-47d5-987f-0677238fc3c7,CPU,Peripherals,878,e3c126aa-f64c-403c-8642-9ba76a7ea944,2025-02-20 20:33:50,3,2634
602ca7b6-2721-4c66-aa91-5b8fb2b1c1f9,Angela Crane,gallegosrebecca@example.org,2021-10-17 22:57:06,26f50004-2c86-4d6c-a699-f30469dea738,Router,PC Components,768,3bd3e9d1-fc8a-4eaa-9626-2260726b7d0e,2022-07-23 00:33:35,2,1536
4bc67c99-9b41-4acf-99c6-c7fa7fecd67b,Mary Mcneil,pallen@example.org,2023-03-30 11:00:15,f5c3dbec-691c-4ba0-a52b-322c1c7e463b,Monitor,Photography,1808,6707a976-506e-47c3-9334-a509ae99973e,2023-11-18 03:07:54,1,1808
8a1e30c6-639b-4a97-afcb-552e06b53bff,Spencer Smith,peterthompson@example.net,2024-09-29 00:04:42,fa02d8cd-79c5-4db5-8fdb-4ff639821750,Drone,Networking,1985,c12c2b95-cccb-4df0-8337-66cc14adcc1c,2024-12-29 22:58:37,2,3970
74d75be3-ea9a-4ea6-82c8-78e1e574de90,Katie Hammond DDS,jmills@example.net,2021-10-23 12:07:34,cbfda448-585a-4a1e-9196-46defb94aba6,VR Headset,Photography,1860,eaeaf5cd-632f-4407-baa8-fef5d5a7941e,2022-10-29 11:50:51,2,3720
639979f2-22d4-48e0-97dc-78cbd72856dc,Michelle Burke,danielcooper@example.org,2022-07-19 09:28:53,fc504662-242f-407f-b8f7-8d779fd653aa,Microphone,Gaming,1795,05b85be0-4a07-43b1-8c7a-c67a2e1c69ae,2022-09-03 23:48:12,5,8975
4e378638-5237-480f-913a-01b257e0e1b2,Vanessa Harrington,wanderson@example.com,2022-05-03 04:36:58,87a8e377-ebff-4eba-9400-fff316632a8e,Smartphone,Accessories,1131,165338f1-56d0-476a-826f-0c0845ea839a,2024-08-25 14:00:07,1,1131
9d196c97-516e-48d5-bc06-d2fe0b172e21,Amy Friedman,jonathan16@example.com,2023-06-01 10:13:30,5833755d-55ff-4031-ad88-eba5f2d7ded4,Laptop,Wearables,476,a45ac8ef-4189-420a-90b5-bd051c6ca5b8,2024-11-10 03:15:07,5,2380
a4928350-1a58-404b-9e07-68b058e401d6,Maria Baker,pparrish@example.org,2020-08-25 16:48:43,6d765718-72a9-4084-898e-c1e5325b397d,VR Headset,Electronics,520,874be04d-013d-41ad-b2ba-ffc93431e878,2022-06-08 14:10:46,1,520
dbfedafc-f632-4023-b658-0cdc6eec32ef,Peter Velasquez,andreagregory@example.net,2022-10-16 09:33:40,e9f27650-ad9c-4154-adc5-3a41d94f0979,Drone,Accessories,642,87e00ea2-d4a7-4fb1-a7f6-6fd4606eed6a,2023-06-16 11:20:05,3,1926
2ace098d-ec86-4e15-8984-fbb9cf1fb3d7,Stephen Ballard,chavezkenneth@example.net,2021-05-21 22:23:28,dc4ef4d4-45d4-4f3a-9bef-c8123e701a45,Tablet,Peripherals,1067,9cb1982a-1687-40bb-bf5a-96c79d09db55,2022-04-08 20:19:04,1,1067
de6d38a5-bdad-45c2-bd6a-d724960149a4,Daniel Wilson,pamela56@example.com,2020-12-24 23:38:16,0a6e001c-852a-4ee8-b046-d1f3ef8cf199,Headphones,PC Components,199,35777701-7045-47ad-b1b2-46e9eca95118,2021-05-11 16:14:57,1,199
b2f9a614-2605-401d-86f5-6679c644d610,Jasmine Green DDS,johnsonkimberly@example.org,2024-11-07 17:59:40,a274dade-2dc5-4a16-b019-e03cc5b381fc,Laptop,Computers,228,fdab3b9b-58fd-438d-8789-fd81ae3e198f,2025-02-26 15:51:42,5,1140
839c7cb1-cc39-4322-9d5f-bcafc9a22ed8,Erika Alexander,michele37@example.net,2021-11-04 19:22:23,164cfaa1-cbea-41e4-9b7c-22dc8dcf68d9,Gaming Console,Wearables,1429,229f6e13-d96c-4a91-8df1-ef1c33e528dc,2023-08-13 09:56:13,5,7145
d2afdddf-a564-473f-b33c-9366529252ed,Amanda Becker,davisbrittany@example.org,2020-02-29 04:40:49,0c3ebdb2-df42-4899-8413-da6b64ee434b,Graphics Card,Wearables,573,9a0e6e98-f0e5-4e66-9994-6acf7e984306,2021-06-14 15:58:16,4,2292
09acae4d-c0d6-4af0-a710-0c7c486edb5d,Morgan Brown,nford@example.net,2024-01-15 12:18:13,1d08714d-3c27-4f26-a9d6-efa9841b295f,Computer Case,Computers,600,b538335a-d83d-4092-ac35-7c2cc1d4002f,2024-12-25 20:42:43,5,3000
88083541-951b-4846-b85f-6cdfcc73d741,Kathleen Eaton,kevinsmith@example.com,2024-05-28 10:47:39,41bb6ca3-1283-46eb-be5c-629b8492a0b7,Network Switch,Accessories,526,a830bfc8-52da-4424-8c81-81e8b3352450,2024-08-31 01:20:29,3,1578
e61bb6b8-21ae-4754-9d78-46c2700d5b92,Jodi Walker,fstrong@example.com,2022-03-02 12:37:14,b54d7792-b37e-4dcf-88d3-bb1f3f20bd31,USB Flash Drive,Networking,176,750570f9-fc25-405c-ba9b-a6adeea5c0d1,2022-03-27 20:12:01,4,704
ad780f79-c69c-4e4b-8594-50e1ab621b8e,Tanner Valencia,glutz@example.org,2024-05-25 02:56:33,e0166fd9-2676-4528-8dd4-50dfc82af296,Printer,Accessories,1570,0d7fe07d-cc65-4883-98a4-e2739b93ca4f,2024-07-07 10:56:50,5,7850
358f71e1-77c9-4af2-946c-5b4958e7f15b,Anthony Curtis,jennifer10@example.org,2023-05-20 13:31:26,d9abf381-925d-49ef-a25c-ea3e9741aec8,Microphone,Wearables,1434,f0323349-2466-4e1d-891d-bb4555cf98b6,2023-07-14 18:58:34,3,4302
4f0b020a-cb8c-40e3-8df7-19b6416b3c09,Lisa Williams,cjones@example.com,2023-01-01 04:15:21,da93db3e-f1c9-419d-bcac-1cd0af600a26,Mouse,Audio,1013,a0ccbb1a-b8b9-4829-a6ca-2daefb70ba15,2024-03-22 15:45:18,3,3039
ef6d5691-8744-4050-bcb2-2a8a65af3b4e,Ashley Martinez,jcarpenter@example.org,2022-02-18 11:46:18,124e51c6-57dd-43d6-9ecd-a54c76d56af6,Computer Case,Gaming,1575,271a7d92-5d76-4fd0-8416-01a37265818c,2023-10-05 05:38:39,3,4725
d2bf5a51-dfa9-450e-bf03-bffc44aa61ee,Rebecca Lin,zjefferson@example.com,2021-09-03 06:40:25,dc5b215a-0ecb-49e1-988c-80f0aa5e7061,Tripod,Networking,1961,41774c9b-34c3-45b5-a5c6-3baa173a76e6,2022-11-21 11:55:59,3,5883
e53723bc-556b-4bc6-9b25-184b86c3fa80,Jonathan Morgan,flemingkatie@example.com,2022-06-28 11:01:13,a7d99a05-d046-4c2c-9e71-9d84f81d9743,RAM,Gaming,927,f9f7469d-c1ca-4636-aa73-802a2326706f,2022-07-08 22:25:47,2,1854
18ec6a78-419f-4580-baba-3c001ecbdbc1,Julie Boyd,youngdan@example.org,2024-05-19 01:30:09,e2af9a4f-9022-4a52-a5ca-a89b3e1aadb7,Tripod,Photography,557,f13b9543-6919-47e7-959a-9d7fa86511af,2024-10-20 06:19:51,5,2785
45bbf1e6-7e38-48ff-8557-5eeb88dbb4de,Michaela Sosa,rmitchell@example.com,2024-09-07 04:08:28,ae83cd2a-36e8-4843-93a4-b5d06b40855a,Tripod,PC Components,1191,db9141a7-f5b9-4464-ae51-683db30fa0ea,2024-10-29 13:42:33,3,3573
37b835dc-2d0d-4da9-ae56-54c8e5b9a362,Benjamin Waters,hughesamanda@example.net,2024-04-14 16:26:16,2c376ca0-9c9f-48a8-8c7e-bc904919c772,Tablet,Computers,1364,c725367a-7695-4348-bd38-e373d6167f9b,2024-04-29 02:05:19,3,4092
077c8619-2b46-4e5b-9975-e9c6a7526110,Robert Kline,frankcallahan@example.net,2023-02-05 05:20:19,5c5619f5-8028-4b7c-8f37-bb65086ad7ca,Charger,Electronics,615,f7c883a8-8556-4a25-8d96-668e345b9e08,2023-07-28 08:59:17,5,3075
deed25d9-87a5-44a6-bf6a-03746b617d09,Hannah Hall,thomassteven@example.net,2023-06-06 14:23:38,22116b71-a243-452f-98f8-965a9df1f2b6,Smartphone,Audio,763,4f5f1b9e-c4b5-4f11-9911-c690975eb50a,2023-06-28 21:55:44,3,2289
ce28fb0b-8399-413e-93b3-4d404674fc08,Stacey Avila,andrew78@example.org,2024-04-22 12:23:19,4d05ad9e-d142-4333-a13c-7138a697430a,Smartphone,Computers,1662,d0b976f8-b40c-4a1a-966e-c7682704acb3,2025-01-06 23:25:36,2,3324
9eab8aa0-6cb2-43c3-9caa-1061ad9ba809,Christopher Combs,vpowell@example.net,2021-01-10 22:36:15,cf47004a-ad8e-47d3-a2ee-12a112719167,USB Flash Drive,Audio,708,2c5ddfe8-3b95-448b-84ef-06daaf696f1d,2022-11-15 04:14:51,2,1416
d46ee3e4-c866-4682-a687-04576f5d98f5,Daniel Schmidt,kenneth81@example.com,2024-10-01 09:07:52,b6cc5d77-12fd-49bd-bd29-b075612ac8de,Drone,Photography,391,c8fc8402-422e-476e-90a8-f7347a2c95fe,2024-11-21 07:38:38,2,782
e8e00720-65d3-419a-823a-186ea0a8a429,Bernard Lara DVM,josephenglish@example.org,2024-03-11 11:19:57,4cd251a2-5f06-4fb7-bd6a-d80ca485158e,Modem,Wearables,698,cdb6fae9-77fe-4bb8-b48f-315deb44242f,2025-02-01 16:26:09,5,3490
20429e3c-7d05-4621-a089-4a47ab60632f,Gary Escobar,jennifer28@example.com,2024-04-01 20:54:43,575419fe-ec83-4c77-9684-33156e83142f,SSD,Audio,1334,878cfe1b-1884-4e94-a722-1850136bd193,2025-02-18 00:02:35,5,6670
ee0beffa-8d1d-4388-9401-be3c79409b85,Kimberly Martinez,bdaniels@example.org,2022-01-12 03:04:31,8987b429-1221-4792-9d27-deb87f706d12,Monitor,PC Components,960,7d717a11-2914-47d6-a335-d0fbc48ee770,2024-04-25 12:48:01,1,960
d68f6e93-d289-405d-b326-0934602c9694,Jeffrey Dickson,rickyflores@example.com,2021-06-15 01:40:53,1158ed59-ba3c-4c44-b7c1-971ebb5545c7,Printer,Peripherals,74,7e94fccc-93d4-48ff-9a2e-a0e33730c89d,2023-01-07 08:11:35,3,222
0a0e03a7-1e8d-4fd2-bb8c-8c2a2c45347d,Mary Smith,phillipschelsea@example.net,2021-07-23 23:16:08,29973e73-1fd1-4cb7-9252-d2ffd341d830,USB Flash Drive,PC Components,880,91ded323-8bfc-4974-b754-dd105974e111,2024-02-22 06:08:16,1,880
17ae1976-68e9-4656-8ecd-ee4ee353920e,Victoria Kim,jonesjose@example.net,2021-03-09 01:46:14,f48acb3d-d81b-4f05-bdd7-e7c5922ad6f0,RAM,Networking,1633,064cc306-d654-42bc-a399-218ddaf3001b,2025-01-03 15:27:37,1,1633
38cba360-9bc3-4cc7-9c1d-0e5d3755e395,Scott Hardy,alexsalazar@example.net,2023-11-18 01:02:21,feabb0e6-4e94-4910-9470-27a1a5241fb0,Charger,Computers,292,68d07ac7-3ce2-4856-a17e-9fc35246e979,2024-07-30 06:54:59,1,292
cd35f367-e9b8-4476-86c4-ee0a6dab43cf,Philip Malone,laurayoung@example.com,2020-03-06 06:22:52,efddbc4e-ecca-4ab4-bd4d-db218f76d01c,Motherboard,Accessories,91,f16469ed-4d0f-4ed5-b068-9d9dcc442169,2022-02-19 01:56:27,5,455
17246d56-8e3f-46a8-9841-71efdbd4d035,Tamara Hurley,ykelly@example.com,2023-09-19 22:14:52,17009fd9-688a-43d4-ae89-41b8ea54e226,Gaming Console,Accessories,1233,08fe5837-c835-43cd-a415-6c862809ccb5,2025-01-28 04:01:33,5,6165
490fc9ed-3405-483e-af3b-97e85f6027fb,Maria Schwartz,kstewart@example.com,2022-12-30 22:00:35,f36a2ca2-64b0-4d7a-80ca-4cfc215a030c,Smartphone,Photography,1760,6636f34d-1af9-44b7-a94b-7f8c31bad178,2024-02-07 02:28:46,4,7040
486f0ecc-948e-4399-bf88-4e0e261cbf84,Emily Poole,jose91@example.net,2023-07-17 08:48:07,ea69f894-0974-434d-82e5-9c8e6d4509cb,SSD,Peripherals,940,47b0d658-3297-4012-abad-918597bd78c0,2025-02-24 23:40:59,4,3760
ad9c9a60-0a5d-4eff-abed-cf2bff945a01,Justin Arnold,susanjimenez@example.org,2024-10-06 03:31:21,031b6b58-6a58-425d-ab97-77fa897c080b,USB Flash Drive,Accessories,689,9b73b63a-5e61-442d-82cf-d20f5195a886,2024-11-10 14:54:10,5,3445
a1a7bf0c-af97-44c6-a732-e237bef48db9,Jacob Reynolds,thompsonkatrina@example.org,2021-07-01 04:21:52,c8a175b9-6a0a-479d-8b67-3bfe3a8f91a6,Tripod,Networking,1258,ba373e7a-b715-4af8-8eb3-2c73a53c858c,2024-09-21 06:00:10,1,1258
d2f29407-f4db-4f19-8817-f59a54644379,Antonio Anderson,davidgray@example.com,2024-01-21 01:21:02,aa1281c0-0fe8-4eec-82de-eecdb84632a3,Scanner,Wearables,369,d5db739c-1447-49c2-a9b0-83cbf19ac246,2024-01-31 10:10:22,1,369
14466560-898b-462f-890b-c227d5b63244,Terry Swanson,danielwilliams@example.org,2020-09-11 08:07:52,62cea090-90b6-481a-940f-1407b6531d87,Router,Audio,703,947cf229-42d4-45ce-b936-30c871181169,2021-07-07 06:33:12,3,2109
89712c56-b7cd-4a0f-a597-da6891ddbe02,Annette Andersen,april48@example.org,2021-10-21 23:00:47,4ed6f2ec-a5cb-45ba-8751-a9fe815aeee3,Camera,Accessories,1192,61f3a401-e295-4ac3-8239-4e7ff1e61848,2025-02-16 01:41:58,1,1192
a5519231-3d23-4976-bb75-979f62006d1b,Crystal Vega,jimmypayne@example.net,2021-07-15 21:56:48,5aba7849-81a5-4ad4-94a8-4455c6d62f97,Microphone,Accessories,103,fa74f987-3e6f-42c0-b489-7b64a4ac9110,2023-08-23 00:29:02,4,412
88ece8af-2339-4ed8-9d38-e1b80ce11c18,Tiffany Reid,timothybernard@example.net,2020-03-04 12:45:30,381fb5f9-6e42-4cff-895c-7dcf4fabfd50,Headphones,Wearables,162,a89e3338-4da9-401b-8be2-599cccbc1382,2024-06-26 15:20:34,4,648
67b0225d-0d33-4eb4-93db-2e5848967e0a,Victoria Thompson,carrie84@example.com,2020-07-19 16:42:28,3c2efede-3dfb-42cc-83de-278a0f1b0ff4,VR Headset,Networking,1802,55324112-329e-4a08-b70b-e8f907303f0c,2020-10-29 19:06:03,3,5406
9ced8e86-e9a6-4081-901b-fb5bde99ffb2,Kimberly Ford,cheryl05@example.net,2024-07-22 20:35:56,066322de-df33-4a96-a3a6-1ffb048086de,Graphics Card,PC Components,631,a678ee0c-282a-4c4f-ba59-57b2b06aa545,2024-09-19 01:36:06,1,631
dfff9369-d77b-4dd2-a6dd-49b6132f2aaf,Michelle Martinez,ehughes@example.net,2022-07-16 15:55:37,498608f7-f652-4639-a21f-29b8fff44a62,Tablet,Computers,1772,341a4a5b-08be-42a5-afdb-9295ebc90737,2022-12-02 23:56:05,2,3544
efd6aa9a-83be-4fb0-9f86-8bbc5e93e9fd,Brenda Peterson,darryl70@example.org,2020-11-22 08:06:58,f50722dd-4592-448a-bdf0-9f0596a78791,Fitness Tracker,Gaming,607,c689fe47-aaed-496c-83dd-4c6e4474cb90,2023-04-11 12:47:59,3,1821
cddde89f-80a3-4dc6-b459-0b478a81e8ee,James Webster,zwhite@example.org,2020-07-09 23:07:22,e3ebad9d-65c7-4812-97ef-2c01e2cb033e,Microphone,Computers,1848,984953a9-f277-4512-b476-b554b6c9f48b,2025-01-16 11:22:22,4,7392
4037869a-4aa8-4144-b309-80c3d68d55f3,Ashley Henderson,brian24@example.com,2021-09-03 21:06:19,677169b1-55e8-41c6-8e85-8dd10dccbdeb,USB Flash Drive,Gaming,1262,7941e34e-aec3-4234-b2d5-ef4060de414d,2022-01-25 16:00:33,3,3786
a9b617d3-3fa1-49e0-97e4-b6fbf2bf6a3f,Alec Davis,charles79@example.org,2023-10-07 05:35:59,56f53b79-d770-4f61-ae5f-f413683d46ee,External Hard Drive,Peripherals,696,69a40f9a-6172-49ea-82b8-40657284c0e1,2024-04-04 03:42:05,4,2784
f0da2eee-566c-4147-98c7-74436fb4991f,Lauren Ray,lanceramos@example.net,2024-03-08 02:55:07,831daf1f-0e88-4681-a732-d7263bd9efc0,Fitness Tracker,PC Components,87,537a455b-75b1-4ee1-8a27-9bbfc59a99fc,2024-06-21 11:44:30,5,435
e97ccd33-7a07-47b1-b602-d3947f7db4a5,Darren Jones,yrobertson@example.org,2022-11-17 03:33:51,c4ec8e18-0966-43f1-932b-13b488f4b4dd,Tablet,Photography,220,42f9cb30-c9a6-4bd2-9ce8-f1aa633a6c72,2023-03-31 08:49:13,5,1100
007d52e8-4d01-4c05-b102-287646ca8ef5,Christopher Buchanan,frussell@example.net,2021-05-07 23:50:40,00204cd6-3925-4afe-bac7-3834661f03da,VR Headset,Accessories,727,0fbdec1e-6eea-4c59-9f8e-e40e27f895fe,2024-04-01 12:36:46,2,1454
77620f92-c1b9-474a-87c2-48fd75d29a5b,Anne Chen,mriggs@example.net,2020-03-10 06:03:10,d9d84c0b-68f5-498e-a263-f526b15e46f9,Fitness Tracker,Electronics,235,49de0ca3-bc39-41ea-9123-1762de7cf60a,2021-12-19 15:37:49,1,235
12d2a116-5368-4591-bceb-9e2bb4aa333e,Jennifer Roberts,porterjessica@example.org,2023-05-11 14:21:07,327f302e-9288-486e-b4f6-3b584d538f79,SSD,Networking,161,b4cd72eb-8049-4c78-bcf0-013329c3e452,2025-02-16 19:38:31,3,483
075a4e0d-69b7-4d69-851d-62f20ef3d90e,Thomas Hahn,anncollins@example.org,2022-11-10 01:33:27,aa447066-eaa0-4252-8f79-9d272c6fbcdd,Microphone,Photography,1149,d9cad44f-029c-4abc-acee-7955ddd5cf3c,2023-08-30 12:55:28,2,2298
1845f09b-b80f-448d-88f1-fa6e108e7074,Chelsea Gallagher,jessicakeller@example.org,2022-01-19 15:00:44,6334b628-abb0-4af3-9db6-4aef29e3b3b4,Charger,Audio,199,f0e30007-e451-431b-a0bd-aa1ef646d477,2024-08-19 23:07:18,1,199
a56b3b67-128d-4689-b171-64b324de2ed5,Brian Jordan,burgesskathleen@example.net,2024-02-04 02:36:36,6995660a-9a35-46d7-ac91-4006a9ec95fd,USB Flash Drive,Wearables,1191,17b2d485-b2b7-4626-a0f7-49efc444ab11,2024-03-02 18:22:37,5,5955
f4eb4e31-bc21-48b2-97a2-522b47798865,Joshua James,laura46@example.org,2024-05-23 07:28:03,dbbd18e0-891f-4123-ba2b-fe8b084bbb1f,Microphone,Audio,1315,7150c7f0-ec93-4ad4-a74a-6c18d3b40c48,2024-06-04 10:37:40,3,3945
d604c1aa-aed2-4fe6-9c58-70d47c47d7a3,Rhonda Smith,wendy00@example.org,2023-09-08 20:27:58,e7667fc1-6971-4942-b52a-84f06238aa07,Computer Case,Electronics,1277,fe3c9765-2089-464b-af91-e11b72179bc9,2024-06-30 05:03:30,1,1277
7a64bed6-09fa-4730-9673-a07badc363f0,Nicholas Henderson,heathcheryl@example.net,2024-04-12 06:28:47,146209e5-3938-48cc-998a-3a86c829dca0,Keyboard,Wearables,463,cd7245f3-ef6e-493e-ae98-d999afb3bf00,2024-09-28 16:54:59,5,2315
3f5680f4-d397-4567-a95a-dc685d02fc89,Stephen Li,farcher@example.net,2021-04-04 13:55:42,eff56e21-4348-4b0e-becd-5eda39372854,Router,Electronics,902,aa11c6fc-4b16-4656-9f9f-600a7dd0c1f6,2021-11-27 19:52:07,3,2706
2e0ed85b-b62f-45b2-aa83-2db2d4407624,Leah Ferguson,walljamie@example.com,2025-02-21 10:45:36,da6a76b1-723d-4cdd-a544-f29998b499f1,RAM,Wearables,1200,06f5c1f2-1600-4836-a31a-9337c24717c2,2025-02-21 19:27:22,2,2400
05d77ca5-2dea-469c-9785-23844017b8c5,Calvin Morales,jessica47@example.org,2022-05-30 10:53:17,93c8fd95-b0e7-47c2-a7bc-3fd6d33a645d,Tripod,Wearables,1014,b51a978c-108c-41b5-ad7e-3de6c0fa7d4a,2022-06-19 13:56:47,3,3042
4d7d08d1-ffc9-4ee9-ab29-0ea9cc7013b6,Sarah Stewart,angela08@example.net,2023-07-25 22:04:54,9e2757ce-5c4b-4572-95f2-4cab149ca6ea,Mouse,Photography,935,c858ca5c-bf64-4ca9-a9cc-e687273b7828,2024-11-14 09:06:58,2,1870
22862797-9454-4317-9cd0-ca4f9121b2cb,Linda Lopez,douglascarolyn@example.com,2022-06-06 16:49:23,b4b87762-bac4-464d-a962-c2958303f513,Power Supply,Computers,907,123b8387-37ec-487d-95d7-b0f21dcfde87,2024-03-13 21:48:24,3,2721
88319a06-e30b-4649-877d-fb4425be4e87,Carlos Bryant,patriciadavis@example.net,2020-06-18 03:09:07,80c3dcb7-9e75-46dd-8b9c-f85da6230f94,SSD,Photography,142,4d848169-a947-413b-ae22-090d7aa19276,2025-01-09 21:24:48,4,568
62b07132-d362-4c31-8ba1-1bc2f51bbe97,Stephanie Mercado,cobbvicki@example.net,2021-01-22 01:38:57,626b7c22-d2b8-48a4-b872-765508dfc402,External Hard Drive,Gaming,30,784dbdcf-5009-4eaf-8a95-2ad87234bba3,2022-10-31 05:57:02,2,60
b68dac14-42de-439f-b3d7-e63cb9d9df08,Karen Rogers,nbishop@example.org,2024-02-20 22:18:16,bd094ecb-6cfe-499f-81fd-6e8ba83f066a,Fitness Tracker,Networking,1220,b7d1e56a-e76f-4a07-bb53-f69cf9725c89,2024-09-17 19:12:51,5,6100
a807bc4e-b715-43b8-871a-eefe771f515d,Sheila Campbell,vcortez@example.net,2024-03-14 10:41:59,ca674fda-f8c2-4f6c-b4c2-0da61a0a923c,CPU,Networking,87,25c15619-6068-4555-8a2e-e9e6041d2bb4,2025-02-19 00:04:52,5,435
e35d02f4-28f2-4b65-806d-940d0cae2c2a,Margaret Mckenzie,jenniferreeves@example.com,2021-08-17 15:43:01,53d8967c-a703-488f-a486-53e972a424a8,Smartphone,Computers,1636,02ea3f26-53a2-47c0-b0a1-23d4912d92ec,2023-02-23 03:03:38,1,1636
04f07dcf-9a7e-4269-bc54-9dacfc35962d,Michael Vaughn,npeters@example.com,2023-10-10 13:44:33,3ba6e6a5-ebac-48b7-b0ec-905363ba6b8a,Charger,Audio,1125,8418cb26-6a04-40d9-a3fb-6a63bb8a49cd,2024-12-29 14:55:31,4,4500
2b92896c-4085-4937-819c-6ea848a9818d,Michael Huffman,reynoldsalexander@example.org,2022-05-22 10:14:15,a428a4eb-3f33-4bf5-b733-e5b310158c3e,Bluetooth Speaker,Computers,1020,458f59cb-55dc-4023-b7ec-d6d140c558e4,2023-11-18 14:38:52,1,1020
7ff137ca-ac94-4dcf-a406-4c8d51894d0e,Joanna Kelly,michaelleonard@example.com,2023-12-18 02:13:45,d80e292f-0471-46cf-b813-3c4dc1f46053,Router,Gaming,308,dd0b305b-dd6b-4f70-ae6a-c4f097828010,2024-06-10 15:15:49,2,616
23d7d4ed-8db3-4307-ac08-dca6af1c79c3,Nancy Hopkins,jennifer48@example.org,2021-04-08 20:20:56,47fbcfc0-7e0c-495e-b2c6-28241711e927,External Hard Drive,PC Components,1546,98e64990-33f7-4781-90bd-f25417778f61,2022-11-08 23:06:47,5,7730
2cd97128-705e-46b7-a9f2-8430b630b3b8,Daniel Reyes,davidduarte@example.com,2022-09-11 19:11:07,b82ccbe1-33a4-4a7b-9503-e79d546cd679,RAM,Photography,743,a3a72567-21c8-4839-94c7-4278295a35bd,2022-09-15 04:04:15,3,2229
53eb19e5-466e-44b3-b365-8d76ab32ef26,David Johnson,johnsonthomas@example.org,2020-08-07 05:41:42,55e0eba4-000e-4d35-ad0c-96169f5e63da,External Hard Drive,Photography,1731,a89732bb-bdd4-494a-b024-6f63b091585b,2023-03-01 03:49:35,4,6924
e032a7e8-6ea2-4706-ad11-e8562085a937,Joshua Bell,azhang@example.net,2021-09-21 17:09:56,a9658511-67f6-46d9-926e-56124ac1c81c,Smartwatch,Audio,81,98b74030-e1eb-4fe2-9665-55de9384eead,2024-10-10 11:18:33,3,243
7253f457-a183-49b7-bf18-d2cb39d163e0,Vincent Singleton,royjenkins@example.com,2022-04-28 14:53:25,96cabd71-4403-44bb-a0ce-f82b810d53c0,Keyboard,Wearables,944,4838c627-63d5-4fb1-9657-8cf289f2a1a2,2022-11-27 06:52:14,5,4720
60c35d09-6690-4129-82af-ce62d9766e33,Andrew Moore,milleralbert@example.com,2023-05-22 00:55:32,00751371-0205-423d-b9f5-a8a08acad001,Keyboard,Wearables,1598,9b5ebac2-dfe1-459f-87bd-7b433298c24e,2024-01-30 18:42:23,3,4794
423f3c5e-9923-4c70-93b5-ebfabc90fbcd,Scott Moore,marcdiaz@example.org,2022-07-07 03:11:21,8bdf651d-61ea-42e4-92cb-85f64668b1b5,External Hard Drive,Audio,133,1436b40b-85ca-4c8a-9756-78df1a6945b1,2022-08-03 20:45:46,4,532
d87f26ea-a796-41ea-abe9-0206d593e4b8,Terry Pena,kaylabenjamin@example.org,2024-11-14 11:01:34,02843bd3-499f-4c09-891b-aac48b3e1e14,USB Flash Drive,Gaming,1704,e0a69bba-a9ef-4cd9-b293-9532dbbfaf95,2024-11-27 07:24:11,1,1704
13931e46-c6a2-4195-b8c0-07b17e4a9150,Mrs. Jennifer Mullins,myersjohn@example.com,2024-09-04 13:50:49,ee37e53c-9e33-49f5-9c28-ebc1fc0c6ba0,Microphone,Electronics,232,08c9fc32-0f51-4dfe-960c-94df6c3bfc96,2024-12-05 04:30:20,1,232
ae864a2b-f4e6-4c5e-8b06-43f161fd5885,Dana Bartlett,nicholaslee@example.org,2021-07-23 11:52:05,49eea5f5-4e06-41b8-90a5-ed2d4e8301e0,Motherboard,Audio,792,8940e066-7948-46a1-b0fd-4bc2187a0a0a,2022-05-23 07:13:52,5,3960
7f07f60e-ddd8-494b-bc47-64c4c8631fd9,Kylie Robertson,kristin00@example.org,2023-06-18 10:54:48,bd73830f-1cee-42a8-865e-b08c2ea214d5,Gaming Console,Wearables,287,40c5e437-5a7f-4f3b-be50-50c9e81dd776,2023-12-07 09:38:26,5,1435
e000abc4-4730-43f7-acc4-92f9705d437b,Molly Lam,esantiago@example.com,2024-07-04 13:27:17,9ecf0c3b-4044-40d6-b73c-518ab7ff1874,USB Flash Drive,Electronics,312,d5a121b7-2574-4325-ad56-7d1cab4b666a,2024-10-20 21:59:43,1,312
8fc4e3e8-c4c2-4fb4-9a7d-70519a7238e1,Linda Hunt,frankcheryl@example.org,2022-02-07 22:44:48,afd5609c-563c-4f79-a65b-fa53bfce4d27,VR Headset,Gaming,1343,edf17c90-78f4-441f-8a47-535a3e32de09,2023-12-10 14:13:50,5,6715
1bb1f45c-5f4b-433c-9950-aa29f42b410d,Ralph Gonzales,bakerdaniel@example.org,2023-12-02 17:12:39,8f7cf033-ca09-4507-a6f1-9f0b43e009c5,Printer,Peripherals,584,344d8981-8864-4a8a-abcd-7e66b3494c84,2024-01-21 19:10:28,5,2920
3f3fefc9-0233-4ce0-a3d1-d1e4d867ae39,Barbara Leon,margaretbell@example.org,2020-05-23 17:44:17,b127e9e5-338d-484c-a6a4-66ec55bf993e,Fitness Tracker,Computers,1990,6934291a-ab1d-4865-869d-0aa95e6e4c2c,2020-07-14 18:30:53,3,5970
b1df0e0a-91dc-48c5-9639-c76ffb4ce01d,Paul Price,raymondgarcia@example.com,2023-12-08 13:35:17,41bb257e-af6f-42bc-b450-28d342ea7ab8,External Hard Drive,Networking,1363,1f45a588-d5e1-4067-90e6-ca0c54dba194,2024-07-05 09:25:07,2,2726
d2b0524d-8610-49b1-922a-a3904820c8c6,Diane Barnes,carol47@example.org,2023-07-17 18:45:31,912c5b54-7951-4046-9477-e0effa2bb505,Graphics Card,Audio,1109,7c5b3187-1cba-4e52-92fe-bc55e44758dc,2025-02-10 20:31:20,4,4436
a099f579-3a53-48e1-911f-216b105994df,Kevin Patterson,carl84@example.org,2024-03-13 20:25:38,39153701-19e1-48b4-8392-628f22815781,Graphics Card,Photography,1590,4a6c0489-9b59-4929-b2ec-62379af82751,2024-06-14 18:04:12,5,7950
ad572a8d-a624-40f2-8796-e1549442ac4e,Joseph Walters,johnsonsamantha@example.net,2020-09-11 07:35:21,97281c86-c52b-42c7-a3f1-fec61389f742,Camera,Gaming,1556,5976c12b-f1cb-436c-b489-24349ff57845,2022-03-12 16:18:35,2,3112
633c2881-d8c0-4b5f-8e9a-c75f1e520609,Robert Pace,kimberlycollier@example.com,2023-08-31 11:57:01,72cb33a6-1013-486e-bcb3-64363cf9aaf2,VR Headset,Gaming,1734,1efcd05a-25eb-406b-b524-efd7bda67239,2024-04-19 05:44:06,5,8670
d6ccfc33-07e1-4018-afcd-dfbc5ead5bea,Daniel Barton,john70@example.net,2021-08-04 01:50:09,636635e0-be90-404a-91d6-9c73f660bf8a,Laptop,Audio,1072,8406c279-aac3-491d-8ede-c21da033cf74,2023-06-06 04:45:31,2,2144
6427841c-96d4-46dd-80d0-e63ec11b5be1,Lauren Gonzalez,jordanalexander@example.com,2023-12-18 02:14:21,e778be8a-4232-4f76-9a0c-51ee3fadfd41,SSD,Networking,1066,5e16f1c8-65b3-4f3d-9756-0b97ff15c9ef,2024-08-25 00:40:14,4,4264
af132ab3-41ac-40a6-93bf-4b21cd25532d,Tina Rogers,markwalker@example.org,2022-06-15 03:56:26,e2085c65-c501-4e3e-a82a-4750ffcf32a6,Router,Audio,1035,dd359b1b-a2b6-4fb5-bf85-5a01e160d8e7,2022-12-20 15:17:09,1,1035
5213f65e-fd98-46d4-8e79-264d45bb7e4c,Robert James,danielmaldonado@example.org,2023-09-03 16:44:19,48396be0-e30b-4d50-8269-b47e6e1a7909,Headphones,Accessories,1695,572d0770-da1a-4a8e-88c8-76aca6c5824d,2024-05-12 15:39:39,3,5085
25d95953-9644-43f2-b0c7-78551b013714,Amy Mathews,derek78@example.org,2024-10-10 15:17:22,002c28a2-2556-40cf-97bd-2031a1cddad8,External Hard Drive,Gaming,330,3d7ed9ce-a59a-4b1d-af31-78d023dcca48,2025-01-30 15:46:52,2,660
5d25bdba-cefa-4e08-836e-524872cb20c3,Gary Hodge,crawfordmichael@example.com,2022-01-06 07:05:58,9bbe7dca-3f8f-4a95-8432-e37795560e0b,Power Supply,Accessories,1928,cc1a62cd-9251-44a6-90d6-599f6362262a,2022-11-24 17:37:02,4,7712
8a7f16e2-fb98-4d99-8e76-ebabfe81563a,Joshua Jordan,loribell@example.org,2025-02-04 11:11:45,761292b9-cf19-4a2e-b3c3-d42b9274a64b,Drone,Gaming,437,76109e4c-6ad2-4cf6-a616-825b028e1d07,2025-02-18 14:34:37,1,437
4d39fcbc-c1b2-4535-afc6-3333deca1fa1,Kristina Gomez,paynekatherine@example.org,2022-12-14 19:36:21,28b892d3-8b90-4af5-84b3-39aa024a715c,External Hard Drive,Computers,46,2dcc329f-dcc5-4d68-9794-8d5e93727ce2,2022-12-21 04:49:17,2,92
eac10dc7-cadb-4963-90e8-9feff0c943ea,Tasha Ramos DDS,arthur79@example.com,2021-03-13 07:13:47,b2b22ecd-756c-4320-9714-fafbd9514997,Fitness Tracker,Peripherals,222,d40bfbeb-0554-4c1c-8489-de33c6e8b84a,2022-08-29 20:24:25,3,666
6095dd98-b7f5-4b5c-b180-95bbf7bfed3f,Nicole Moore,gregory67@example.com,2023-12-30 22:46:28,ece35502-af0a-4002-ae67-06b36dc589c2,Keyboard,PC Components,581,dcf08deb-1e34-441c-b63f-e20d46e38e6f,2025-01-18 02:38:46,1,581
8601993f-ca35-4667-a02d-7ba47023417c,Julia Wilson,gmartin@example.com,2024-08-15 09:47:34,426463e3-0f5c-4621-bfec-8030b3d5afc0,External Hard Drive,Audio,1030,87ccd118-17e7-4f26-ae89-7d346fb02341,2024-12-31 20:58:16,4,4120
7888c768-3a4a-4844-afc1-b76e5ef7e572,Joann Ortiz,broberts@example.net,2024-09-19 21:04:18,b6345a68-d1a1-4ea6-8b9f-a01c78c80061,CPU,Networking,1841,7ed32175-95db-450a-a8d0-984451d86cdc,2025-01-04 23:56:54,1,1841
7ea0c668-abd7-4067-93d0-340f6cd96a45,Andre Jefferson,shelby60@example.com,2023-02-18 16:26:22,7a98bb83-ed20-4d22-9892-6aa91db74c6b,Motherboard,Computers,1769,83849b0d-2cb1-4028-908d-e6c0bb5b6d37,2024-10-09 02:13:40,5,8845
4902a0ba-bd0a-499e-9269-55b9e6477ddb,Brandon Mitchell,kathy44@example.org,2023-09-08 14:03:14,e2b1dc24-6206-4783-9073-5772413d30fe,Camera,Wearables,1006,3883f67a-4eae-46b3-81d5-5348e7408b56,2024-01-13 12:22:02,1,1006
018ae7f1-3463-4c70-b327-a4a3cf7157d6,Gavin Ruiz,brichardson@example.com,2021-07-14 01:33:16,ad82d9a7-81d0-4377-bd07-71730646bda7,Scanner,PC Components,1582,e5eca340-0510-4d15-85ab-b4ab7fcdf907,2022-08-21 04:57:19,5,7910
59ca8a66-c040-4790-88b0-fef3997a2b81,Scott Wolf,marshalljesse@example.com,2020-10-24 10:59:08,94a574ba-3ecf-4e75-99bc-bdeea20fef43,Tablet,Photography,173,f92574b4-b188-4e9c-ac9a-97ef396fba22,2023-02-15 12:47:41,4,692
71e16ebf-e479-4fed-9d34-6c29d40c3e8b,Richard Luna,smithdavid@example.com,2021-12-03 12:10:20,837cc78e-3d62-423d-b3cb-6409e02fc12d,RAM,Accessories,261,3d8eee87-655a-44d9-8c3f-da334eb954de,2023-06-02 23:55:45,2,522
240fa0f5-b71d-450f-8a3c-3277c0ba1c9f,Roberto Molina,richardkirk@example.com,2021-11-07 11:37:18,1c24a920-76ef-4d90-9d0a-d3b9ffeaeed0,Smartphone,Peripherals,1530,7ac63c63-fb6c-45e3-98f7-901c88296ba5,2022-01-31 22:40:10,5,7650
584a26fb-1eae-47b3-8a0d-594e62396db0,Caitlin Nguyen,jeffreyturner@example.com,2021-06-22 06:50:24,01c8ece4-3401-42c9-90a8-c6e17c0e71c0,Charger,Photography,299,58bd94c8-4f0b-49ff-9aa7-1623ca1a8846,2024-10-27 13:29:32,1,299
28f10bc5-0a84-4471-acdd-baa4c89448f8,Linda Hodges,browningstacy@example.org,2020-11-27 13:21:28,9ba19ff1-de63-4d77-81a0-00862a69f2b8,Smartwatch,Computers,102,41157cb8-24e5-4ced-ac99-764bebcb30e7,2021-04-01 02:00:11,4,408
d76c0c08-53a8-457a-92ff-ba82082a61e5,Eric Smith,larsonmatthew@example.net,2022-04-21 15:31:57,0010097e-507b-4a43-95e2-0abf9f6a30ba,Modem,Gaming,1887,d82eba02-016a-4727-99f5-d5534d705984,2023-06-11 21:31:06,3,5661
b24ab651-c5e3-4b80-83a0-68ca9c81035b,Nicholas Jacobs,shawnmiller@example.com,2022-03-10 21:42:43,048b705a-d79b-414d-8dea-48bdff881fcb,Gaming Console,Photography,1110,1ca5e0c6-5d1f-4150-b90d-b352ab064415,2024-12-27 20:11:19,1,1110
3a8db6fa-5617-4ae9-8bfc-47207923c131,Jamie Morgan,rmccall@example.com,2023-10-12 13:00:27,1e14aaeb-4c9c-49ba-a62f-9c23a5f5f30b,Power Supply,Computers,1783,59c30961-0cee-40b8-84e4-b973e8455176,2023-10-31 04:23:02,3,5349
0658a79f-4726-4590-989c-dd783914c3c1,Whitney Levy,martinezrachel@example.org,2023-10-14 17:56:56,c934b05f-7659-4b7b-b86c-32727cb58a33,External Hard Drive,Photography,1041,0d8c5ece-afd2-4897-9fd1-7fc4d122d3a0,2023-11-03 09:48:07,1,1041
20d7d0ac-99a3-4b6a-b10a-5f77c3d12491,Luis Joyce,javiermurray@example.net,2022-02-20 07:04:58,edcdb2f9-d696-4ba7-b4a3-0e17df3600ff,VR Headset,Accessories,32,bc3dee86-3f49-4004-8932-3e5350d0c2d7,2022-04-17 09:49:44,3,96
752a6ff3-4238-46c1-b734-74639a58d5f0,Todd Guzman,karenmiller@example.org,2021-11-18 18:57:05,033b845c-f3d8-41ea-b0fe-c65fb8bc0540,Webcam,Wearables,1573,c6352056-5bcd-45c9-93d3-885c6ec65f41,2022-05-23 16:03:41,4,6292
e2caf43c-3e0f-4853-85d5-f888c9e075ee,James Shelton,seanrobinson@example.net,2020-07-25 16:05:10,ad1db709-20e9-45a3-90c1-ed392cb41cb1,USB Flash Drive,Networking,295,73593224-1745-4060-84b4-97515f83fc1a,2022-03-20 12:20:32,4,1180
d61e65c0-7f77-4a64-895e-e84baff2ef4f,Desiree Williams,jamesstewart@example.net,2025-01-19 09:06:31,d59193fd-87ba-4693-b7dd-9fbbbdf14fb4,Camera,Photography,29,c40081c6-bf66-4a63-8195-068d986ff10f,2025-02-16 12:54:29,5,145
1b36d36d-7974-42ae-be33-04fc8f8644b2,Darrell Martin,robertbriggs@example.com,2022-02-23 03:58:23,29dfed79-f49f-4062-89f0-e55a180e8d81,Gaming Console,Networking,793,7977b749-84e3-4b9c-9043-f0dc09f7bbe4,2023-01-24 03:58:08,1,793
4b957cd9-41ed-443a-9835-cc423c789e2a,Nathan Reid,joshuastewart@example.org,2020-12-29 09:37:21,d8f0e1b6-8800-409e-aafb-3c74964c97ae,External Hard Drive,Electronics,781,6ccae098-207a-4f2f-b8ff-03c8f925a114,2021-02-12 09:02:36,3,2343
a6c1a1f7-0e49-47bb-b59a-936aa8fe9218,John Mccoy,wlawrence@example.net,2021-02-13 19:55:32,fc5785f3-da2c-4cff-9add-0ebb65a00f10,RAM,PC Components,1925,4db97713-ae91-47a1-8239-940d8de14eb9,2022-03-01 22:56:41,1,1925
4214c2a2-f16b-4cf7-b980-0ccc2140ce0e,Sarah Ponce,hsuarez@example.org,2022-12-24 19:29:16,6209cf13-feed-44b1-9245-271f73d2f883,Computer Case,Electronics,1058,912a4520-bdd3-47f4-b9b5-2dcef7c3689a,2024-07-12 16:32:38,3,3174
56fe8ca7-2ee7-42fc-9962-85abd84cd334,David Mcgee,ramireztheresa@example.org,2023-05-07 09:19:46,eec50568-7685-4d55-bfca-74efa1fcf0ec,Drone,Accessories,1160,a87cf3a4-e490-4f32-822f-fe6fbebabd3b,2023-05-21 12:31:18,3,3480
b048b447-91c1-454d-ba8f-83d4ecff5599,Ronald Brown,robinbryant@example.com,2024-01-01 11:01:56,e39742f7-7fe5-4540-82ee-d961b9b0abab,Printer,Photography,171,1ebd5804-135a-4446-9dca-6586e635fecb,2024-12-07 09:06:13,5,855
d31ff1c3-6bb4-4186-9162-eb0992b7b1e2,Jacob Parker,tterry@example.net,2024-08-19 19:25:38,4b0f0186-46a2-46bf-91fe-e377d49dbd01,RAM,Audio,1143,4a8a5ac6-ec54-4248-a48c-df80a858eeb1,2025-02-01 06:00:43,5,5715
81595c94-bdd8-4e12-82b7-1a64b10cd2b7,Michael White,ymiddleton@example.net,2023-07-30 20:34:58,efcd1133-015b-452a-b4ad-9f70497605c2,Smartwatch,Gaming,988,c2bc05db-09f0-4529-8398-d4ded89b30f7,2025-02-16 14:00:51,1,988
5e4c85ec-d049-4f56-819d-6e634eba4444,Spencer Martin PhD,bobbybennett@example.org,2024-04-02 17:02:20,d093ed5e-59f7-4162-8b8a-14c5c339bed0,Smartphone,Wearables,127,8dcc144f-d65e-4026-a403-5100e8ddbba8,2024-09-21 23:28:05,2,254
4f601216-6d68-4b1f-b27a-81272fde1797,Thomas Fields,katherine40@example.net,2025-02-06 17:54:02,ba2d450f-703c-48dd-9736-c28bcf44fdd4,Scanner,Computers,886,26aac37c-9491-44cf-8ab3-58dfc8acdbfb,2025-02-11 18:07:20,4,3544
1502e61a-0492-4992-8465-ff92813bffb0,Ryan Decker,elizabeth81@example.net,2023-08-28 15:21:31,98a424ca-0055-4f5f-bc7c-81c4c56be323,Drone,Photography,1735,168ed0e0-42c5-453b-b0c7-3b4749f80046,2023-11-24 04:37:50,3,5205
b1a51d21-0277-44f0-9f7e-82ceb0fc1cce,Jenny Sullivan,bhughes@example.com,2021-12-24 23:28:08,e3a58678-9061-4edf-a384-699876e22829,Mouse,Electronics,605,f727a813-78bf-4bb3-9923-8f4c50f2e8a5,2023-06-04 18:23:24,5,3025
e374da35-8e6e-45cd-825c-ab0f3798cb0a,Troy Martin,alicemurphy@example.org,2023-11-20 15:24:20,8f63fdcb-4832-4824-94cb-ac38c7cc30eb,Headphones,Photography,444,de41fb05-7163-46e9-b6da-ea16d6fdd360,2024-03-29 03:07:02,4,1776
9a0d71cb-936d-4ded-a9c0-2d2da024369a,Steven Hernandez,brittneycunningham@example.net,2023-10-27 20:04:32,efaeeb07-ba32-4128-a5d9-1f90f99b1176,Bluetooth Speaker,PC Components,511,ea03d754-6013-486e-9d8a-36c48993253b,2024-05-09 06:51:30,5,2555
c6dfae19-ccc9-4efb-bc29-d78bd0da442c,Steven Simon,fsimmons@example.net,2022-04-18 05:20:56,9584d780-e013-40a3-98d8-26b807315990,SSD,Audio,282,d863b873-fde8-4c0a-bf8c-4f7dd81cf310,2023-11-21 05:54:57,2,564
c39441f1-22a4-41e7-967a-773479ceced2,Dakota Taylor,xwaters@example.net,2023-11-22 15:34:42,ecf22b80-45fe-4cfc-b6f8-40afb40d0033,Bluetooth Speaker,Wearables,1000,cf149ccb-b0ac-4d2e-bd52-f785fb778e3d,2024-12-15 10:09:42,4,4000
8018700c-240f-4308-be3e-ac425f3326f7,Candace Webb,james96@example.net,2023-11-08 18:09:13,8bbeabd1-235f-4ea8-b7c1-c89001d15191,USB Flash Drive,Peripherals,1288,8a02d298-d1ef-46ac-8b37-a735df6f7d7f,2024-08-04 14:13:26,4,5152
e946858d-af44-4d15-a857-449d5ea5010f,Lisa Mills,bill28@example.com,2024-08-02 09:06:23,b1ad0a94-f43b-4068-840d-783e6d07b876,Tablet,Peripherals,302,876d0240-c37e-43ac-b1f7-a85926cfa173,2024-09-10 11:15:26,4,1208
7c2f7cfb-8c7b-4fa4-bb92-e87d6ca85e1a,Jennifer Mills,michael44@example.org,2024-03-08 23:23:18,e2c1b121-c22a-49d3-b2d0-219c46e6fb6c,Smartphone,Accessories,1932,1da5deea-ae51-4407-a416-84b9382c5263,2024-09-01 18:34:21,5,9660
f5ba5bb6-0f89-4798-bb29-f60a91f33c6e,Nathaniel Jacobson,bflowers@example.com,2022-05-01 18:45:34,b5011444-730b-4ffb-af02-a09a72ba2ae4,Camera,Accessories,282,9e0349a8-8e3d-4fb5-8e50-85525db03dcd,2022-12-03 05:46:13,4,1128
5d55b2af-7f65-45d1-b616-6cdbbad75b60,Ms. Melissa Nielsen MD,dhart@example.com,2023-06-08 10:38:01,90f01844-5407-4c57-a89e-dec8d7719221,Monitor,PC Components,1785,cf30e5a1-8b00-46b5-9d5f-db469f9faf6c,2023-07-12 11:28:22,3,5355
b5629e17-81fe-420a-a404-63f25f84af24,Jennifer Weaver,franklinmichael@example.org,2023-04-07 02:50:23,72e0459e-1c63-481c-8e2e-bc6cae85bd66,Mouse,Gaming,1409,e0c29f1a-6cee-4fae-a295-be6426ba096f,2024-01-09 00:02:13,1,1409
f124f9da-b8ae-4786-ab0b-ef39f6503b1a,David Martin,aguirrejimmy@example.org,2024-08-20 19:44:52,620a6c1b-6aa8-4ea3-9d31-4c08f91a7a3e,Bluetooth Speaker,Networking,1253,f4bb21d3-6ddd-4156-b91a-7c729ffc5e72,2024-10-05 19:25:39,3,3759
dd23bb95-bad6-4d96-89dd-db5bd8a987a1,Marcus Chambers,morgansmith@example.com,2023-07-22 19:14:15,42b25416-c1a1-4856-b18c-638be8ae353a,Charger,PC Components,387,3aa8aa80-6e6c-4067-94ad-e1fe89397735,2024-04-05 22:16:52,1,387
d7991a31-bc62-46a1-92b5-633b3c493a72,Shelby Mitchell,browntiffany@example.org,2020-10-05 11:30:58,762c3ae1-a73d-4547-a2ba-4c60051cc0bb,USB Flash Drive,Electronics,682,d1b2fe62-1a0b-4d88-b259-2d0b8edbd485,2022-11-07 01:32:23,1,682
812378c6-0d14-41f0-8e81-e66944d5960d,Drew Washington,travis75@example.com,2021-05-15 02:17:45,eaa7927d-b3bc-46a6-af21-e22fd637745c,Modem,Accessories,204,bae8c92c-c12c-40f4-82d9-47f9a8abb012,2024-02-26 20:23:20,3,612
807c28b9-c3a9-42c1-84a7-2726a6574879,Candice Santiago DVM,michaelsaunders@example.com,2020-06-08 06:47:25,714eba36-82cc-4391-ab4a-bb148f283986,External Hard Drive,Accessories,676,d3eeb9d1-2a1d-4581-9d7d-39572d2ad1ee,2022-08-03 09:30:06,3,2028
98e2c478-0dd7-4326-9bd3-ccf86dbe5be7,Devin Terry,yevans@example.org,2024-11-01 01:50:36,51a0f7f1-d3de-4018-a508-6025d361ed98,VR Headset,Photography,204,50168fe5-6577-4999-a794-e336014f258d,2025-01-16 11:56:18,4,816
7e754826-4fd0-4765-b5e3-4ee51e7e803e,Cindy Kelly,rhernandez@example.org,2023-09-18 07:04:08,b1a0060e-ad48-4585-ab3d-e3db4151f04d,Gaming Console,Computers,695,fd59318c-66cc-4d1d-befa-f6b746dea59c,2024-01-29 13:19:30,1,695
0682531e-597e-44f9-80ec-8e2192b5b12f,Tammy Santiago,meltonchristine@example.org,2022-02-05 12:51:38,b51c6c92-b65b-4883-9604-47aa77524bd5,Network Switch,Audio,802,4f1a4258-718f-4167-aa8b-575013151474,2022-02-19 12:14:16,4,3208
61149a6a-f878-449d-8fe5-251f9398dd6a,Ashley Riddle,carla15@example.net,2021-02-13 18:00:41,79e56442-e546-4164-8538-acae359bb34b,Gaming Console,Photography,499,c7a4cab8-0d66-459f-805a-f443db4696e9,2022-11-28 14:39:53,1,499
a0436d78-9a9b-4c45-887e-eeb93b1b05d0,Angela Clark,danny53@example.org,2024-10-28 16:05:40,4c490ded-e446-41c7-b88b-338637eebbdf,Motherboard,Computers,736,06d73d6d-e92c-43a6-a3be-f7e4186acf2a,2025-02-10 06:33:32,5,3680
21165802-430b-4dad-9d94-94f4846d7a0c,Justin Edwards,bmason@example.net,2023-09-25 23:55:36,e5048aba-cac8-4679-9efb-383b017b6830,Fitness Tracker,Wearables,1500,0c9c4660-e0be-4a7e-8235-e069ccbfda5e,2025-02-25 20:02:16,2,3000
1915f645-14e5-41ce-8128-17ae61a8ce6c,Mary Smith,nicholaslara@example.com,2020-12-24 05:53:07,bf9bfe5e-3b5a-462d-bad3-e4393e5d091b,Headphones,Photography,106,d7a8f083-6839-49ee-b2cc-4940160e9911,2024-12-05 10:52:15,1,106
683a7cdf-df33-4e81-91b5-6848dd63bfb9,Diamond Short,nicoledavis@example.net,2024-05-07 05:24:20,e3b09a23-abea-4c42-8fa2-a08fabbdeb0c,Headphones,PC Components,94,7d46223b-4d13-4799-afa0-cd2059a3463f,2025-02-01 02:49:25,3,282
bd91b876-5468-4468-94de-589e54eed5f1,James Hall,hubbardscott@example.org,2021-11-27 01:43:11,00371e4a-21cf-4664-ba0e-e6b50d83aa6a,Keyboard,Electronics,186,6fd7c725-8616-4f99-befb-37d25a4ed0de,2022-12-27 16:20:46,3,558
5f1b675b-43ab-4b54-af14-77d5bd454d5c,Angela Nelson,kbrady@example.com,2024-05-15 00:25:12,f6090188-fa00-4e82-9829-1ab8fe9928bb,Camera,Peripherals,1409,16c665d0-6e63-43fe-a6d9-de6dd6293489,2024-10-18 13:34:38,2,2818
6a52e229-b6f9-406f-a229-d15a20c939f1,Bryan Moreno,howardmatthew@example.com,2023-01-20 16:33:58,84f02db4-f346-47ad-a71b-5e05715284ee,Smartphone,Gaming,1887,3f5424fd-6110-4d0d-b681-099cb02e942d,2024-08-04 00:19:53,3,5661
89a071ff-75b3-408b-910d-e902c3f8100d,Alexis Campos,emason@example.com,2024-06-11 23:26:29,f3f80b38-0100-445f-a273-d746ad7785fc,Tablet,Audio,768,4584c0b6-e9f7-4767-bc26-fd5cb2972973,2024-10-05 05:20:28,5,3840
b5fd34b4-8df4-4f74-9a70-13fa95ffd4b9,Tracey Valencia,philiproberts@example.net,2022-02-10 10:30:48,52c291e8-5ad5-4efd-8434-9abcc2b71081,Tripod,Photography,1692,43314171-5aad-4f3b-97a5-ae8a3e50b8b0,2023-04-24 02:47:36,3,5076
95800f46-a57c-4947-b3e8-bdd04b252edb,Rick Hall,stevenscharles@example.net,2024-09-29 13:37:29,c68b562e-4aaa-4f8e-9664-29ef69b07aa9,VR Headset,Computers,1801,2563555c-445d-482b-a538-807fd0573035,2025-01-08 07:15:06,3,5403
863d1505-59b2-4122-9030-433c6d7087de,Jeffery Gamble,obarnett@example.org,2024-11-26 07:13:44,45d05259-5ab3-48c8-8a58-60ab1072a267,SSD,Peripherals,1105,4c9c8c35-6fbb-4f16-b11c-dd033cec476a,2024-12-25 08:43:07,5,5525
dc23e02a-2ca2-47f3-b8f3-3a0a4e164518,Alison Beck,kaitlinsmith@example.com,2022-06-07 02:10:29,679be1f3-2d80-4bc8-8c61-bbdf93063d75,Computer Case,Gaming,784,b487aeee-c433-4a3b-851e-99638823162a,2023-03-30 13:06:31,2,1568
29c995e5-84c5-4fa7-9f3c-98b2cc88f35b,Jessica Harrison,owensallen@example.org,2025-02-10 00:12:16,1cd0cd4c-931c-48b2-83d3-dfebb1ac703c,Monitor,Photography,1463,ef71a6c4-876a-43dd-a97b-dcb7dc2f0b4f,2025-02-14 12:39:36,3,4389
6a5b5613-6beb-4e0a-bd7e-7e2224c58182,John Williams,meganschroeder@example.com,2021-06-12 18:00:24,1da92317-3dca-4011-ae3c-1bbc85432333,Fitness Tracker,Peripherals,673,e1cc085f-0234-4074-89ad-d4e07a6778aa,2021-08-14 14:19:31,3,2019
3746634b-84a4-4284-902f-9e7c7e2b945d,Nicholas Kim,aweber@example.net,2023-01-02 14:00:01,d4c364a8-df69-41da-83b2-c94d4d0d4934,Graphics Card,Computers,1942,6398f834-7f79-4a59-8a55-d9dce84792a4,2023-08-05 05:32:07,1,1942
68c96260-d7cb-45f0-8674-6d87d41c1ea4,Marcus Rose,chenjames@example.com,2023-05-20 20:08:31,ac50057b-f7b0-4a95-819c-0cbbeafff47e,Camera,Peripherals,1953,75e629ab-0e51-4db4-b7ab-9b26115426f3,2025-01-09 14:45:39,5,9765
b2f1b33a-c1ef-4851-930a-32602427546b,Kelsey Wright,garythompson@example.net,2022-10-01 09:03:56,d85b4d01-6ae2-4d3a-a066-e52d2875c826,Webcam,Audio,955,226de5ac-3864-4cf1-9528-fc8555bdbc00,2024-04-10 01:48:59,4,3820
93ba8d71-9bd7-41e1-9451-5a82e0094e9d,James Mitchell,mcampbell@example.net,2022-07-26 13:08:37,b6746a91-5fd6-4688-bb85-1800b551ac4e,Microphone,Photography,1617,3e5121fd-6308-4ef1-b4b8-ed053e0dd947,2024-03-29 13:24:22,2,3234
6e33a4db-a313-4a06-9313-7ab187b62981,Lisa Fisher,jonathanfreeman@example.com,2022-07-13 21:56:22,2331004c-653d-4551-a8cf-860d91461ffe,Gaming Console,Audio,1992,06ecb17a-b4f0-4054-bd6f-b5c65e67e005,2023-02-05 13:55:00,3,5976
e56ab318-6589-4c38-b449-a321d9e711b0,Stephen Smith,pamela99@example.com,2020-10-02 16:54:04,6146f2d5-4330-410a-bcb6-015a26c65574,External Hard Drive,Electronics,1577,819dde47-0184-41ad-a343-fdd4b8aa16c3,2023-12-05 13:27:50,3,4731
32c4403e-4e50-4236-8b29-65616df680c5,Kristen Smith,tiffany06@example.com,2023-11-19 06:23:23,a742d6ac-55b6-4498-bbe2-49fe4dc86cdf,Gaming Console,Wearables,747,2e05967a-0084-4a92-911d-a4ee63c95cfe,2024-08-26 16:43:07,4,2988
7202d4a3-775f-433f-a34c-7c7fde19a0a6,Lisa Fitzpatrick,reedkristi@example.com,2024-05-21 16:18:34,6f47bc7b-5c36-4ef4-a49d-58aa433ad20c,SSD,Computers,66,56a9105d-ac58-4a29-a1c6-041045307283,2024-11-26 06:20:19,1,66
81735654-6576-40a3-8674-89fb98bc1313,Logan Bush,brandon95@example.com,2023-04-12 18:46:07,15e74c15-09ac-412e-9eda-9d290ea5889a,Laptop,PC Components,1945,ef94a833-85b9-4729-a3b6-70d139b747fb,2025-01-21 12:06:24,3,5835
8de4be35-56c4-49fc-9960-52eaa3fb30bd,William Weaver,gallegosnicole@example.net,2021-09-11 01:26:24,42737d64-e3f0-4229-85a6-5b87f0c3e0e4,Headphones,Electronics,233,10199e20-a928-4106-a42d-dd05b544dc37,2024-12-15 18:07:11,5,1165
942006f3-14bc-4585-9c19-b421b4bfb7d3,Samantha Simmons,andrew91@example.net,2020-11-07 03:27:11,7728096f-10dc-41ac-95e7-7fcdfe5c248c,Charger,Photography,918,63f07b30-79e5-48f4-9d30-03d0a158879b,2022-11-27 08:47:31,4,3672
9cfa6607-de0b-4703-a758-bf870da03d4d,Brandon Brown,edwardthornton@example.com,2021-10-10 02:13:28,b9716d31-f8ad-4b09-aa01-469aa84fadef,Microphone,Computers,1235,425b4314-1ce7-4db5-a3cd-44f405061201,2023-02-09 10:25:45,3,3705
04c2a34e-1bc0-47a8-86c3-4e3c802401c3,Timothy Walker,phillipsrachel@example.org,2021-05-08 16:14:12,d4c2b64b-78ad-4007-b9db-feb51944427d,CPU,Peripherals,849,14d82b21-609b-4e2a-83e2-e3490caaf188,2024-04-13 10:49:27,2,1698
6d09e799-7eae-400b-a0b5-9825cad33025,Wesley Jackson,kennedyjennifer@example.org,2024-02-06 03:10:41,6bc3930c-3ca1-4f7f-b193-f6b81cc8a598,External Hard Drive,Photography,1941,1d8d477f-d1e5-4756-b1d5-887383652d15,2024-05-08 08:42:14,3,5823
2aa8f58f-e8bc-4103-9b8f-383c7d335e0c,Connie Harris,qflores@example.org,2020-11-02 01:52:05,9f66c098-6f01-4094-b928-c35eea391c97,Laptop,Computers,586,246677f3-c0e4-4be8-b3e4-c9cd6883788b,2024-09-24 20:35:27,5,2930
190a4395-8b38-465f-991b-e8b1cf089581,Phyllis Buck,evansrichard@example.org,2021-08-04 03:10:50,43b038e3-75c1-4c47-bf7e-7aeb1dd0cda6,Webcam,Electronics,1312,68f8fd7d-d86a-40e0-9803-b3e0e1f90651,2024-08-19 12:32:43,2,2624
c41b0bfb-abd6-4727-bd9e-6a6714ca6eaa,Timothy Richardson,parksthomas@example.net,2024-04-18 19:06:11,67ca1d2d-7f8d-49af-b61d-0234b440b906,VR Headset,Computers,1130,27efc663-2a77-4636-ac38-d3f5feafd236,2024-08-28 14:16:54,4,4520
6c8a2709-6fcf-4e19-8ffe-83ad85bcfd10,William Robinson,anne16@example.org,2024-12-20 16:53:06,b61097de-25e8-43b0-af1b-4f24c1ff5813,Printer,PC Components,777,1a712141-e924-4bfd-aab1-11bfd79a5b98,2025-01-20 11:52:01,3,2331
776adb32-e7d8-4132-8586-7e0023802d40,Phillip Shelton MD,christopher25@example.org,2023-04-30 11:58:49,1535704c-58fa-4563-a4fb-45df34aa6d53,Graphics Card,Computers,937,422fca2e-2376-4b59-b82c-58a50a1f696a,2024-04-07 17:02:55,4,3748
d650dcb6-0ea7-4cfc-b257-aae2c7388d24,James Odom,renee45@example.com,2020-07-16 19:12:09,9c10e2d4-875b-4f3a-8487-c75202b0f59d,Charger,Audio,741,a84ecd7f-13fd-4798-bd73-cc44e31e5e47,2023-04-01 21:53:49,3,2223
ff661542-0843-4769-b67f-31c091d8ced9,Dr. James Rivera,mleblanc@example.net,2022-12-13 22:02:34,ca538e78-fc73-4641-b9b4-5245e01eddef,Webcam,Accessories,1483,717ac4c1-cadd-44db-9b4e-42ecd843abfc,2023-09-23 19:51:29,5,7415
2dd9fcda-708f-45b2-af89-b86b472e2ce0,Bailey Jackson,steven37@example.com,2021-04-08 01:26:48,9ef26e81-4101-42fb-a9ce-36a848cf6734,Bluetooth Speaker,Networking,188,afbae392-3359-4a2b-bb41-3b1140347579,2022-04-15 11:53:29,1,188
b4fc9d7a-9e8c-4e05-ad22-1d2fdde6c0d9,Christian Green,matthewsmith@example.com,2022-05-09 13:24:34,9d65a5e6-2afd-46a6-8285-73ab4a13121c,Charger,Photography,81,b04bc7db-c7d5-40c6-89ee-2ef8eefa0985,2023-01-13 16:36:48,1,81
ca167adb-ebf8-42a5-9f63-d966ee89c06b,Carrie Curry,saracollins@example.net,2020-06-23 01:34:25,b5b337e0-3895-455b-bdae-8c0e187a15d9,Gaming Console,Networking,73,95cbc0ee-b5bd-46ff-b1ae-19c9f03a3874,2024-05-07 07:11:44,4,292
35597c9b-f328-4ea8-8349-ef1328b3d87d,April Foster,taylorsmith@example.com,2021-06-05 09:46:37,477db22f-e543-4257-a21e-b42624b5102b,Motherboard,Computers,1722,c9536fc3-ac73-40e0-aa6c-d102f853068f,2021-10-12 20:05:22,4,6888
15c0bd0b-d629-4275-8ca2-3f04e944efc0,Michelle Long,wilkinsroy@example.org,2021-10-28 18:02:10,cb56b179-8c14-42cf-8f42-9b986de01f81,Bluetooth Speaker,Wearables,332,3ab9b6ac-a55f-4c33-9ec7-e8eface689a4,2024-05-07 20:40:42,4,1328
57e67449-36f9-4337-b68a-ce86835ee1a4,Lori Mendoza,melanie20@example.net,2023-11-06 23:23:25,7b7354c6-f6a7-4b5c-b8f7-baaf49222d3d,USB Flash Drive,Gaming,1881,08f36abf-13ec-47b0-b46b-cf41201d8959,2024-09-18 19:34:32,1,1881
c4c204f9-b3bc-4b37-871c-58394e01ac93,Jack Hanson,ilopez@example.com,2021-07-23 14:22:11,5c4ef146-162f-41fc-b0bd-2d0dcf1acaed,Power Supply,Networking,1603,c618ef20-0e96-4090-8619-31881767c1fe,2022-09-22 14:57:55,1,1603
ebe22161-4de5-471b-ad86-c504fcb91b3e,Sharon Brady,alexander55@example.org,2023-09-11 01:42:37,622a45a0-3ed1-45f4-853c-caf68fbb49dd,Motherboard,Computers,1497,958a8c76-7638-48c6-9799-d7e99d491517,2024-08-15 13:38:53,5,7485
b4b5b0be-d757-4dd8-946c-bd491c349d64,Ryan Lane,lmcdonald@example.net,2024-08-05 11:36:39,c67bf4b3-fa78-4036-b534-a5bbe8cb6a3f,Smartphone,Accessories,976,7ca32df3-74b4-4642-a3fe-9c9d49601b4a,2024-09-06 12:38:28,3,2928
c94ce388-14d0-4454-b7f9-415c7f37cd03,Kevin Caldwell,navarroamanda@example.com,2022-05-23 16:39:49,c3d3b5e9-ee3a-4eb5-b1fa-169bfa78f81e,Smartphone,Photography,1336,c85d3305-a93c-4fd1-a7ff-0b4e873fd94e,2022-09-19 03:36:27,5,6680
337d39d9-33dc-40bf-a2f6-5666dc1afc9a,Jonathan Pierce,heidi14@example.net,2020-04-24 08:22:47,1f00fcb3-6813-4829-955f-8791dcfcf4e3,Motherboard,Gaming,1516,7ba6b8fb-393b-4840-80c3-26cf5e81d2c3,2022-11-25 23:15:52,5,7580
0e40c6c7-c326-45b6-b964-43bebe2c7263,Dr. Travis Colon MD,richard52@example.net,2024-06-27 04:35:18,55fabd9f-9908-4c94-b057-f7848885185f,Tripod,Gaming,1213,6e44b2cb-6c2d-4ea1-b8d7-b03e30f67113,2024-08-04 07:49:58,4,4852
37e5e2cb-15ed-4218-8f40-cf264bfc613f,Meredith Bauer,katrina20@example.org,2022-06-15 20:17:56,ad7d9676-4526-4a9f-ad64-5dd3f4f509de,Tablet,PC Components,1385,d281ea52-e2e7-4c73-bfb9-8c204b3bea32,2024-05-18 06:23:35,2,2770
259485cc-e6d5-44d9-92f0-57694cf53c81,Crystal Flores,heidimullins@example.net,2021-11-06 06:01:55,735a76e7-2a77-4de9-b828-8b154301268e,Webcam,PC Components,156,27daa91c-21ef-4102-a1ac-e911bdfecabe,2024-08-26 20:43:14,3,468
bb640264-deac-4094-ad42-8edb9fdb7236,Barbara Moody,edward89@example.com,2021-06-27 15:55:30,b93511aa-f212-4cdc-b5c9-5fa483f3e3c7,Microphone,Computers,1258,ef5e7f70-c878-45bc-ba89-f2ffd99d2a84,2025-02-10 13:16:34,4,5032
c592a51a-ecb7-4fe0-be25-010d700dce73,Olivia Davis,weverett@example.net,2020-09-11 04:29:30,49e994b5-db35-46d9-b10f-c4e2e9c744c4,Laptop,Computers,1040,d8c2c9d7-4e47-4ced-9cc8-f4a6dbea6922,2021-08-23 01:14:49,2,2080
7b39394a-6b1d-4bcf-ac37-40d30c76d579,Roger Jones,kristenayala@example.org,2021-11-29 20:16:18,00556404-e036-46b8-bf1d-59ae34f3d9ad,Smartwatch,Gaming,615,bd1cb69f-cc79-47dd-9cf5-03a91c319350,2024-07-14 19:12:17,2,1230
6ff30f3a-1e57-4360-89fb-7973fef21421,Savannah Martin,zacharysmith@example.com,2023-05-23 02:37:02,3e986b47-c633-446f-9295-5689fcb8776a,External Hard Drive,Electronics,1697,13d27e15-318e-4a6c-8b5d-8479309b84df,2025-01-12 10:06:54,3,5091
51097067-df88-4309-a355-01412cfca454,Kristina Hall,jpowell@example.net,2023-06-26 06:07:04,bb73300e-61a9-4599-a71a-c088d7f1198e,Smartwatch,PC Components,1145,42f8a129-1c08-4204-bd22-7cc421b627bd,2024-12-09 14:02:02,3,3435
f29a8f70-e4ac-4b5f-b684-38fc11b823f6,Emily Holland,lisa06@example.org,2024-01-07 03:04:45,874c94c1-6d7f-4295-9878-9c2172d78304,Power Supply,Audio,446,d75c349c-6d3e-42a1-8149-701394fa7099,2024-10-26 00:38:04,4,1784
241b6a65-5618-46a9-a1b7-9de0e858381e,Latasha Rowe,dellis@example.org,2020-04-05 12:27:16,f7f59f12-104f-46f2-a8da-0ff9262f98d4,Keyboard,PC Components,1965,759d42b3-e667-4dbc-a686-5f006400ee45,2022-01-03 22:17:35,2,3930
a1dd612a-ee60-48bc-95ed-5cbd02112f16,Crystal Webb,kylewilliams@example.org,2021-11-28 15:15:08,9b4b9b9f-7047-471a-b624-9e17413ff6e9,RAM,Accessories,651,e821dcce-b7b6-46c1-9647-a02cc4c03d53,2023-06-24 22:22:57,3,1953
b1d9a4f6-0a22-4a01-86f6-e0ea43b7d6e1,Linda Summers,joyceshelton@example.org,2020-11-09 16:00:01,d7e9cc54-98f8-40af-b866-1b3b86b5ec0e,Monitor,Electronics,339,ea3bb7b4-0fe0-4654-bea6-ed4dab959740,2023-06-21 14:10:38,4,1356
1cf55e95-40d5-4204-90bd-0367b9a9d3fd,Lori Brown,smithjohn@example.org,2020-04-01 17:38:03,4aa6b0d6-1370-4da4-ae29-8f3d6ffb3bc8,Gaming Console,PC Components,1378,21e0ebf9-43f9-4ac5-812e-86f235aba8a4,2021-12-31 23:55:27,3,4134
08dad1f8-57f7-480e-86ab-4a54cf921929,Joel Smith,mark27@example.com,2021-09-15 23:26:44,d333a53d-23c9-4906-b8de-52387eb92290,Graphics Card,Networking,58,81f931f0-150b-4367-b44d-58be594fcd33,2024-04-11 11:02:02,3,174
495107c6-3f65-4ae0-9b12-bcb4064304bb,Jessica Gardner,meadowsemily@example.com,2022-07-22 02:21:37,b805b1b2-3301-428d-800a-9d944c287168,Network Switch,Networking,1243,34f2b8bb-bbbf-4ed6-b7aa-ab0f629f47c3,2024-02-05 13:42:52,3,3729
0a015eed-792d-4c6a-9f4e-01ba710f0a21,Stephanie Ryan,cstuart@example.net,2023-06-14 10:32:51,a7974bf2-eef0-42d7-b76c-740d5626fda9,Smartphone,Audio,1231,0a547884-ad16-4d52-aeab-31a0dbae7784,2023-11-06 23:25:44,3,3693
eabdb47f-70f3-4dd9-b454-e65ec5d7fffa,Nathaniel Matthews,toddbell@example.org,2021-02-16 10:00:21,4481f008-b5fe-4b75-a676-3855e1cd0b0b,External Hard Drive,Gaming,1928,ad9c17cb-d103-4654-97dc-ca1cee6c8969,2024-12-07 11:58:44,4,7712
4b3711b3-df5d-498a-8654-c75c0bf8e28c,Patrick Brown,joshuajordan@example.net,2024-09-30 03:15:07,d62c663c-a227-4a60-a622-ad8433d08f92,Graphics Card,Gaming,954,d02af43b-30bb-4482-b556-8af277424864,2025-01-19 06:33:07,4,3816
81f81887-45e8-40d6-9e8f-6c5bafd29e11,Julia Schneider,mooremartin@example.com,2023-11-06 12:04:58,b71167fb-414c-4942-92c5-8cef76b739a9,Printer,Networking,1274,bfbd725e-038e-42d9-9430-229896208376,2024-09-03 06:22:00,5,6370
92059e96-2024-43f5-a609-c3f0f6fedd06,Michelle Horton,lisalucero@example.org,2022-05-19 21:29:10,7556e6b4-4668-47d5-af4f-384de8b54906,Headphones,Peripherals,26,d089cc1b-076a-488d-b3af-986cc07f9724,2025-02-02 16:32:44,1,26
47d0ffd4-868b-4e9d-af63-00bfd6b5c6e2,Sherry Davis,ericachavez@example.net,2023-06-15 02:23:57,0e55caf7-4d9f-4b45-af7a-063ce8b07869,Laptop,Wearables,1395,0ce0fc91-8c65-489e-a44a-77dd13b54a2d,2024-07-23 10:55:54,1,1395
37829690-cfa1-4bff-9b76-c7c6e34c7b33,Preston Navarro,savannah45@example.net,2021-08-21 14:33:34,81d39608-3bd5-43b4-9f5b-88d21f239e1e,Gaming Console,PC Components,1301,ab4acd7c-783b-415a-86fd-f3cae19ea445,2024-07-10 07:48:08,1,1301
6d4c50e1-bfb5-494a-9710-4c5736331283,Holly Gibbs,alyssa40@example.org,2021-11-01 12:57:10,5c9021aa-8fa7-4b0f-a3b9-0140e2742e71,Tablet,Peripherals,454,8bde4c1e-9485-4394-8b3a-f4909ea44515,2022-12-19 21:00:32,1,454
8eec787c-503e-48d0-823b-60ed3ba58c45,Kimberly Ward,gloverdarren@example.com,2020-05-12 15:43:10,bae03822-d52b-46bc-ba47-f21b5452ddd3,Charger,Wearables,328,d098b37c-bbc5-4907-8f87-25c8476fb0e5,2023-01-07 06:28:40,1,328
fc6a947c-f05d-4654-83c5-fc59d43c6035,Lee Johnson,jeremyrogers@example.org,2022-03-02 10:47:32,9ce167c8-7cc3-4c7e-896c-102b7227494b,USB Flash Drive,Electronics,1673,147d6754-9af4-4f06-8971-d052d5c57585,2022-03-28 11:33:32,5,8365
203e6116-a1bf-475f-b0b4-faad26807bfe,Blake Diaz,odawson@example.net,2023-05-30 02:03:17,5df7931f-a206-41cb-a737-77fc804b6465,Tripod,Wearables,1700,56941747-e7e0-458c-8602-921c5af9750a,2024-07-10 06:06:53,2,3400
6884c429-8090-484e-a01f-dfd3d8a2ae7e,Dr. Kathleen Snyder,ronaldalexander@example.org,2023-08-20 09:17:07,76392c4e-f720-432a-b038-1c1369310bf5,Printer,Gaming,1865,44f1bfb7-1a3b-4d1f-bf07-b3d875e35aed,2023-10-24 00:20:26,5,9325
7d7cb660-7a90-4ec2-8c1e-f69c583ed134,Cindy Alvarez,maynardkeith@example.com,2024-12-18 18:42:03,8f0e32b3-b828-4067-9f80-ca4007c60fec,Laptop,Audio,173,5e5c29b0-c0f5-4561-bf3d-c51f6cad1c59,2024-12-31 12:36:13,5,865
728c6fdc-cacf-4f6a-a214-5fe4de9791a3,Kaitlyn Hunter,vcrawford@example.com,2021-02-20 21:29:29,0c977ec4-8a04-4de1-8c9c-166d6ebb1e79,Tablet,Computers,501,bb22eeef-178d-417c-a874-e281e86d44ea,2023-04-09 08:11:03,2,1002
9e9ea4e8-6eb2-4de6-b53d-aaaec921209f,Darryl Howard,john64@example.net,2020-03-10 10:03:43,28d466b9-2465-4626-a0d5-0d337adfeb8f,Charger,Photography,871,c4b548d0-2920-48c5-9c43-25cf8134b4ca,2023-05-02 04:36:47,2,1742
7e6a5406-6923-4bd3-9043-9ae4114b970e,Pamela Freeman,nicoleedwards@example.net,2023-12-18 07:17:44,d5ee6dd2-177e-42ff-82eb-52bd5b0c03cd,Laptop,Computers,226,d01b3987-8696-4f86-af88-6c1d5fbb0a56,2024-09-24 06:44:07,1,226
c5a7f27b-5c0a-4d95-84c2-e5a05d35d58d,Jeffrey Mora,lisa53@example.org,2024-01-09 21:40:22,1c563b26-c807-4bf9-ad76-4253513ec105,Laptop,Networking,1148,ff73799b-5a1e-459e-8e62-80b5009021fa,2024-03-06 03:30:41,3,3444
e05df526-4553-4549-9f57-1f4cabea8ceb,Charles Foster,wanderson@example.com,2023-05-23 18:34:43,c3f368ed-ae7f-4a16-9bc3-23d173b5a192,Modem,Accessories,1958,44fe08c6-f722-4f44-bb1a-ae92dea2d66e,2024-01-01 01:37:08,2,3916
a39cde15-2e8d-4060-afee-c3555f58e1f8,Steven Rice,ferrellrobert@example.net,2023-05-02 20:14:14,2c22eafa-2c50-4cf3-b48b-7bdfef4f5935,Mouse,Peripherals,1616,7dd50b03-65d6-4bd1-9ae0-22a0a0e8aafa,2025-01-17 17:08:43,3,4848
1574fc03-7c0e-45ac-913e-f6c532717b96,Donald Turner,erinsanders@example.net,2022-03-03 05:23:58,253dc86f-7213-4e02-9b13-e33d45b34fa8,Graphics Card,Gaming,1275,fd6a1fb7-4659-4314-86a3-357192b381bf,2024-10-08 01:42:33,4,5100
e27964f6-33da-467a-91ea-18998dc4b8d5,Anna Wallace,nicholecain@example.net,2023-11-10 20:35:33,77927f98-e708-4bb1-9da1-1839956f3587,Fitness Tracker,Wearables,713,9417dba4-722c-478e-b07c-84e2c892106f,2024-07-11 01:28:46,1,713
1ec61c31-bead-458b-9b16-cf9ecba60457,Kevin Brown,ygilmore@example.net,2021-04-27 04:45:53,ec12d4a4-1c2a-49f1-a7e1-657b79d8bf71,Tablet,Computers,334,3fe56756-c53e-433c-a7bc-acc4c7b222cc,2024-03-07 12:05:52,1,334
1c988866-5562-4e96-a724-2adb6fb4c208,Jacqueline Scott,martinezbarbara@example.net,2021-07-30 14:01:21,15348dc6-1312-4bf7-9567-31d30f08b0c7,Headphones,PC Components,1624,912129bc-c45e-44a4-9575-1e798617adda,2022-07-05 01:06:47,3,4872
82edbab7-7190-44a9-a081-aee6cfc5c345,Allison Higgins,brendatrevino@example.net,2022-11-30 14:47:19,3852fc63-4c17-4a50-ad62-80342f840324,Printer,Gaming,741,b4a0ceb9-2113-4ccd-92b3-b62e0960f782,2023-04-03 02:22:10,1,741
2b6e584b-1340-4e7b-94f1-0c89a055ef1d,Benjamin Montgomery,jerrynolan@example.net,2022-01-05 09:35:17,1c5d2f0b-ac37-430b-ade6-496d3635b1c0,Headphones,Photography,1996,f28b2f1c-9193-4815-886a-1177bcb7c5d9,2024-10-24 16:12:46,5,9980
7eb207cc-801f-4f36-bb58-7ffe9f158454,Tyrone Saunders,codyromero@example.org,2024-12-29 16:20:26,a433a847-8768-41a8-a60e-b6775d3c9597,Motherboard,Networking,1066,feabf276-1c55-4fee-9cf1-589e4d5b1d2c,2025-02-16 11:15:04,1,1066
74a5e741-e068-4588-b475-5e4170a671d6,Danielle Miller,xalexander@example.org,2020-08-04 19:06:07,c2e3c778-6402-4a37-a3f3-fad2c82caeb0,Monitor,Gaming,758,a34c29b5-021a-4353-a7a7-c2566d939a1b,2021-01-26 06:32:27,1,758
0ac607cd-d0cb-4c69-81f5-1514f62725de,Pam Reyes,robinsonalexa@example.net,2020-03-06 00:55:12,65b09d7d-22bf-4b9a-a671-fb3893bab8a3,Webcam,Wearables,1722,590af23d-b4b5-41e9-acbc-4adcad72a597,2023-07-04 00:32:03,4,6888
2d8443b6-c966-4c09-9496-36d355a7b4fa,Gregory Coleman,christinaunderwood@example.com,2022-09-10 06:26:22,65161bda-b673-4671-b81c-14188d33d6d2,Bluetooth Speaker,Accessories,28,fafe8100-6395-43f0-8da2-d42cd07b712d,2024-05-05 14:45:46,5,140
5c3fa5a1-c804-43ba-8c71-c004e22cf680,Debra Beck,robinsonmichael@example.net,2021-01-12 22:20:23,7eb668c9-aaa4-41f8-8780-1af06e3082ac,Printer,PC Components,815,8ad9b04c-df0d-482c-892c-e61f1e2276cc,2021-02-21 19:46:19,4,3260
d7b8e5c7-cf18-405f-b671-1537cd006682,Gabrielle Carter,joseph30@example.net,2024-12-16 00:00:08,22621f4c-91b7-4f1f-8a40-ef4d6d9b7e9f,Smartwatch,PC Components,108,a88c0ffe-e96b-4a60-848a-6e111bd7dbdc,2025-01-18 01:06:12,4,432
01b0e074-83f0-4909-b44d-7fcdd184dcba,Daniel Reid,marquezalejandra@example.com,2022-11-03 14:45:34,9a2e0f0e-94d0-451c-a29f-a60ba7553408,SSD,Peripherals,1511,76dc626d-b408-40ed-87c2-8102a56801f8,2023-04-09 02:21:09,4,6044
152d1d82-4d5b-44cb-8fd6-4af97a58913d,Leslie Torres,kfrederick@example.org,2023-01-09 06:51:35,024e1ba5-ef09-47a7-9c82-0a3a27a97491,Bluetooth Speaker,Computers,1244,a3911c69-205c-414d-9837-874fbb0098ea,2024-05-13 12:13:38,2,2488
3a56b234-ceec-4302-a657-c7f342cb465e,Evan Hernandez,teresa69@example.org,2021-10-12 01:50:59,7e81dd0b-9e84-477a-8830-773bf9e418da,Network Switch,Peripherals,1479,3b25208f-885a-43c9-8539-d21975a99f80,2021-12-20 00:00:38,4,5916
5cbdf0dd-1561-4e21-8e41-18a755e0674c,Melissa Adams,christopherwalters@example.org,2021-06-16 04:59:37,31a76d3a-b900-4fd1-a80d-4b815abdc35c,Monitor,Networking,202,377a8cd4-a4b6-4ff0-bc93-23ced8e978c4,2023-02-04 20:38:52,3,606
58089c01-b0ff-4cd2-a557-dcfe19327a0a,Joshua Johnson,pguerrero@example.net,2020-05-12 13:29:50,e23e703c-8521-4848-ac5e-86f095f12c56,Gaming Console,Electronics,1037,9e6df543-e1f7-46f5-b5da-bb35afeda1d9,2022-07-22 17:01:30,1,1037
6a72ac21-f919-4002-857e-cf3d8a7076f6,Jacob Johnson,jennifercooper@example.com,2021-04-23 13:04:40,f325cfac-d434-47c0-a012-0d90c29c5c3b,VR Headset,Electronics,1601,c219fa10-efc4-424d-88c7-2e0e3f325215,2024-05-10 15:37:01,4,6404
18398f52-cf20-4f5a-8ce9-98f4b165e497,Jennifer Blake,stefaniesmith@example.com,2021-04-17 14:45:28,41e7ce98-6ce4-4691-978c-5781688282bb,Motherboard,Gaming,1201,40ed9e3d-a80c-4e0b-b0ae-d31332c4ba48,2024-09-25 16:08:02,2,2402
bb4f6b4c-6dac-4b36-811f-da58b547e56a,Scott Perez,richardkey@example.com,2021-07-12 13:20:28,184458b7-e29e-4130-b540-6a1f59914324,Smartphone,Networking,1983,7e9e5f7b-48bc-4775-8336-ce594fde8795,2021-09-14 01:36:12,4,7932
1e00dcbb-ea27-4498-acb6-eb00d3cecd13,Rachel Wilkerson,sharonjones@example.net,2021-01-18 04:05:44,c0935160-4b16-4ca4-b0a0-c0adb9597dac,Keyboard,Networking,1490,9061f583-60c2-457e-b239-1a4e9aa15f9a,2025-01-17 06:24:42,3,4470
18956fa0-13c1-495d-af43-175f711f82ee,Brent Page,harrisonsarah@example.org,2024-12-09 00:29:33,24068864-c80e-4762-bdbf-c73cdb87a9c6,Gaming Console,Photography,911,092d3967-314b-46b1-a0cb-cea3d2375376,2025-01-09 07:39:26,1,911
e3df8d61-4af9-4eb0-b7a9-5a6a005fbabb,Alan Fisher,rachel79@example.net,2020-07-08 10:31:56,fdbf649b-418a-4aa5-8247-c5eff0cef47f,Fitness Tracker,Wearables,1467,75d602d6-00b8-4c5c-a2bf-d5c82c293c3c,2024-09-22 04:59:29,4,5868
618f962c-7f9b-4d95-9f5e-8149fee3c757,Christopher Hernandez,montesrebecca@example.com,2024-05-10 06:43:54,995a1eae-c5e4-4b31-bd68-74d3de5568ad,Laptop,Networking,514,1e47d70b-c721-44d6-ad1a-5f14360b55de,2024-06-15 18:53:09,3,1542
c206a144-983f-41f3-af44-089f2aaa3b8b,Nathaniel Holland,corymorgan@example.net,2020-06-08 17:11:33,10df7e2a-1ded-4f9d-9fba-d73f2a3c7201,Mouse,Electronics,1644,cd52a4aa-a3c2-4c5c-880d-c407525d82ab,2023-04-06 15:21:08,3,4932
e889ef1e-fd3d-4b97-92ed-6ab8eea6a77d,Steven Parsons,john88@example.net,2020-11-12 06:38:32,537e832e-285b-4ac4-b12a-3b81aabbf0c9,Monitor,Wearables,586,74d1d595-59ff-41e6-b8f0-e4202d81d60f,2021-04-02 20:46:37,1,586
0a782900-cc2c-491a-a6a2-b3547ad06c31,Sandra Moore,xwells@example.com,2023-01-24 03:38:31,786c380a-cb07-49d0-adc5-087f72c58693,Tablet,Photography,1682,54903448-86cf-4f9e-92e8-4a2c5af267ae,2024-07-25 19:47:01,4,6728
0c8a5cb2-a265-4c56-af4d-4e0d086098ec,Lisa Ward,brian07@example.com,2022-03-30 12:45:19,9dd367e9-d314-480e-95bb-47b1c75bdb98,Modem,Networking,435,08b687a4-9920-4be9-9a42-e12926e91d4f,2022-05-28 11:15:36,1,435
9d0a3d92-7bac-4dcc-b82c-ac3660789b75,Peter Pineda,xsanders@example.org,2021-07-01 07:38:30,ae399cbc-5c62-43b7-aa88-bb6e7fb22e0d,Printer,Gaming,374,41114115-3cf4-4fd9-871a-ffc949cf194c,2023-09-27 22:51:55,3,1122
8d3c8594-7d46-4d76-a3a3-c28cd456b74b,Felicia Holland,reedlisa@example.net,2023-06-08 06:59:56,5794cbae-5bb4-4ef2-a5ac-1a8c3f8d311d,Printer,Accessories,94,213a7ee5-2097-45bf-980f-33bfbafee0af,2023-09-27 05:52:42,4,376
75deee5f-079e-4dc7-a1e8-ac03f9deed52,Mr. Ryan Craig,aguilarcassandra@example.net,2021-07-26 21:08:21,63b74bf3-7ba2-450f-85b0-ccb475fd7439,Graphics Card,Audio,830,55ad8bb6-e290-4a58-adaf-e16f7da2e1fb,2025-02-15 07:24:51,5,4150
9e87f5ce-5fc9-4d29-8bd4-4f9017fd5ef3,Amanda Alvarez,ricejonathan@example.com,2024-10-15 16:43:11,abd7c493-cd28-4494-a16c-fbd94f7a7b82,Network Switch,PC Components,1925,b47b0709-0c9a-4fc0-845e-0be5691ff9ab,2024-11-24 16:36:00,3,5775
bce8efef-35ab-4084-ac2c-93b5e5bf2121,Michael Martinez,sescobar@example.net,2022-06-11 08:05:27,36a3495b-5b88-4f17-b208-414cc60abb81,Charger,Networking,1367,ad14de27-352c-457a-97a1-0858a5f96617,2024-07-21 11:09:53,1,1367
8ad4a958-0547-4c57-bbf7-9032586cdda1,Cindy Anderson,angelagarcia@example.org,2024-11-15 03:21:17,b9846f51-5d1d-4fb3-b15b-34d4d2c749df,Charger,Peripherals,648,e9f8f456-44ad-45ef-8f71-42071bf1c575,2024-12-22 22:04:55,4,2592
7c487faf-6b60-4ed9-961e-117301dd233a,Adam Williams,kathleenwilson@example.net,2023-11-19 12:27:35,2540f401-70a9-44c4-a48e-c605ffd6d12a,Motherboard,Peripherals,1459,c8b3708b-65ac-454c-8299-c3b452c03759,2025-01-02 01:24:22,3,4377
a9cd8556-4c46-4cdb-8ea9-be36a45d7f8b,Thomas Howe,bmurray@example.net,2023-06-07 12:16:30,5ac07e6c-ec20-4ac1-9f2e-a4e9760c8b22,Mouse,Computers,1510,d918a465-af47-4d15-8203-c25a57c5ed76,2023-06-20 17:08:53,2,3020
e57b52f3-5ccd-410b-a2a5-4e32f684c570,Jessica Oconnor,kellyvang@example.com,2022-03-08 21:11:00,be607560-8028-4d03-a840-881af9d39b55,CPU,Gaming,1570,43e30aaf-2b70-4a61-a3d1-c8bc0f53e81d,2024-06-29 17:09:35,2,3140
093dc7b0-edfc-4056-a903-1505892d210d,Christine Hubbard,wdiaz@example.org,2021-12-12 08:47:28,65ef0782-0c40-4711-b8ee-7029dd2f89be,Computer Case,Electronics,1510,5717dd4c-2026-4a0f-9f3e-7aeb1d571268,2022-09-28 13:34:28,5,7550
b487ae73-ff44-4347-9dd7-cc617c1c2728,Michele Kaiser,herringjorge@example.net,2022-01-09 12:27:04,f96e4b36-f3f0-421b-831a-4746262c5257,Webcam,Peripherals,80,a27f789f-61a2-45bf-a62c-1b5e56b37b69,2024-11-16 16:16:05,2,160
38e061c7-cabd-4394-b3f4-2bd44c584f36,Anna Moody,laura49@example.org,2020-10-14 16:55:12,13c02951-442a-4441-87d5-677e4d5756a9,Printer,Peripherals,472,f74d63f4-593f-494a-be58-e17da3425ba2,2022-05-28 19:52:00,2,944
dd6a086e-d503-47ea-b0d3-b426196ba497,Emily Smith,xstevens@example.org,2024-06-04 10:47:08,3316abab-edbd-4726-bb21-b0131e16d6f0,Computer Case,Audio,206,9168e091-1278-42ad-9a1f-33d7da8fa0e9,2024-09-24 10:07:53,5,1030
a489a019-34e2-45a8-b8a2-fabdb6e4e990,Hayley Contreras,martindavid@example.net,2021-12-31 12:19:35,f159892d-1e4b-4d4a-a865-4bb813af35a0,Modem,Wearables,506,ab6c00a8-f0ed-45e0-9ca4-b973fa7eba33,2022-11-11 03:06:50,5,2530
d7ac011d-d056-4240-914c-06b5ea307131,Susan Moore,jacob24@example.net,2022-12-31 18:25:54,48b0b6b4-1bbd-4026-9d3a-110ba8a71376,Router,Gaming,52,b62ac00e-f7ad-45d1-9351-8c04e3a31722,2023-11-17 18:14:00,1,52
449a631c-fd9f-4db3-b3f3-f77e1c96d6f5,Tyler Baldwin,greeneandrew@example.net,2023-04-01 20:10:00,518a3c40-77b4-4715-b96f-fa6087f1886b,Power Supply,Electronics,1678,626a9203-ac20-4eab-b3e3-e412bedcc944,2023-10-16 03:29:19,4,6712
bc527505-ed3a-4ad7-b4a7-4648314c7d9b,Timothy Jordan,wthomas@example.net,2023-01-18 18:42:28,90daf80b-57fe-4f1f-85c9-19eae0b46c4a,Computer Case,PC Components,437,8c99acca-bd0f-453b-bd99-18f319a15f15,2023-02-11 07:54:32,4,1748
f61e3f74-43bc-4c7d-9a9f-7d6af57f0d4c,Sue Rhodes,lambertjames@example.org,2021-11-10 03:09:32,5cf8f2d7-62f0-4900-a19e-a287804f5a1d,Fitness Tracker,Audio,219,4e2512c2-5969-4b2f-8bc1-c68eda3e1d56,2024-03-06 22:21:13,1,219
8b76d463-7f6a-4ebc-b028-10876bb23ac5,Bradley Morse DDS,pmckinney@example.net,2023-08-21 11:46:32,03c07303-00b9-4436-a560-cb068b7ca6b8,Mouse,Peripherals,1493,110c2b7b-0015-4796-8bd5-fdcd27092b78,2024-12-09 07:10:14,1,1493
13f4b341-f089-434d-b62b-06923f7780be,Gregory Davis,juliesanchez@example.net,2020-04-19 00:48:04,b3337e8c-2ade-4c3d-a8e9-3542143d1dc6,Tablet,Wearables,1070,1855633d-bc3b-4eb3-be1e-0bf3449df278,2025-01-04 13:55:52,4,4280
ee90e3ed-67ed-405f-bb7e-1cde56b4ff89,Rebekah Gibbs,brandongreen@example.com,2023-07-16 22:51:45,9121a756-81d7-4d55-a61d-af2a30f757f0,Computer Case,Peripherals,1526,550f15dd-7f3c-4e39-b04a-04482b614a3e,2024-10-22 07:45:57,1,1526
a69c750c-93e8-43f9-9092-0f4964dc0ba3,Christopher Cook,williambarrett@example.net,2021-08-21 01:14:47,0ae7586c-10f3-4ca7-9d59-305bf5c2dc0d,Modem,Audio,1374,36969176-8737-48f1-a09c-2fd83025813d,2021-10-31 23:30:52,3,4122
f65fa62f-c704-4cfe-b20e-7d1d9a788214,Mary King,pbradshaw@example.net,2021-07-02 18:29:58,3b539383-16d1-4b26-867b-b49dac91fb82,Camera,PC Components,1273,688d0611-4c49-44ea-899a-25d5a48f6c5f,2021-11-12 09:46:07,4,5092
a13b4a07-59d3-4757-971e-16d6f7f17661,Breanna Young,brownmary@example.org,2020-07-31 17:15:22,71710989-ddcb-4a73-97f2-6e94e9f00781,RAM,Wearables,1058,bbe0dd3e-7c47-4534-bd08-f8fda3e15b8c,2021-10-26 12:28:39,4,4232
3aaeff62-a409-472e-8ff7-dced63f5f96e,Chelsea Hobbs,natalie04@example.org,2024-12-06 17:05:31,c35f8448-4fe6-4bc2-b069-d497c9590395,Drone,Audio,1317,db309b53-e3b1-4f14-baff-a3b3c215bd20,2025-02-02 02:01:10,2,2634
3f7251bb-c197-4a48-8712-fa4d4fa960cd,Jennifer Morse,james82@example.org,2023-11-07 23:26:39,395afed0-7770-4931-b67f-36c807189b3d,Gaming Console,Networking,879,670539eb-35ac-4ec3-9e60-fb82936deb79,2024-06-20 16:19:37,2,1758
ff956a72-21a2-495a-b9c7-33c8778aa3b5,Daniel Cervantes,brandonerickson@example.net,2021-08-09 02:57:29,18faaeef-a14b-4978-9364-6801caf51e6e,Fitness Tracker,Photography,392,43f77dc0-c6f9-4406-a3ec-3b45c6a74697,2022-08-10 06:56:12,4,1568
c0580a96-09ca-4452-83c3-ba197d1a4aee,David Cohen,kyle01@example.com,2021-05-19 06:31:50,51834767-fa9f-4781-8ba2-c1ab1f886fd3,Motherboard,Computers,1095,17ae7fdc-7646-4908-a7fc-6dab8cda16b1,2022-11-14 04:42:22,5,5475
2c314329-e590-4614-bf51-9e75c2663434,Maurice Benitez,duane36@example.org,2021-03-07 03:26:08,cc8ad65a-bec8-4932-bfc1-a08c6361486a,Tablet,Wearables,1742,7b85abb4-6ff1-486d-a593-3623b8b29207,2024-09-12 12:09:53,1,1742
c666ade6-2c95-439b-99fc-c288db130dc3,Alexis Jones,christy52@example.org,2021-07-14 13:48:22,fe21c2fb-b530-4e70-98d0-5b503e99fb68,Webcam,Peripherals,1985,49ec6835-9701-4a03-9c41-5b86541f1bb6,2022-05-21 13:44:20,2,3970
5ffa7573-278a-488a-8c68-ce713d080726,Jordan Marsh,larrywest@example.com,2020-11-17 18:19:52,7d92f740-1333-494a-8e6e-aa1eeb074ff8,Tablet,Gaming,1509,84900ec0-a24f-4348-9517-195315e99550,2024-06-23 02:21:45,2,3018
f2c51170-9cc4-4fd8-a163-60f4295e72fa,Carrie Gregory,jongarcia@example.net,2023-03-10 15:21:49,c353328e-75f7-49c6-9ff2-b33e4a1d8b3a,Router,Wearables,869,30d636d7-1ddc-4b18-8e25-f233e2ea9d11,2023-12-21 11:27:39,1,869
61fc7b06-719c-48da-b548-46d6edf0f5dd,David Black,jerryparker@example.com,2024-08-31 15:24:16,bf720956-dd12-4b73-a796-485d4ef3a350,Smartwatch,Audio,1205,f5f0e799-f43f-402e-b35b-87de74bf1b1d,2024-11-11 08:52:59,1,1205
a6a29a63-20f3-4b8f-91d8-88c08126d6fc,Scott Jones,thomasphilip@example.com,2024-02-28 22:22:15,60db22c0-8d57-4c92-a7af-4eb560956651,Smartwatch,Networking,546,44552e75-1a69-447c-bd09-9b8a72f79b6f,2024-10-30 14:01:22,4,2184
2e47fb91-5a79-404a-a559-fc351874b254,Daniel Sanchez,kristen32@example.com,2022-12-16 18:15:33,8fe9f576-41ab-493f-8ba1-479258d25a0c,Camera,Accessories,278,a123ef5f-33a8-4d71-9abf-020e46930c1b,2024-10-04 03:38:31,2,556
c06688f7-42c7-4a5e-a24b-170b1d1dbbbe,Travis Mclaughlin,rorozco@example.org,2024-02-27 22:49:04,d654a779-02e3-4b6c-9554-bd7f0cc4423e,Modem,Computers,747,afbe7766-2d9f-421f-9bf8-41f9b99839a2,2024-12-15 09:17:05,5,3735
8171ac75-0965-43d9-aee2-33971fcd10dd,Vicki Mayer,amandaellis@example.net,2021-04-05 14:36:35,e28afc42-979f-4651-9924-370b6d86a93c,Graphics Card,Networking,1832,7fc5816b-dcda-4a52-a974-f841e5c6bc7d,2021-04-15 06:01:01,3,5496
4ecf659e-5d2c-4c0d-b05a-1c5a549b9897,Jamie Brown,moorechristopher@example.org,2024-05-14 23:50:32,e1ee8700-e72a-4273-a272-6f035c30f85d,Router,Electronics,1506,aaa1ec28-96f8-4fd8-a154-04f662631ad1,2024-07-26 14:42:28,5,7530
b078e638-e3ad-41c1-a969-9eb72430cf7b,Adam Bender Jr.,crystal73@example.net,2023-07-24 13:35:42,7157f00c-ba0d-47c2-8f2c-5d269a5249ec,Mouse,Computers,1502,74ece8f4-70a8-4504-9c47-d842e43f7307,2024-03-30 15:58:50,1,1502
ecc0a29e-392d-4c67-ad95-6489053b8679,Adriana Thomas,kylesmith@example.net,2021-01-02 10:06:13,2812956f-20b5-4d99-b9b6-c9a64cef39f8,Computer Case,Audio,74,16b514f4-342d-451a-8965-07f6be115ee3,2021-09-12 19:19:55,4,296
e1967084-2964-443f-bd30-bdd468bfeb89,Jonathan Graham,opowell@example.net,2020-07-30 01:28:13,e7a8415b-112c-4f77-9183-d87b92dba5c0,Keyboard,Gaming,1225,42e7efcc-d4da-415a-bc20-15f5bdba39eb,2023-12-29 16:45:52,3,3675
3ddf9fb7-aee9-4f15-a48b-b7e47e59f3c6,Kenneth Gilbert,waltersjohn@example.com,2021-11-08 21:59:59,5a9444a0-f010-4d70-81bf-b9be80c31660,Smartwatch,Accessories,1502,8e05838e-5795-4abe-ab7e-76307902d19c,2022-01-24 21:33:57,5,7510
9dba0f21-2822-4e19-8196-eb753f09c496,Allison Holden,priceronnie@example.org,2022-06-22 19:22:48,03341c78-5df8-4394-93d5-700838af177b,Monitor,Computers,729,fef947f8-9e02-4646-88fd-2717a1071d28,2022-12-27 17:09:58,5,3645
b1e02091-0f51-490a-ba00-7c4a66d729fc,Kristin Ortega,wrightbrian@example.com,2024-07-24 23:31:35,1a18e27c-409c-4764-a4b2-7930bd799202,Motherboard,PC Components,86,a4e6356a-8fa9-482e-9687-beb7fbe7d6ae,2024-08-30 04:47:52,4,344
e94d5780-c594-4bf0-bf67-79b41fe72317,Jacob Olson DVM,ztran@example.net,2023-08-21 14:55:02,27ec012e-cd25-4487-8cf9-4bcec74813ee,VR Headset,Accessories,1200,94188bb8-e39c-4d40-bfc2-1c43f47ac3a9,2025-02-05 21:23:02,4,4800
3ad92dd9-843f-406d-98da-085df7c7e412,Chad Daniel,matthewkent@example.com,2020-03-20 23:23:25,ab6ab788-ae76-47bb-ae9f-c3f3b5ed7611,SSD,Computers,1818,84add013-7628-4642-8121-4dc048190c67,2020-10-16 10:41:13,5,9090
b6531b44-d959-497d-a2ca-7a1b3001e417,Nathan Harris,walter93@example.com,2023-03-27 08:40:44,bcd70f32-d93f-4e43-8112-9f98bf13e8bb,Smartwatch,Accessories,1940,c26b915c-a629-4a17-977d-75e101c2f4a8,2023-10-21 01:32:20,1,1940
e259a9c9-d644-4c46-bcd1-3f08488e081e,Karen Dodson,michaelshepard@example.net,2020-04-09 11:33:05,58bdfa37-8e7d-4207-b682-9d3b85d611df,Power Supply,Computers,977,3168e00a-980f-40e8-8fb9-56af93aa2c16,2024-06-05 05:40:42,5,4885
d52a43d7-2b76-455f-97e4-4751576cafb0,Kara Mcneil,tphillips@example.com,2021-03-13 12:36:09,0c8a6bde-cb24-467b-8906-6192215bbd26,Network Switch,Gaming,399,b201cb52-5990-42ab-b43c-33ba21a61174,2023-03-26 13:02:29,4,1596
fd49fb63-d202-4e3f-a1e6-ff9238ac3c77,Jennifer Johnson,ksanchez@example.org,2024-05-10 16:26:56,bfe34fd2-1f8a-47e6-b304-9c742fc97833,Webcam,PC Components,345,717218c3-0612-4341-aa21-b6b8b02e22fa,2024-11-03 11:30:52,3,1035
e29df164-3218-4c4e-9756-d1b0e88607bb,John Lindsey,steven54@example.net,2023-02-20 06:39:32,4af8eff5-378f-4788-b5b6-ece13d7153b3,VR Headset,Peripherals,1938,8902fa11-020e-40ec-9406-f485f9e3759e,2023-03-03 03:28:04,4,7752
347b2550-d2ca-4f79-b77b-27960016338c,Erik Chapman,frank31@example.com,2022-04-17 05:04:52,fb3fc9d0-fb75-4ee8-b999-cded97eb365e,External Hard Drive,Accessories,443,a6b2e9d0-6ffe-40e1-8991-688babe52d0d,2023-06-12 14:24:15,4,1772
72410d94-30f8-497c-b726-e91c6613dafd,Nathan Mendoza,carterelizabeth@example.net,2022-10-18 14:34:49,03da5553-d1d5-445b-b92c-a20c9eb03d2f,VR Headset,Computers,428,fe0ece24-0731-45df-bf67-3f292438ad32,2024-11-23 08:35:25,2,856
cfa31bb3-b07b-4ffe-a1c3-b76c64d1e6a3,Justin Hayden,ethanshepherd@example.com,2021-01-14 16:15:09,147718f5-2a31-4b83-898a-535a3503df44,Router,PC Components,718,7873b6f6-7d7a-47f1-aa77-1554258cf52d,2023-08-18 10:43:28,5,3590
428b2a03-f2ea-4ab1-8f48-765b7318022b,Tyler Tapia,haleyrose@example.net,2021-09-28 15:32:12,25cded80-d0cd-446d-b95f-6100e8c57206,Drone,Accessories,1466,5b9ade6b-948a-42b5-bdd4-4d59d38edf31,2022-07-13 12:45:52,4,5864
4b6a9cde-7c98-4f64-926a-21d6c8a9bcd7,Timothy Kelly,danielgaines@example.net,2023-12-02 14:43:54,fc15941d-d223-4726-a608-5a9d072d4c6f,External Hard Drive,Photography,165,671f43e0-dcad-4fa2-a5e9-9ea81d7c47a9,2024-12-03 09:51:54,2,330
0e0b4be0-ece7-421a-ab26-966a96deb15e,John Holmes,codyfisher@example.com,2021-09-18 11:17:26,c556ba0e-9bc5-4fa7-b767-17a825191cc1,VR Headset,Wearables,1581,05ab39b1-85d1-4258-923f-b784b857099c,2024-06-19 06:30:28,1,1581
43526b4d-4c55-4d4d-b290-f9123562f1d5,Peter Campbell,scottwright@example.net,2023-08-01 06:36:37,2763bb56-9ca0-4a35-9bac-73ae1ea7c1fe,External Hard Drive,Computers,868,4a7c524c-5c7b-421c-b94f-a64d03cbe983,2023-12-02 16:05:08,4,3472
0d404ba1-d69b-4859-b552-26409b8712c2,Rhonda Vaughn,ibell@example.org,2021-10-24 20:33:00,4853ae4f-6fa1-4235-80a9-cad57872866e,USB Flash Drive,Photography,1225,21dd194f-ea67-451c-9616-70a67457481c,2022-04-10 04:42:52,1,1225
063884a3-3aa3-4414-90f2-f608f641b6f8,Monica Harmon,jdavis@example.net,2021-01-03 10:19:16,570dbae1-bf43-4c21-b1b1-e301c627065a,Computer Case,Photography,410,9b40ce57-7a34-4129-91e1-e3494394e312,2023-09-26 01:53:40,3,1230
92677552-e190-4d18-bbfa-a3a04b1df8e2,Kimberly Mccormick,peterfernandez@example.net,2022-02-07 03:55:47,fdf1b28d-f183-446e-8d16-59d6f665fc49,SSD,PC Components,1574,40ab1355-9844-452c-9d36-5586c7696e99,2023-05-02 18:10:29,5,7870
b86d7086-faa2-499b-856e-fed6a201a1dd,Austin Salazar,sford@example.com,2023-03-14 23:40:43,fbab0cc0-1529-47b5-84e1-a17e5123682b,Gaming Console,Photography,454,0735f15b-d3f1-4824-a6ed-46c807f80df6,2023-07-13 00:32:07,5,2270
1e99f852-ebe2-4b93-b525-7b7594dcabf4,Jennifer Wallace,woodscolleen@example.net,2022-09-15 23:46:49,b7c29e91-4760-4467-88de-f3bf68992313,Laptop,PC Components,1608,e55a9f76-3bfb-4632-a134-2d9a345aa911,2022-12-29 16:57:29,4,6432
d04a3be7-1363-4abb-8093-76dd2c1be5b8,Andrew Carlson,marcia57@example.net,2022-01-21 14:44:22,ebe8cca9-6918-4555-aa95-1cb092ad13e3,Modem,Photography,1889,18c3fa95-960b-415b-8bd1-e80a5e48207d,2022-10-31 01:04:18,5,9445
3f5ae820-4641-4598-b485-5c7de8d46225,James Pearson,bushdaniel@example.org,2023-09-01 07:23:01,b326c008-d281-4016-89f9-7de3a4ecc1f9,Monitor,Electronics,1121,2b96be32-1798-4d56-b4f7-7fa84efb7b48,2025-01-18 17:51:09,4,4484
5668d85c-7a39-4b47-a37c-38429594cd2e,Chad Moore,wsmith@example.com,2020-09-02 21:50:52,3bad797b-41ab-43b2-a121-04ea80ffd25e,Computer Case,Peripherals,76,19f4ea37-302d-4b4b-84a6-4c28e29156ed,2022-10-15 09:14:55,1,76
bdc6948a-5c04-4c69-9305-4704ccc56273,Jonathan Garcia,zholland@example.net,2023-03-13 07:07:00,bb2c99ff-c332-41fb-94f9-5778f980a1ec,Power Supply,Audio,1388,fa4d9693-1201-4ed1-807b-fa246c0bbd3b,2023-06-09 02:08:43,5,6940
031a4f2c-d385-4990-afa5-7a273b896128,Michelle King,brownkristina@example.org,2020-11-24 01:17:34,78752702-b014-457d-b72a-3dbc034f860f,VR Headset,Computers,1326,06151f34-12fd-4059-8aa2-88b0593607bc,2024-08-04 05:00:06,1,1326
339d7697-68aa-4580-9e8b-a47686ed5f2d,Kevin Williams,alexandraanderson@example.org,2024-10-17 23:07:40,124ca139-e1a1-4f58-914e-b3e6ddf0e2c3,Camera,Audio,1959,754ade47-05e7-43be-a2f2-70c8b2c185f9,2024-12-13 00:37:54,2,3918
4eec62b8-17aa-4cca-8215-d3f9e4dc3c09,Jennifer Blackburn,qleblanc@example.com,2023-05-18 16:43:38,531e6582-594a-46c3-9437-44432b8a229e,Charger,Networking,839,64bf9162-55b4-4542-a8cb-79644d556ee1,2024-07-13 06:04:14,2,1678
5b3f1ae7-42a4-4e6e-ac8c-03bcaea67870,Kristina Baxter,cgarner@example.net,2024-08-06 21:15:38,66376784-eca2-49b8-9ad4-e2daf0116999,Tripod,Audio,1043,76ea29fb-5997-44dd-8cf7-fb19c6862fa7,2024-09-03 16:58:00,2,2086
96f547ff-17b8-44b4-9d6c-be970756f8a7,Shannon Brown,brownsheila@example.org,2024-08-16 05:46:25,97c6c6b0-5fc3-4fa7-aa9c-41ec1ab9a898,CPU,PC Components,1385,f7dfec06-72be-40e9-aa87-e5feaf7a4e11,2024-10-31 07:42:45,2,2770
6edca625-3e08-4090-ba70-bfbc333770c0,Robert Mccann,johnsonandrea@example.com,2020-07-17 08:55:50,060f490d-6b24-42ba-8cf9-de8efc1bbff7,Headphones,Accessories,1191,b82b7071-8fd7-44b1-8384-cf807a6b6ba2,2022-02-20 00:06:00,5,5955
4c452bf6-72aa-44a9-ae1c-886a612833e2,William Lewis,ashleycarpenter@example.net,2020-04-11 08:42:52,661e9658-f949-478d-84fb-35209d896d91,Monitor,Electronics,916,8e2574f0-c4f4-4529-8acd-96dd77942163,2024-12-01 23:50:15,5,4580
4a7f5608-ae3c-4cdd-8d98-586c3d7fd5e5,Patricia Tran,hannah08@example.org,2022-10-22 23:01:31,323da866-cea0-4618-a022-fef2859b38f6,Tablet,Computers,1668,3fb7539d-db9e-4d27-a417-42215b61a4b5,2023-04-15 08:46:51,3,5004
b98c332c-0b61-4513-933d-c9e9c874598b,Felicia Miller,moralesmary@example.org,2020-10-23 10:33:55,c6822ac6-ef2b-457c-bd31-b633bbca7ffc,RAM,Photography,126,b3dc5d9a-4053-4b37-b0b6-39ca117f04c3,2022-04-06 22:33:32,5,630
4ddfcae8-6aa9-4ae0-a76a-e0843ea4dfed,Jessica Reed,jenkinsjoshua@example.net,2020-11-14 13:34:54,97d6530a-f373-4b72-a82e-1569bc046514,USB Flash Drive,PC Components,1405,7d6f6054-83d0-4ad2-8b0f-6c640ad015e2,2021-01-02 11:56:50,2,2810
b13256cb-1e5e-4bea-b67b-b5417a20999f,Michael Kirby,jonathanflores@example.org,2023-01-30 08:11:33,6b154c18-f959-4786-81ec-c43d1909d154,Laptop,Electronics,325,0ede0bc4-08e3-4ebd-a979-834a45849ef7,2024-03-18 09:12:16,5,1625
3a028133-50bd-4e0f-868e-ecca004c4ef7,Ashley Johnson,lisacoffey@example.net,2022-02-12 20:18:34,eebce267-b013-49c8-a223-a3deb2206439,Computer Case,Wearables,1366,be24c8a0-231e-49fe-9707-50172f86be34,2022-07-16 12:32:59,4,5464
65341ec2-2bc0-4b91-ae12-dd8fb2d9e2f0,Amanda Snow,tina86@example.org,2024-04-29 20:36:11,7b7714d7-c1de-4d50-a066-b1ec8d662831,Power Supply,Computers,1596,3f1606d9-9de9-4d2b-a9fe-1dceb3c6ec56,2024-09-17 23:39:04,2,3192
8429b7e6-6885-4767-a11a-83191c5143c6,Andrea Robertson,latoyaramos@example.com,2020-04-18 13:00:29,1481b862-5c95-4359-ae7d-e23eb0d3e761,Smartphone,Accessories,1580,7dce0987-c997-4c7b-bc99-a90bc7a7f081,2020-05-04 12:27:02,2,3160
0d7965dd-88f5-4cd2-8628-91ad722ee755,Daniel Contreras,villarrealjessica@example.net,2022-01-28 13:53:43,06623c14-6327-40fe-a471-2d4d8cae7803,Headphones,Audio,772,975abd05-1d78-480a-8e17-d9f1186ba717,2022-02-25 05:14:22,4,3088
1eba751f-846a-41b3-adfe-0c31ee109c08,Jay Hughes,xsmith@example.com,2021-08-31 20:29:05,78fe9906-9f6a-4e29-9fa4-cfee17badbb1,VR Headset,Computers,1039,9e7aaf43-568d-4add-94e7-c2dcc28a9d62,2023-07-28 06:47:37,1,1039
bdc3f3fa-324d-4930-8508-ee196c6566a3,Amber Black,david98@example.net,2024-03-21 16:24:36,85e11ac1-8a3f-4424-875c-fb1a03f7ee95,Scanner,Accessories,1339,7e2f2440-f851-46a7-97e9-79780d068ad8,2024-07-05 02:49:02,4,5356
be01f19d-eaf3-4564-b50c-ef2671915686,Tyler Phillips,juanhardin@example.org,2021-10-31 18:24:20,ffd663e6-36f9-4184-942d-b8eb8a668a01,RAM,Peripherals,1696,ea2e62ff-518a-4eb7-a845-5c39641cb4b6,2022-08-13 19:44:00,5,8480
d1efa218-48d9-4372-aa26-eb9633db3613,Fred Baldwin,jamesdavid@example.org,2021-07-29 16:07:18,2a339c97-f54a-4747-b693-6e6264336ada,Headphones,Wearables,1794,13576dd2-20a6-4604-993d-bc5644b5e51c,2024-04-07 11:51:49,1,1794
aa94f44d-97c2-46f1-8f5d-3d5cc7fa5829,Douglas Reid,csanders@example.org,2021-07-10 02:16:00,a1a834d6-4499-46ec-8f47-d90a1004568f,Webcam,Audio,1417,5caab0eb-80f0-452f-8918-3fc083b52712,2021-07-26 09:43:53,2,2834
7aa61754-a122-45b3-85a9-2be21575cc19,Rebecca Bernard,ybaker@example.net,2023-01-31 14:08:27,882a178e-88b4-4f1c-99f9-dd96d25512db,Headphones,Electronics,1485,a6bc036e-fd40-4560-8386-c9dcf6603984,2023-07-20 13:08:01,5,7425
944824ce-867b-4584-bf55-a1dbb5ef3045,Stephen Kelly,ashley29@example.com,2025-02-20 07:25:28,b26f901c-d4db-4bcf-9692-e2f1aab6b244,Graphics Card,Peripherals,564,bbe8c753-2671-4649-8f93-42359458fb26,2025-02-24 18:27:36,3,1692
be2e9801-6780-4602-bfd6-148538c413fd,Christopher Adams,jacobmiller@example.org,2022-06-24 11:59:40,94539252-6753-4597-be17-836ded748c8e,Mouse,Peripherals,1817,f4a984d8-1f89-4be3-a3c8-fdf18d978e96,2023-05-26 01:07:38,1,1817
f941ad97-f3a6-4403-b238-ba117f2290e3,Rachel Ball,ashleyallen@example.org,2020-05-02 07:50:53,62bd0c7e-d362-40a0-b04d-23fb06101e35,Charger,Wearables,298,a98feed6-1b4b-45c9-b289-824a5de55379,2024-09-18 16:20:38,5,1490
3cafe634-1d23-47df-a6a4-c379e8b0f9f4,Amanda Scott,trevor99@example.org,2023-01-28 02:07:26,f56be9a5-acfd-47a3-9292-d1086c2811b3,Motherboard,Photography,1026,966ee238-af8a-4923-9276-a5bf640c48eb,2024-07-17 15:22:10,2,2052
f7848f5b-ac54-49c5-a2a9-abf85520a54d,Juan Duncan,jonesjames@example.org,2023-11-27 23:18:12,ecbec132-c432-4f96-a0f9-6687feef4ca7,Bluetooth Speaker,Peripherals,1172,0cace659-b13e-420c-afb3-32574655467c,2024-12-17 22:35:09,2,2344
29ef7a1e-9645-47a7-bca2-7e6ed29622b1,Patricia Rogers,kevinrivers@example.net,2021-02-18 15:17:15,f987ac6e-893f-474b-be2f-1a4f8244f6a8,Bluetooth Speaker,Audio,1633,163fa5be-4b19-4410-8e87-504dce0e7169,2022-08-06 16:07:40,1,1633
40ee3771-ca27-4e3b-bfcd-a5afc04367f7,Colleen Jenkins,morrisoneileen@example.net,2020-10-21 01:42:02,4733e315-60ff-4922-8e51-601547b8b1cd,Motherboard,Accessories,1576,fdb9efce-1dc9-4f79-8058-3711742f7357,2023-07-15 00:23:12,5,7880
93387c8b-4ad8-49ef-b213-6edcda3a5c6b,Matthew Mcdonald,fpena@example.net,2023-10-10 10:40:22,103b63b7-1b0a-4c7b-bc2d-81eaba1d66c8,Computer Case,Electronics,1306,e3cd3b49-eb38-4faf-89ac-daac142a7b53,2024-02-21 07:11:38,4,5224
88b326fe-1adb-4e8c-85ca-94000252a6a2,Emily Carpenter,jesse29@example.com,2020-07-10 16:51:57,f3fa0f47-fc9b-44c8-aef3-7bdb206f8367,Network Switch,Electronics,1865,54028b3e-8ec1-4e7a-8d13-88b28357c3db,2020-10-28 02:43:14,4,7460
9707337d-0f82-466a-aba3-23cf90a8eb2b,Dr. Antonio Brooks,carlsonfrederick@example.org,2023-08-03 05:27:05,addd8ed1-37c1-4dd5-aa2b-d41f279191bc,Webcam,Networking,223,c481df28-98f8-44aa-91f9-8fd1199e0780,2024-09-09 05:05:05,1,223
c7015339-5351-47fc-a749-e8471f7726be,Kimberly Jones,mgreen@example.net,2022-12-04 10:09:03,96264a1e-c808-451d-ba55-92ee1a2e182e,VR Headset,Photography,1423,42c35814-e5ce-413a-9833-c08743115102,2023-03-11 03:10:01,5,7115
54b5ae78-7f51-47fa-9286-30599305ea44,Kristy Jordan,udowns@example.org,2021-05-30 01:31:41,1557fd61-f90c-42a9-bf18-abe61d469149,Fitness Tracker,Computers,1029,246285bf-dd56-4b72-91f8-9f7448a80832,2023-08-15 02:04:15,3,3087
bae4cf68-d3e3-4727-ac65-132e37fc2c26,Thomas Miller,hcombs@example.com,2020-12-10 02:49:39,d4746b7c-b05a-4343-a0a1-b397cf9e261c,Graphics Card,Networking,133,6febef19-e27e-4d82-8cb1-627935d8eca3,2024-09-09 21:22:03,2,266
faff7e5b-eb63-4aee-9a5f-c860477f4561,Aaron Jones,simmonskaren@example.net,2024-04-19 21:14:15,e421c72a-fd13-4a95-944e-fcc6f7972105,Bluetooth Speaker,Gaming,1746,39cc4ea1-ef67-4c29-9cef-658913f04003,2024-05-11 16:13:01,4,6984
3e18e70c-4e15-4871-b8d5-1f52b2451e3f,Bailey Ewing,imedina@example.org,2024-11-04 11:46:06,d7798088-5e37-4d9b-a175-3cb4a1282573,Mouse,Gaming,330,cfb609d1-2c8e-4d8d-9b72-c2be0474719f,2025-02-22 09:36:41,3,990
98e3efbb-0fd0-4937-80ee-fe5a40097412,Daniel Oliver,joshua19@example.org,2022-02-28 12:58:31,79e8fb29-3a13-4953-9978-1a52bfaaaeda,Network Switch,Audio,852,8175426c-fde0-4d0a-b366-99fe59c10527,2023-03-27 09:40:40,1,852
ff555d93-9f2e-4cd7-b694-a76226af9d17,Tracy Jones,robinlane@example.org,2023-05-27 10:21:11,30ac098a-1675-41cb-a3f1-a7007d8d1a34,Motherboard,Electronics,1569,af6b1603-394d-48b1-a0db-eee1a7d18983,2024-06-23 09:38:46,2,3138
e510852d-4cc4-4463-b6db-d198ff1ec6f6,Cheryl Parker,andersondavid@example.org,2023-02-19 00:41:03,c9cb7f85-7d12-438f-9765-7630f6a5eb6d,Gaming Console,Accessories,880,21f47939-1ae6-4ae6-abf1-536a12d89c7f,2024-03-13 05:02:43,2,1760
8ed529bf-e57e-4e17-8def-596c3e3bb586,William Jefferson,stephaniehall@example.org,2022-04-06 03:47:21,d3bfe82f-6fc7-4f18-b685-917fef486ae8,Smartwatch,PC Components,447,8df9b9bd-d297-4350-9f20-cdaf97496e8c,2024-08-19 16:33:20,2,894
c1ec4876-9b1b-4932-bb8e-fa3a78c10bb7,Kimberly Rhodes,leachjoshua@example.org,2022-07-28 10:30:00,8bccce50-471f-44d4-bc4a-186b9d8b4689,Power Supply,Accessories,1079,3bf03cb2-4f9b-4ebe-bb31-f947d94c955c,2024-02-16 22:41:42,4,4316
3ae3cfb9-0d99-4ce3-87dd-faee0fb7aaea,Ryan Savage,ryan11@example.net,2020-11-18 12:12:00,80d717de-5988-4eae-b217-04bce69cf050,Drone,Gaming,1168,ab152bd2-3401-48ac-91af-51679ac3a8ee,2021-03-09 02:02:37,3,3504
488e1274-f599-421a-9090-56402b7f26bb,John Mejia,clarkthomas@example.org,2022-01-25 07:22:57,4a90e78e-2d10-46ed-be97-7de272b5b9be,Graphics Card,Networking,845,aa877cf4-7f22-4720-b34b-51e8a0ab6658,2022-07-14 05:37:14,1,845
92a00c15-73fe-456a-be43-6ecf2b121a1b,Angela Thomas,lwilliams@example.net,2023-02-22 12:23:55,96e57631-4bd6-44ec-8233-820484d08e15,Graphics Card,Accessories,316,7289c8ae-e4e8-469a-96dc-d23bfe362624,2024-07-25 05:46:37,5,1580
aec5411a-7ecf-4e9c-a675-7c7bbb7cdc91,Miss Sarah Kim MD,rweiss@example.net,2024-05-02 15:45:05,9f5060dd-3c2c-48d7-816c-17cb42998cfe,Smartphone,Audio,792,5cdffc62-6d95-440b-b9ed-177ebbf7bb9d,2024-07-25 23:51:15,5,3960
356a5a01-c863-4c56-a337-774a67b4bf54,Sharon Martin,zlowery@example.net,2023-06-10 18:04:16,a13c7d86-7d44-41d8-97b3-329c9de96ede,Webcam,Peripherals,664,c472ee97-50e4-4235-a7b5-c76dd299f96b,2025-01-19 16:08:13,5,3320
659d9b84-7c10-40ee-9ba3-4bed8b486e80,Kimberly Campbell,cporter@example.net,2023-05-27 12:22:08,8c951b63-2fbb-4a12-874b-0af6b9cf3521,Power Supply,Computers,811,a78fea0e-3114-4ab5-b093-b1d02be3df0a,2023-12-29 16:42:09,3,2433
